<?xml version="1.0" encoding="UTF-8"?>
<nowcast-data>
  <radar-stations>ASB,BOO,ROS,HNR,UMD,PRO,ESS,FLD,DRS,NEU,NHB,OFT,EIS,TUR,ISN,FBG,MEM</radar-stations>
  <event ID="59">
    <time time-coordinate="UTC">2021-07-08T12:55:00</time>
    <location>
      <area>
        <ellipse>
          <moving-point>
            <latitude>49.529667</latitude>
            <longitude>12.856589</longitude>
            <polar_motion>
              <speed units="km/h">0.0</speed>
            </polar_motion>
          </moving-point>
          <major_axis units="km">8.73</major_axis>
          <minor_axis units="km">8.73</minor_axis>
          <orientation units="degrees true">0</orientation>
        </ellipse>
      </area>
    </location>
    <nowcast-parameters>
      <mesocyclone_shear_mean units="m/s/km">4.325318</mesocyclone_shear_mean>
      <mesocyclone_shear_max units="m/s/km">8.379623</mesocyclone_shear_max>
      <mesocyclone_momentum_mean units="m/s/km">112.206105</mesocyclone_momentum_mean>
      <mesocyclone_momentum_max units="m/s/km">222.392827</mesocyclone_momentum_max>
      <mesocyclone_diameter units="km">8.733763</mesocyclone_diameter>
      <mesocyclone_diameter_equivalent units="km">4.497297</mesocyclone_diameter_equivalent>
      <mesocyclone_top units="km">10.087246</mesocyclone_top>
      <mesocyclone_base units="km">4.647323</mesocyclone_base>
      <mesocyclone_echotop units="km">9.379277</mesocyclone_echotop>
      <mesocyclone_vil units="kg/m*m">17.291262</mesocyclone_vil>
      <mesocyclone_shear_vectors>13</mesocyclone_shear_vectors>
      <mesocyclone_shear_features>2</mesocyclone_shear_features>
      <elevations>
        <elevation site="isn" units="&#176;">1.5,2.5</elevation>
      </elevations>
      <mean_dbz units="DBZ">39.52</mean_dbz>
      <max_dbz units="DBZ">54.03</max_dbz>
      <mesocyclone_velocity_max units="m/s">27.419430</mesocyclone_velocity_max>
      <mesocyclone_velocity_rotational_max units="m/s">15.541887</mesocyclone_velocity_rotational_max>
      <mesocyclone_velocity_rotational_mean units="m/s">9.653660</mesocyclone_velocity_rotational_mean>
      <mesocyclone_velocity_rotational_max_closest_to_ground units="m/s">9.097691</mesocyclone_velocity_rotational_max_closest_to_ground>
      <meso_intensity>2</meso_intensity>
    </nowcast-parameters>
  </event>
  <event ID="35">
    <time time-coordinate="UTC">2021-07-08T12:55:00</time>
    <location>
      <area>
        <ellipse>
          <moving-point>
            <latitude>49.312001</latitude>
            <longitude>12.904211</longitude>
            <polar_motion>
              <speed units="km/h">0.0</speed>
            </polar_motion>
          </moving-point>
          <major_axis units="km">6.01</major_axis>
          <minor_axis units="km">6.01</minor_axis>
          <orientation units="degrees true">0</orientation>
        </ellipse>
      </area>
    </location>
    <nowcast-parameters>
      <mesocyclone_shear_mean units="m/s/km">5.784257</mesocyclone_shear_mean>
      <mesocyclone_shear_max units="m/s/km">15.310660</mesocyclone_shear_max>
      <mesocyclone_momentum_mean units="m/s/km">72.568006</mesocyclone_momentum_mean>
      <mesocyclone_momentum_max units="m/s/km">319.431448</mesocyclone_momentum_max>
      <mesocyclone_diameter units="km">6.012476</mesocyclone_diameter>
      <mesocyclone_diameter_equivalent units="km">3.389181</mesocyclone_diameter_equivalent>
      <mesocyclone_top units="km">6.301486</mesocyclone_top>
      <mesocyclone_base units="km">1.377124</mesocyclone_base>
      <mesocyclone_echotop units="km">9.600806</mesocyclone_echotop>
      <mesocyclone_vil units="kg/m*m">31.969924</mesocyclone_vil>
      <mesocyclone_shear_vectors>11</mesocyclone_shear_vectors>
      <mesocyclone_shear_features>5</mesocyclone_shear_features>
      <elevations>
        <elevation site="eis" units="&#176;">2.5,3.5,4.5</elevation>
        <elevation site="isn" units="&#176;">0.5,1.5</elevation>
      </elevations>
      <mean_dbz units="DBZ">45.49</mean_dbz>
      <max_dbz units="DBZ">61.18</max_dbz>
      <mesocyclone_velocity_max units="m/s">31.883247</mesocyclone_velocity_max>
      <mesocyclone_velocity_rotational_max units="m/s">21.733370</mesocyclone_velocity_rotational_max>
      <mesocyclone_velocity_rotational_mean units="m/s">9.412959</mesocyclone_velocity_rotational_mean>
      <mesocyclone_velocity_rotational_max_closest_to_ground units="m/s">16.173672</mesocyclone_velocity_rotational_max_closest_to_ground>
      <meso_intensity>2</meso_intensity>
    </nowcast-parameters>
  </event>
  <event ID="68">
    <time time-coordinate="UTC">2021-07-08T12:55:00</time>
    <location>
      <area>
        <ellipse>
          <moving-point>
            <latitude>48.583471</latitude>
            <longitude>11.773978</longitude>
            <polar_motion>
              <speed units="km/h">0.0</speed>
            </polar_motion>
          </moving-point>
          <major_axis units="km">10.50</major_axis>
          <minor_axis units="km">10.50</minor_axis>
          <orientation units="degrees true">0</orientation>
        </ellipse>
      </area>
    </location>
    <nowcast-parameters>
      <mesocyclone_shear_mean units="m/s/km">3.147810</mesocyclone_shear_mean>
      <mesocyclone_shear_max units="m/s/km">6.467098</mesocyclone_shear_max>
      <mesocyclone_momentum_mean units="m/s/km">113.843430</mesocyclone_momentum_mean>
      <mesocyclone_momentum_max units="m/s/km">404.970661</mesocyclone_momentum_max>
      <mesocyclone_diameter units="km">10.500000</mesocyclone_diameter>
      <mesocyclone_diameter_equivalent units="km">7.261018</mesocyclone_diameter_equivalent>
      <mesocyclone_top units="km">4.618733</mesocyclone_top>
      <mesocyclone_base units="km">3.229831</mesocyclone_base>
      <mesocyclone_echotop units="km">5.986082</mesocyclone_echotop>
      <mesocyclone_vil units="kg/m*m">6.188552</mesocyclone_vil>
      <mesocyclone_shear_vectors>23</mesocyclone_shear_vectors>
      <mesocyclone_shear_features>2</mesocyclone_shear_features>
      <elevations>
        <elevation site="isn" units="&#176;">3.5,4.5</elevation>
      </elevations>
      <mean_dbz units="DBZ">32.94</mean_dbz>
      <max_dbz units="DBZ">50.66</max_dbz>
      <mesocyclone_velocity_max units="m/s">24.134151</mesocyclone_velocity_max>
      <mesocyclone_velocity_rotational_max units="m/s">12.382967</mesocyclone_velocity_rotational_max>
      <mesocyclone_velocity_rotational_mean units="m/s">8.361848</mesocyclone_velocity_rotational_mean>
      <mesocyclone_velocity_rotational_max_closest_to_ground units="m/s">9.729475</mesocyclone_velocity_rotational_max_closest_to_ground>
      <meso_intensity>1</meso_intensity>
    </nowcast-parameters>
  </event>
  <event ID="44">
    <time time-coordinate="UTC">2021-07-08T12:55:00</time>
    <location>
      <area>
        <ellipse>
          <moving-point>
            <latitude>48.017375</latitude>
            <longitude>11.970585</longitude>
            <polar_motion>
              <speed units="km/h">0.0</speed>
            </polar_motion>
          </moving-point>
          <major_axis units="km">9.02</major_axis>
          <minor_axis units="km">9.02</minor_axis>
          <orientation units="degrees true">0</orientation>
        </ellipse>
      </area>
    </location>
    <nowcast-parameters>
      <mesocyclone_shear_mean units="m/s/km">3.843120</mesocyclone_shear_mean>
      <mesocyclone_shear_max units="m/s/km">9.093360</mesocyclone_shear_max>
      <mesocyclone_momentum_mean units="m/s/km">102.156947</mesocyclone_momentum_mean>
      <mesocyclone_momentum_max units="m/s/km">522.422413</mesocyclone_momentum_max>
      <mesocyclone_diameter units="km">9.023441</mesocyclone_diameter>
      <mesocyclone_diameter_equivalent units="km">6.728017</mesocyclone_diameter_equivalent>
      <mesocyclone_top units="km">5.286080</mesocyclone_top>
      <mesocyclone_base units="km">2.020760</mesocyclone_base>
      <mesocyclone_echotop units="km">6.983935</mesocyclone_echotop>
      <mesocyclone_vil units="kg/m*m">12.736440</mesocyclone_vil>
      <mesocyclone_shear_vectors>27</mesocyclone_shear_vectors>
      <mesocyclone_shear_features>2</mesocyclone_shear_features>
      <elevations>
        <elevation site="tur" units="&#176;">0.5</elevation>
        <elevation site="isn" units="&#176;">17.0</elevation>
      </elevations>
      <mean_dbz units="DBZ">32.52</mean_dbz>
      <max_dbz units="DBZ">55.71</max_dbz>
      <mesocyclone_velocity_max units="m/s">32.101479</mesocyclone_velocity_max>
      <mesocyclone_velocity_rotational_max units="m/s">17.388163</mesocyclone_velocity_rotational_max>
      <mesocyclone_velocity_rotational_mean units="m/s">8.437978</mesocyclone_velocity_rotational_mean>
      <mesocyclone_velocity_rotational_max_closest_to_ground units="m/s">17.388163</mesocyclone_velocity_rotational_max_closest_to_ground>
      <meso_intensity>3</meso_intensity>
    </nowcast-parameters>
  </event>
  <event ID="67">
    <time time-coordinate="UTC">2021-07-08T12:55:00</time>
    <location>
      <area>
        <ellipse>
          <moving-point>
            <latitude>47.667164</latitude>
            <longitude>11.988530</longitude>
            <polar_motion>
              <speed units="km/h">0.0</speed>
            </polar_motion>
          </moving-point>
          <major_axis units="km">21.00</major_axis>
          <minor_axis units="km">21.00</minor_axis>
          <orientation units="degrees true">0</orientation>
        </ellipse>
      </area>
    </location>
    <nowcast-parameters>
      <mesocyclone_shear_mean units="m/s/km">3.666471</mesocyclone_shear_mean>
      <mesocyclone_shear_max units="m/s/km">9.369586</mesocyclone_shear_max>
      <mesocyclone_momentum_mean units="m/s/km">130.305036</mesocyclone_momentum_mean>
      <mesocyclone_momentum_max units="m/s/km">427.106338</mesocyclone_momentum_max>
      <mesocyclone_diameter units="km">21.000000</mesocyclone_diameter>
      <mesocyclone_diameter_equivalent units="km">10.015586</mesocyclone_diameter_equivalent>
      <mesocyclone_top units="km">8.129372</mesocyclone_top>
      <mesocyclone_base units="km">0.702809</mesocyclone_base>
      <mesocyclone_echotop units="km">8.795352</mesocyclone_echotop>
      <mesocyclone_vil units="kg/m*m">35.273225</mesocyclone_vil>
      <mesocyclone_shear_vectors>41</mesocyclone_shear_vectors>
      <mesocyclone_shear_features>3</mesocyclone_shear_features>
      <elevations>
        <elevation site="isn" units="&#176;">4.5,8.0</elevation>
        <elevation site="mem" units="&#176;">0.5</elevation>
      </elevations>
      <mean_dbz units="DBZ">43.22</mean_dbz>
      <max_dbz units="DBZ">63.20</max_dbz>
      <mesocyclone_velocity_max units="m/s">31.968271</mesocyclone_velocity_max>
      <mesocyclone_velocity_rotational_max units="m/s">17.437239</mesocyclone_velocity_rotational_max>
      <mesocyclone_velocity_rotational_mean units="m/s">9.545419</mesocyclone_velocity_rotational_mean>
      <mesocyclone_velocity_rotational_max_closest_to_ground units="m/s">15.275597</mesocyclone_velocity_rotational_max_closest_to_ground>
      <meso_intensity>3</meso_intensity>
    </nowcast-parameters>
  </event>
  <event ID="47">
    <time time-coordinate="UTC">2021-07-08T12:55:00</time>
    <location>
      <area>
        <ellipse>
          <moving-point>
            <latitude>47.588945</latitude>
            <longitude>11.104339</longitude>
            <polar_motion>
              <speed units="km/h">0.0</speed>
            </polar_motion>
          </moving-point>
          <major_axis units="km">12.25</major_axis>
          <minor_axis units="km">12.25</minor_axis>
          <orientation units="degrees true">0</orientation>
        </ellipse>
      </area>
    </location>
    <nowcast-parameters>
      <mesocyclone_shear_mean units="m/s/km">5.014343</mesocyclone_shear_mean>
      <mesocyclone_shear_max units="m/s/km">17.460148</mesocyclone_shear_max>
      <mesocyclone_momentum_mean units="m/s/km">94.750752</mesocyclone_momentum_mean>
      <mesocyclone_momentum_max units="m/s/km">313.742837</mesocyclone_momentum_max>
      <mesocyclone_diameter units="km">12.250000</mesocyclone_diameter>
      <mesocyclone_diameter_equivalent units="km">5.797875</mesocyclone_diameter_equivalent>
      <mesocyclone_top units="km">9.032401</mesocyclone_top>
      <mesocyclone_base units="km">2.795917</mesocyclone_base>
      <mesocyclone_echotop units="km">8.181250</mesocyclone_echotop>
      <mesocyclone_vil units="kg/m*m">15.563225</mesocyclone_vil>
      <mesocyclone_shear_vectors>21</mesocyclone_shear_vectors>
      <mesocyclone_shear_features>4</mesocyclone_shear_features>
      <elevations>
        <elevation site="tur" units="&#176;">2.5</elevation>
        <elevation site="isn" units="&#176;">4.5</elevation>
        <elevation site="mem" units="&#176;">2.5,3.5</elevation>
      </elevations>
      <mean_dbz units="DBZ">42.76</mean_dbz>
      <max_dbz units="DBZ">58.26</max_dbz>
      <mesocyclone_velocity_max units="m/s">31.968271</mesocyclone_velocity_max>
      <mesocyclone_velocity_rotational_max units="m/s">23.607738</mesocyclone_velocity_rotational_max>
      <mesocyclone_velocity_rotational_mean units="m/s">9.368446</mesocyclone_velocity_rotational_mean>
      <mesocyclone_velocity_rotational_max_closest_to_ground units="m/s">23.607738</mesocyclone_velocity_rotational_max_closest_to_ground>
      <meso_intensity>4</meso_intensity>
    </nowcast-parameters>
  </event>
  <event ID="41">
    <time time-coordinate="UTC">2021-07-08T12:55:00</time>
    <location>
      <area>
        <ellipse>
          <moving-point>
            <latitude>47.486969</latitude>
            <longitude>11.255587</longitude>
            <polar_motion>
              <speed units="km/h">0.0</speed>
            </polar_motion>
          </moving-point>
          <major_axis units="km">9.41</major_axis>
          <minor_axis units="km">9.41</minor_axis>
          <orientation units="degrees true">0</orientation>
        </ellipse>
      </area>
    </location>
    <nowcast-parameters>
      <mesocyclone_shear_mean units="m/s/km">4.898811</mesocyclone_shear_mean>
      <mesocyclone_shear_max units="m/s/km">15.824065</mesocyclone_shear_max>
      <mesocyclone_momentum_mean units="m/s/km">128.810166</mesocyclone_momentum_mean>
      <mesocyclone_momentum_max units="m/s/km">628.713039</mesocyclone_momentum_max>
      <mesocyclone_diameter units="km">9.413567</mesocyclone_diameter>
      <mesocyclone_diameter_equivalent units="km">5.389765</mesocyclone_diameter_equivalent>
      <mesocyclone_top units="km">7.389401</mesocyclone_top>
      <mesocyclone_base units="km">1.477376</mesocyclone_base>
      <mesocyclone_echotop units="km">8.736610</mesocyclone_echotop>
      <mesocyclone_vil units="kg/m*m">46.517945</mesocyclone_vil>
      <mesocyclone_shear_vectors>21</mesocyclone_shear_vectors>
      <mesocyclone_shear_features>4</mesocyclone_shear_features>
      <elevations>
        <elevation site="tur" units="&#176;">0.5,1.5</elevation>
        <elevation site="isn" units="&#176;">3.5</elevation>
        <elevation site="mem" units="&#176;">2.5</elevation>
      </elevations>
      <mean_dbz units="DBZ">47.49</mean_dbz>
      <max_dbz units="DBZ">61.66</max_dbz>
      <mesocyclone_velocity_max units="m/s">29.693851</mesocyclone_velocity_max>
      <mesocyclone_velocity_rotational_max units="m/s">29.318727</mesocyclone_velocity_rotational_max>
      <mesocyclone_velocity_rotational_mean units="m/s">10.735204</mesocyclone_velocity_rotational_mean>
      <mesocyclone_velocity_rotational_max_closest_to_ground units="m/s">29.318727</mesocyclone_velocity_rotational_max_closest_to_ground>
      <meso_intensity>3</meso_intensity>
    </nowcast-parameters>
  </event>
</nowcast-data>
