<?xml version="1.0" encoding="UTF-8"?>
<nowcast-data>
  <radar-stations>ASB,BOO,ROS,HNR,UMD,PRO,ESS,FLD,DRS,NEU,NHB,OFT,EIS,TUR,ISN,FBG,MEM</radar-stations>
  <event ID="13">
    <time time-coordinate="UTC">2021-07-08T15:10:00</time>
    <location>
      <area>
        <ellipse>
          <moving-point>
            <latitude>51.266099</latitude>
            <longitude>9.483555</longitude>
            <polar_motion>
              <speed units="km/h">0.0</speed>
            </polar_motion>
          </moving-point>
          <major_axis units="km">7.83</major_axis>
          <minor_axis units="km">7.83</minor_axis>
          <orientation units="degrees true">0</orientation>
        </ellipse>
      </area>
    </location>
    <nowcast-parameters>
      <mesocyclone_shear_mean units="m/s/km">5.750091</mesocyclone_shear_mean>
      <mesocyclone_shear_max units="m/s/km">9.909954</mesocyclone_shear_max>
      <mesocyclone_momentum_mean units="m/s/km">103.796554</mesocyclone_momentum_mean>
      <mesocyclone_momentum_max units="m/s/km">546.956151</mesocyclone_momentum_max>
      <mesocyclone_diameter units="km">7.830019</mesocyclone_diameter>
      <mesocyclone_diameter_equivalent units="km">5.734614</mesocyclone_diameter_equivalent>
      <mesocyclone_top units="km">9.378083</mesocyclone_top>
      <mesocyclone_base units="km">4.287339</mesocyclone_base>
      <mesocyclone_echotop units="km">8.251699</mesocyclone_echotop>
      <mesocyclone_vil units="kg/m*m">5.374671</mesocyclone_vil>
      <mesocyclone_shear_vectors>24</mesocyclone_shear_vectors>
      <mesocyclone_shear_features>3</mesocyclone_shear_features>
      <elevations>
        <elevation site="hnr" units="&#176;">2.5</elevation>
        <elevation site="umd" units="&#176;">2.5</elevation>
        <elevation site="oft" units="&#176;">1.5</elevation>
      </elevations>
      <mean_dbz units="DBZ">30.34</mean_dbz>
      <max_dbz units="DBZ">49.76</max_dbz>
      <mesocyclone_velocity_max units="m/s">31.883251</mesocyclone_velocity_max>
      <mesocyclone_velocity_rotational_max units="m/s">19.155155</mesocyclone_velocity_rotational_max>
      <mesocyclone_velocity_rotational_mean units="m/s">10.582742</mesocyclone_velocity_rotational_mean>
      <mesocyclone_velocity_rotational_max_closest_to_ground units="m/s">14.996468</mesocyclone_velocity_rotational_max_closest_to_ground>
      <meso_intensity>3</meso_intensity>
    </nowcast-parameters>
  </event>
  <event ID="12">
    <time time-coordinate="UTC">2021-07-08T15:10:00</time>
    <location>
      <area>
        <ellipse>
          <moving-point>
            <latitude>50.942416</latitude>
            <longitude>9.374861</longitude>
            <polar_motion>
              <speed units="km/h">0.0</speed>
            </polar_motion>
          </moving-point>
          <major_axis units="km">4.75</major_axis>
          <minor_axis units="km">4.75</minor_axis>
          <orientation units="degrees true">0</orientation>
        </ellipse>
      </area>
    </location>
    <nowcast-parameters>
      <mesocyclone_shear_mean units="m/s/km">4.841833</mesocyclone_shear_mean>
      <mesocyclone_shear_max units="m/s/km">8.094188</mesocyclone_shear_max>
      <mesocyclone_momentum_mean units="m/s/km">45.086061</mesocyclone_momentum_mean>
      <mesocyclone_momentum_max units="m/s/km">67.848294</mesocyclone_momentum_max>
      <mesocyclone_diameter units="km">4.750000</mesocyclone_diameter>
      <mesocyclone_diameter_equivalent units="km">3.410938</mesocyclone_diameter_equivalent>
      <mesocyclone_top units="km">7.412514</mesocyclone_top>
      <mesocyclone_base units="km">4.448182</mesocyclone_base>
      <mesocyclone_echotop units="km">7.676865</mesocyclone_echotop>
      <mesocyclone_vil units="kg/m*m">13.462644</mesocyclone_vil>
      <mesocyclone_shear_vectors>11</mesocyclone_shear_vectors>
      <mesocyclone_shear_features>2</mesocyclone_shear_features>
      <elevations>
        <elevation site="hnr" units="&#176;">1.5</elevation>
        <elevation site="oft" units="&#176;">2.5</elevation>
      </elevations>
      <mean_dbz units="DBZ">37.19</mean_dbz>
      <max_dbz units="DBZ">56.29</max_dbz>
      <mesocyclone_velocity_max units="m/s">21.549549</mesocyclone_velocity_max>
      <mesocyclone_velocity_rotational_max units="m/s">8.317369</mesocyclone_velocity_rotational_max>
      <mesocyclone_velocity_rotational_mean units="m/s">7.099169</mesocyclone_velocity_rotational_mean>
      <mesocyclone_velocity_rotational_max_closest_to_ground units="m/s">7.939306</mesocyclone_velocity_rotational_max_closest_to_ground>
      <meso_intensity>2</meso_intensity>
    </nowcast-parameters>
  </event>
  <event ID="31">
    <time time-coordinate="UTC">2021-07-08T15:10:00</time>
    <location>
      <area>
        <ellipse>
          <moving-point>
            <latitude>49.563711</latitude>
            <longitude>13.168249</longitude>
            <polar_motion>
              <speed units="km/h">0.0</speed>
            </polar_motion>
          </moving-point>
          <major_axis units="km">11.08</major_axis>
          <minor_axis units="km">11.08</minor_axis>
          <orientation units="degrees true">0</orientation>
        </ellipse>
      </area>
    </location>
    <nowcast-parameters>
      <mesocyclone_shear_mean units="m/s/km">4.905610</mesocyclone_shear_mean>
      <mesocyclone_shear_max units="m/s/km">10.450506</mesocyclone_shear_max>
      <mesocyclone_momentum_mean units="m/s/km">103.878960</mesocyclone_momentum_mean>
      <mesocyclone_momentum_max units="m/s/km">794.556533</mesocyclone_momentum_max>
      <mesocyclone_diameter units="km">11.082831</mesocyclone_diameter>
      <mesocyclone_diameter_equivalent units="km">5.648692</mesocyclone_diameter_equivalent>
      <mesocyclone_top units="km">10.326434</mesocyclone_top>
      <mesocyclone_base units="km">2.000563</mesocyclone_base>
      <mesocyclone_echotop units="km">9.428865</mesocyclone_echotop>
      <mesocyclone_vil units="kg/m*m">9.657818</mesocyclone_vil>
      <mesocyclone_shear_vectors>22</mesocyclone_shear_vectors>
      <mesocyclone_shear_features>5</mesocyclone_shear_features>
      <elevations>
        <elevation site="drs" units="&#176;">1.5</elevation>
        <elevation site="neu" units="&#176;">0.5,1.5</elevation>
        <elevation site="isn" units="&#176;">0.5,2.5</elevation>
      </elevations>
      <mean_dbz units="DBZ">38.32</mean_dbz>
      <max_dbz units="DBZ">54.63</max_dbz>
      <mesocyclone_velocity_max units="m/s">31.715559</mesocyclone_velocity_max>
      <mesocyclone_velocity_rotational_max units="m/s">36.769831</mesocyclone_velocity_rotational_max>
      <mesocyclone_velocity_rotational_mean units="m/s">9.743752</mesocyclone_velocity_rotational_mean>
      <mesocyclone_velocity_rotational_max_closest_to_ground units="m/s">13.393822</mesocyclone_velocity_rotational_max_closest_to_ground>
      <meso_intensity>5</meso_intensity>
    </nowcast-parameters>
  </event>
  <event ID="42">
    <time time-coordinate="UTC">2021-07-08T15:10:00</time>
    <location>
      <area>
        <ellipse>
          <moving-point>
            <latitude>48.702401</latitude>
            <longitude>13.481711</longitude>
            <polar_motion>
              <speed units="km/h">0.0</speed>
            </polar_motion>
          </moving-point>
          <major_axis units="km">15.75</major_axis>
          <minor_axis units="km">15.75</minor_axis>
          <orientation units="degrees true">0</orientation>
        </ellipse>
      </area>
    </location>
    <nowcast-parameters>
      <mesocyclone_shear_mean units="m/s/km">3.345842</mesocyclone_shear_mean>
      <mesocyclone_shear_max units="m/s/km">14.230953</mesocyclone_shear_max>
      <mesocyclone_momentum_mean units="m/s/km">142.982974</mesocyclone_momentum_mean>
      <mesocyclone_momentum_max units="m/s/km">410.703599</mesocyclone_momentum_max>
      <mesocyclone_diameter units="km">15.750000</mesocyclone_diameter>
      <mesocyclone_diameter_equivalent units="km">8.050492</mesocyclone_diameter_equivalent>
      <mesocyclone_top units="km">6.984064</mesocyclone_top>
      <mesocyclone_base units="km">3.137686</mesocyclone_base>
      <mesocyclone_echotop units="km">8.384502</mesocyclone_echotop>
      <mesocyclone_vil units="kg/m*m">36.971198</mesocyclone_vil>
      <mesocyclone_shear_vectors>26</mesocyclone_shear_vectors>
      <mesocyclone_shear_features>3</mesocyclone_shear_features>
      <elevations>
        <elevation site="eis" units="&#176;">1.5</elevation>
        <elevation site="isn" units="&#176;">1.5,2.5</elevation>
      </elevations>
      <mean_dbz units="DBZ">45.83</mean_dbz>
      <max_dbz units="DBZ">64.04</max_dbz>
      <mesocyclone_velocity_max units="m/s">29.946564</mesocyclone_velocity_max>
      <mesocyclone_velocity_rotational_max units="m/s">16.130655</mesocyclone_velocity_rotational_max>
      <mesocyclone_velocity_rotational_mean units="m/s">9.481494</mesocyclone_velocity_rotational_mean>
      <mesocyclone_velocity_rotational_max_closest_to_ground units="m/s">16.047314</mesocyclone_velocity_rotational_max_closest_to_ground>
      <meso_intensity>3</meso_intensity>
    </nowcast-parameters>
  </event>
  <event ID="91">
    <time time-coordinate="UTC">2021-07-08T15:10:00</time>
    <location>
      <area>
        <ellipse>
          <moving-point>
            <latitude>47.754535</latitude>
            <longitude>11.626605</longitude>
            <polar_motion>
              <speed units="km/h">0.0</speed>
            </polar_motion>
          </moving-point>
          <major_axis units="km">19.00</major_axis>
          <minor_axis units="km">19.00</minor_axis>
          <orientation units="degrees true">0</orientation>
        </ellipse>
      </area>
    </location>
    <nowcast-parameters>
      <mesocyclone_shear_mean units="m/s/km">3.421754</mesocyclone_shear_mean>
      <mesocyclone_shear_max units="m/s/km">8.803900</mesocyclone_shear_max>
      <mesocyclone_momentum_mean units="m/s/km">124.069165</mesocyclone_momentum_mean>
      <mesocyclone_momentum_max units="m/s/km">845.177229</mesocyclone_momentum_max>
      <mesocyclone_diameter units="km">19.000000</mesocyclone_diameter>
      <mesocyclone_diameter_equivalent units="km">10.044281</mesocyclone_diameter_equivalent>
      <mesocyclone_top units="km">6.044158</mesocyclone_top>
      <mesocyclone_base units="km">3.639047</mesocyclone_base>
      <mesocyclone_echotop units="km">9.356031</mesocyclone_echotop>
      <mesocyclone_vil units="kg/m*m">7.366372</mesocyclone_vil>
      <mesocyclone_shear_vectors>48</mesocyclone_shear_vectors>
      <mesocyclone_shear_features>3</mesocyclone_shear_features>
      <elevations>
        <elevation site="isn" units="&#176;">3.5,4.5,5.5</elevation>
      </elevations>
      <mean_dbz units="DBZ">33.62</mean_dbz>
      <max_dbz units="DBZ">49.30</max_dbz>
      <mesocyclone_velocity_max units="m/s">31.968271</mesocyclone_velocity_max>
      <mesocyclone_velocity_rotational_max units="m/s">39.423323</mesocyclone_velocity_rotational_max>
      <mesocyclone_velocity_rotational_mean units="m/s">9.278025</mesocyclone_velocity_rotational_mean>
      <mesocyclone_velocity_rotational_max_closest_to_ground units="m/s">10.993042</mesocyclone_velocity_rotational_max_closest_to_ground>
      <meso_intensity>2</meso_intensity>
    </nowcast-parameters>
  </event>
  <event ID="51">
    <time time-coordinate="UTC">2021-07-08T15:10:00</time>
    <location>
      <area>
        <ellipse>
          <moving-point>
            <latitude>47.604761</latitude>
            <longitude>8.793351</longitude>
            <polar_motion>
              <speed units="km/h">0.0</speed>
            </polar_motion>
          </moving-point>
          <major_axis units="km">7.50</major_axis>
          <minor_axis units="km">7.50</minor_axis>
          <orientation units="degrees true">0</orientation>
        </ellipse>
      </area>
    </location>
    <nowcast-parameters>
      <mesocyclone_shear_mean units="m/s/km">5.734839</mesocyclone_shear_mean>
      <mesocyclone_shear_max units="m/s/km">13.313355</mesocyclone_shear_max>
      <mesocyclone_momentum_mean units="m/s/km">82.712493</mesocyclone_momentum_mean>
      <mesocyclone_momentum_max units="m/s/km">216.728090</mesocyclone_momentum_max>
      <mesocyclone_diameter units="km">7.500000</mesocyclone_diameter>
      <mesocyclone_diameter_equivalent units="km">4.511912</mesocyclone_diameter_equivalent>
      <mesocyclone_top units="km">7.797285</mesocyclone_top>
      <mesocyclone_base units="km">1.278648</mesocyclone_base>
      <mesocyclone_echotop units="km">6.932448</mesocyclone_echotop>
      <mesocyclone_vil units="kg/m*m">6.222437</mesocyclone_vil>
      <mesocyclone_shear_vectors>14</mesocyclone_shear_vectors>
      <mesocyclone_shear_features>3</mesocyclone_shear_features>
      <elevations>
        <elevation site="tur" units="&#176;">0.5,2.5</elevation>
        <elevation site="mem" units="&#176;">2.5</elevation>
      </elevations>
      <mean_dbz units="DBZ">32.45</mean_dbz>
      <max_dbz units="DBZ">50.80</max_dbz>
      <mesocyclone_velocity_max units="m/s">30.080254</mesocyclone_velocity_max>
      <mesocyclone_velocity_rotational_max units="m/s">15.230507</mesocyclone_velocity_rotational_max>
      <mesocyclone_velocity_rotational_mean units="m/s">9.646846</mesocyclone_velocity_rotational_mean>
      <mesocyclone_velocity_rotational_max_closest_to_ground units="m/s">15.230507</mesocyclone_velocity_rotational_max_closest_to_ground>
      <meso_intensity>2</meso_intensity>
    </nowcast-parameters>
  </event>
  <event ID="82">
    <time time-coordinate="UTC">2021-07-08T15:10:00</time>
    <location>
      <area>
        <ellipse>
          <moving-point>
            <latitude>47.582503</latitude>
            <longitude>11.701790</longitude>
            <polar_motion>
              <speed units="km/h">0.0</speed>
            </polar_motion>
          </moving-point>
          <major_axis units="km">9.98</major_axis>
          <minor_axis units="km">9.98</minor_axis>
          <orientation units="degrees true">0</orientation>
        </ellipse>
      </area>
    </location>
    <nowcast-parameters>
      <mesocyclone_shear_mean units="m/s/km">4.160757</mesocyclone_shear_mean>
      <mesocyclone_shear_max units="m/s/km">15.513294</mesocyclone_shear_max>
      <mesocyclone_momentum_mean units="m/s/km">175.449277</mesocyclone_momentum_mean>
      <mesocyclone_momentum_max units="m/s/km">797.930365</mesocyclone_momentum_max>
      <mesocyclone_diameter units="km">9.983225</mesocyclone_diameter>
      <mesocyclone_diameter_equivalent units="km">5.603656</mesocyclone_diameter_equivalent>
      <mesocyclone_top units="km">4.459340</mesocyclone_top>
      <mesocyclone_base units="km">2.103990</mesocyclone_base>
      <mesocyclone_echotop units="km">8.453749</mesocyclone_echotop>
      <mesocyclone_vil units="kg/m*m">10.082541</mesocyclone_vil>
      <mesocyclone_shear_vectors>15</mesocyclone_shear_vectors>
      <mesocyclone_shear_features>2</mesocyclone_shear_features>
      <elevations>
        <elevation site="isn" units="&#176;">2.5,3.5</elevation>
      </elevations>
      <mean_dbz units="DBZ">37.90</mean_dbz>
      <max_dbz units="DBZ">54.13</max_dbz>
      <mesocyclone_velocity_max units="m/s">29.693851</mesocyclone_velocity_max>
      <mesocyclone_velocity_rotational_max units="m/s">36.011690</mesocyclone_velocity_rotational_max>
      <mesocyclone_velocity_rotational_mean units="m/s">11.362393</mesocyclone_velocity_rotational_mean>
      <mesocyclone_velocity_rotational_max_closest_to_ground units="m/s">36.011690</mesocyclone_velocity_rotational_max_closest_to_ground>
      <meso_intensity>2</meso_intensity>
    </nowcast-parameters>
  </event>
  <event ID="83">
    <time time-coordinate="UTC">2021-07-08T15:10:00</time>
    <location>
      <area>
        <ellipse>
          <moving-point>
            <latitude>47.472975</latitude>
            <longitude>12.110377</longitude>
            <polar_motion>
              <speed units="km/h">0.0</speed>
            </polar_motion>
          </moving-point>
          <major_axis units="km">16.75</major_axis>
          <minor_axis units="km">16.75</minor_axis>
          <orientation units="degrees true">0</orientation>
        </ellipse>
      </area>
    </location>
    <nowcast-parameters>
      <mesocyclone_shear_mean units="m/s/km">3.332505</mesocyclone_shear_mean>
      <mesocyclone_shear_max units="m/s/km">13.319021</mesocyclone_shear_max>
      <mesocyclone_momentum_mean units="m/s/km">96.980231</mesocyclone_momentum_mean>
      <mesocyclone_momentum_max units="m/s/km">277.746666</mesocyclone_momentum_max>
      <mesocyclone_diameter units="km">16.750000</mesocyclone_diameter>
      <mesocyclone_diameter_equivalent units="km">8.058767</mesocyclone_diameter_equivalent>
      <mesocyclone_top units="km">6.609030</mesocyclone_top>
      <mesocyclone_base units="km">1.166986</mesocyclone_base>
      <mesocyclone_echotop units="km">7.546385</mesocyclone_echotop>
      <mesocyclone_vil units="kg/m*m">8.154499</mesocyclone_vil>
      <mesocyclone_shear_vectors>35</mesocyclone_shear_vectors>
      <mesocyclone_shear_features>3</mesocyclone_shear_features>
      <elevations>
        <elevation site="isn" units="&#176;">4.5,5.5</elevation>
        <elevation site="mem" units="&#176;">0.5</elevation>
      </elevations>
      <mean_dbz units="DBZ">28.95</mean_dbz>
      <max_dbz units="DBZ">50.92</max_dbz>
      <mesocyclone_velocity_max units="m/s">31.968277</mesocyclone_velocity_max>
      <mesocyclone_velocity_rotational_max units="m/s">16.679097</mesocyclone_velocity_rotational_max>
      <mesocyclone_velocity_rotational_mean units="m/s">8.098477</mesocyclone_velocity_rotational_mean>
      <mesocyclone_velocity_rotational_max_closest_to_ground units="m/s">9.720834</mesocyclone_velocity_rotational_max_closest_to_ground>
      <meso_intensity>3</meso_intensity>
    </nowcast-parameters>
  </event>
  <event ID="81">
    <time time-coordinate="UTC">2021-07-08T15:10:00</time>
    <location>
      <area>
        <ellipse>
          <moving-point>
            <latitude>47.057395</latitude>
            <longitude>10.483675</longitude>
            <polar_motion>
              <speed units="km/h">0.0</speed>
            </polar_motion>
          </moving-point>
          <major_axis units="km">6.03</major_axis>
          <minor_axis units="km">6.03</minor_axis>
          <orientation units="degrees true">0</orientation>
        </ellipse>
      </area>
    </location>
    <nowcast-parameters>
      <mesocyclone_shear_mean units="m/s/km">5.851547</mesocyclone_shear_mean>
      <mesocyclone_shear_max units="m/s/km">10.399808</mesocyclone_shear_max>
      <mesocyclone_momentum_mean units="m/s/km">106.603153</mesocyclone_momentum_mean>
      <mesocyclone_momentum_max units="m/s/km">200.248754</mesocyclone_momentum_max>
      <mesocyclone_diameter units="km">6.030025</mesocyclone_diameter>
      <mesocyclone_diameter_equivalent units="km">3.682170</mesocyclone_diameter_equivalent>
      <mesocyclone_top units="km">5.576856</mesocyclone_top>
      <mesocyclone_base units="km">2.642723</mesocyclone_base>
      <mesocyclone_echotop units="km">7.744434</mesocyclone_echotop>
      <mesocyclone_vil units="kg/m*m">8.899817</mesocyclone_vil>
      <mesocyclone_shear_vectors>9</mesocyclone_shear_vectors>
      <mesocyclone_shear_features>2</mesocyclone_shear_features>
      <elevations>
        <elevation site="isn" units="&#176;">1.5</elevation>
        <elevation site="mem" units="&#176;">2.5</elevation>
      </elevations>
      <mean_dbz units="DBZ">37.23</mean_dbz>
      <max_dbz units="DBZ">49.56</max_dbz>
      <mesocyclone_velocity_max units="m/s">29.919970</mesocyclone_velocity_max>
      <mesocyclone_velocity_rotational_max units="m/s">20.325379</mesocyclone_velocity_rotational_max>
      <mesocyclone_velocity_rotational_mean units="m/s">11.570674</mesocyclone_velocity_rotational_mean>
      <mesocyclone_velocity_rotational_max_closest_to_ground units="m/s">14.025605</mesocyclone_velocity_rotational_max_closest_to_ground>
      <meso_intensity>2</meso_intensity>
    </nowcast-parameters>
  </event>
  <event ID="108">
    <time time-coordinate="UTC">2021-07-08T15:10:00</time>
    <location>
      <area>
        <ellipse>
          <moving-point>
            <latitude>46.814381</latitude>
            <longitude>9.840160</longitude>
            <polar_motion>
              <speed units="km/h">0.0</speed>
            </polar_motion>
          </moving-point>
          <major_axis units="km">12.75</major_axis>
          <minor_axis units="km">12.75</minor_axis>
          <orientation units="degrees true">0</orientation>
        </ellipse>
      </area>
    </location>
    <nowcast-parameters>
      <mesocyclone_shear_mean units="m/s/km">3.066792</mesocyclone_shear_mean>
      <mesocyclone_shear_max units="m/s/km">10.280067</mesocyclone_shear_max>
      <mesocyclone_momentum_mean units="m/s/km">130.002078</mesocyclone_momentum_mean>
      <mesocyclone_momentum_max units="m/s/km">273.775202</mesocyclone_momentum_max>
      <mesocyclone_diameter units="km">12.750000</mesocyclone_diameter>
      <mesocyclone_diameter_equivalent units="km">8.674344</mesocyclone_diameter_equivalent>
      <mesocyclone_top units="km">4.070019</mesocyclone_top>
      <mesocyclone_base units="km">-0.420811</mesocyclone_base>
      <mesocyclone_echotop units="km">5.580680</mesocyclone_echotop>
      <mesocyclone_vil units="kg/m*m">3.557166</mesocyclone_vil>
      <mesocyclone_shear_vectors>29</mesocyclone_shear_vectors>
      <mesocyclone_shear_features>2</mesocyclone_shear_features>
      <elevations>
        <elevation site="mem" units="&#176;">0.5,1.5</elevation>
      </elevations>
      <mean_dbz units="DBZ">31.55</mean_dbz>
      <max_dbz units="DBZ">43.20</max_dbz>
      <mesocyclone_velocity_max units="m/s">28.910011</mesocyclone_velocity_max>
      <mesocyclone_velocity_rotational_max units="m/s">14.265638</mesocyclone_velocity_rotational_max>
      <mesocyclone_velocity_rotational_mean units="m/s">8.764180</mesocyclone_velocity_rotational_mean>
      <mesocyclone_velocity_rotational_max_closest_to_ground units="m/s">14.265638</mesocyclone_velocity_rotational_max_closest_to_ground>
      <meso_intensity>3</meso_intensity>
    </nowcast-parameters>
  </event>
  <event ID="73">
    <time time-coordinate="UTC">2021-07-08T15:10:00</time>
    <location>
      <area>
        <ellipse>
          <moving-point>
            <latitude>46.666921</latitude>
            <longitude>12.658450</longitude>
            <polar_motion>
              <speed units="km/h">0.0</speed>
            </polar_motion>
          </moving-point>
          <major_axis units="km">6.63</major_axis>
          <minor_axis units="km">6.63</minor_axis>
          <orientation units="degrees true">0</orientation>
        </ellipse>
      </area>
    </location>
    <nowcast-parameters>
      <mesocyclone_shear_mean units="m/s/km">4.009541</mesocyclone_shear_mean>
      <mesocyclone_shear_max units="m/s/km">5.412971</mesocyclone_shear_max>
      <mesocyclone_momentum_mean units="m/s/km">76.768487</mesocyclone_momentum_mean>
      <mesocyclone_momentum_max units="m/s/km">183.030531</mesocyclone_momentum_max>
      <mesocyclone_diameter units="km">6.630837</mesocyclone_diameter>
      <mesocyclone_diameter_equivalent units="km">3.388536</mesocyclone_diameter_equivalent>
      <mesocyclone_top units="km">6.344791</mesocyclone_top>
      <mesocyclone_base units="km">0.358588</mesocyclone_base>
      <mesocyclone_echotop units="km">8.068090</mesocyclone_echotop>
      <mesocyclone_vil units="kg/m*m">8.240995</mesocyclone_vil>
      <mesocyclone_shear_vectors>7</mesocyclone_shear_vectors>
      <mesocyclone_shear_features>2</mesocyclone_shear_features>
      <elevations>
        <elevation site="isn" units="&#176;">0.5,1.5</elevation>
      </elevations>
      <mean_dbz units="DBZ">34.78</mean_dbz>
      <max_dbz units="DBZ">47.91</max_dbz>
      <mesocyclone_velocity_max units="m/s">24.386864</mesocyclone_velocity_max>
      <mesocyclone_velocity_rotational_max units="m/s">10.487614</mesocyclone_velocity_rotational_max>
      <mesocyclone_velocity_rotational_mean units="m/s">8.106275</mesocyclone_velocity_rotational_mean>
      <mesocyclone_velocity_rotational_max_closest_to_ground units="m/s">8.213192</mesocyclone_velocity_rotational_max_closest_to_ground>
      <meso_intensity>1</meso_intensity>
    </nowcast-parameters>
  </event>
</nowcast-data>
