<?xml version="1.0" encoding="UTF-8"?>
<nowcast-data>
  <radar-stations>ASB,BOO,ROS,HNR,UMD,PRO,ESS,FLD,DRS,NEU,NHB,OFT,EIS,TUR,ISN,FBG,MEM</radar-stations>
  <event ID="16">
    <time time-coordinate="UTC">2021-07-08T15:15:00</time>
    <location>
      <area>
        <ellipse>
          <moving-point>
            <latitude>53.711959</latitude>
            <longitude>10.577718</longitude>
            <polar_motion>
              <speed units="km/h">0.0</speed>
            </polar_motion>
          </moving-point>
          <major_axis units="km">8.69</major_axis>
          <minor_axis units="km">8.69</minor_axis>
          <orientation units="degrees true">0</orientation>
        </ellipse>
      </area>
    </location>
    <nowcast-parameters>
      <mesocyclone_shear_mean units="m/s/km">5.380682</mesocyclone_shear_mean>
      <mesocyclone_shear_max units="m/s/km">11.692028</mesocyclone_shear_max>
      <mesocyclone_momentum_mean units="m/s/km">132.495936</mesocyclone_momentum_mean>
      <mesocyclone_momentum_max units="m/s/km">511.855543</mesocyclone_momentum_max>
      <mesocyclone_diameter units="km">8.694307</mesocyclone_diameter>
      <mesocyclone_diameter_equivalent units="km">4.748574</mesocyclone_diameter_equivalent>
      <mesocyclone_top units="km">8.264625</mesocyclone_top>
      <mesocyclone_base units="km">4.022238</mesocyclone_base>
      <mesocyclone_echotop units="km">7.867565</mesocyclone_echotop>
      <mesocyclone_vil units="kg/m*m">5.029219</mesocyclone_vil>
      <mesocyclone_shear_vectors>13</mesocyclone_shear_vectors>
      <mesocyclone_shear_features>2</mesocyclone_shear_features>
      <elevations>
        <elevation site="hnr" units="&#176;">1.5</elevation>
        <elevation site="umd" units="&#176;">1.5</elevation>
      </elevations>
      <mean_dbz units="DBZ">30.97</mean_dbz>
      <max_dbz units="DBZ">46.29</max_dbz>
      <mesocyclone_velocity_max units="m/s">30.875080</mesocyclone_velocity_max>
      <mesocyclone_velocity_rotational_max units="m/s">24.574048</mesocyclone_velocity_rotational_max>
      <mesocyclone_velocity_rotational_mean units="m/s">11.308704</mesocyclone_velocity_rotational_mean>
      <mesocyclone_velocity_rotational_max_closest_to_ground units="m/s">24.574048</mesocyclone_velocity_rotational_max_closest_to_ground>
      <meso_intensity>2</meso_intensity>
    </nowcast-parameters>
  </event>
  <event ID="23">
    <time time-coordinate="UTC">2021-07-08T15:15:00</time>
    <location>
      <area>
        <ellipse>
          <moving-point>
            <latitude>51.102348</latitude>
            <longitude>9.498425</longitude>
            <polar_motion>
              <speed units="km/h">0.0</speed>
            </polar_motion>
          </moving-point>
          <major_axis units="km">6.49</major_axis>
          <minor_axis units="km">6.49</minor_axis>
          <orientation units="degrees true">0</orientation>
        </ellipse>
      </area>
    </location>
    <nowcast-parameters>
      <mesocyclone_shear_mean units="m/s/km">6.238754</mesocyclone_shear_mean>
      <mesocyclone_shear_max units="m/s/km">10.255617</mesocyclone_shear_max>
      <mesocyclone_momentum_mean units="m/s/km">90.182283</mesocyclone_momentum_mean>
      <mesocyclone_momentum_max units="m/s/km">213.386034</mesocyclone_momentum_max>
      <mesocyclone_diameter units="km">6.491990</mesocyclone_diameter>
      <mesocyclone_diameter_equivalent units="km">4.222311</mesocyclone_diameter_equivalent>
      <mesocyclone_top units="km">7.469080</mesocyclone_top>
      <mesocyclone_base units="km">1.457399</mesocyclone_base>
      <mesocyclone_echotop units="km">7.675079</mesocyclone_echotop>
      <mesocyclone_vil units="kg/m*m">13.344016</mesocyclone_vil>
      <mesocyclone_shear_vectors>11</mesocyclone_shear_vectors>
      <mesocyclone_shear_features>3</mesocyclone_shear_features>
      <elevations>
        <elevation site="umd" units="&#176;">0.5,1.5</elevation>
        <elevation site="oft" units="&#176;">1.5</elevation>
      </elevations>
      <mean_dbz units="DBZ">41.97</mean_dbz>
      <max_dbz units="DBZ">57.34</max_dbz>
      <mesocyclone_velocity_max units="m/s">30.371002</mesocyclone_velocity_max>
      <mesocyclone_velocity_rotational_max units="m/s">15.752594</mesocyclone_velocity_rotational_max>
      <mesocyclone_velocity_rotational_mean units="m/s">10.684759</mesocyclone_velocity_rotational_mean>
      <mesocyclone_velocity_rotational_max_closest_to_ground units="m/s">11.719929</mesocyclone_velocity_rotational_max_closest_to_ground>
      <meso_intensity>2</meso_intensity>
    </nowcast-parameters>
  </event>
  <event ID="36">
    <time time-coordinate="UTC">2021-07-08T15:15:00</time>
    <location>
      <area>
        <ellipse>
          <moving-point>
            <latitude>49.487083</latitude>
            <longitude>13.352401</longitude>
            <polar_motion>
              <speed units="km/h">0.0</speed>
            </polar_motion>
          </moving-point>
          <major_axis units="km">12.25</major_axis>
          <minor_axis units="km">12.25</minor_axis>
          <orientation units="degrees true">0</orientation>
        </ellipse>
      </area>
    </location>
    <nowcast-parameters>
      <mesocyclone_shear_mean units="m/s/km">4.753634</mesocyclone_shear_mean>
      <mesocyclone_shear_max units="m/s/km">9.701741</mesocyclone_shear_max>
      <mesocyclone_momentum_mean units="m/s/km">101.882273</mesocyclone_momentum_mean>
      <mesocyclone_momentum_max units="m/s/km">492.353706</mesocyclone_momentum_max>
      <mesocyclone_diameter units="km">12.250000</mesocyclone_diameter>
      <mesocyclone_diameter_equivalent units="km">6.126303</mesocyclone_diameter_equivalent>
      <mesocyclone_top units="km">11.194926</mesocyclone_top>
      <mesocyclone_base units="km">0.675141</mesocyclone_base>
      <mesocyclone_echotop units="km">10.192013</mesocyclone_echotop>
      <mesocyclone_vil units="kg/m*m">26.446884</mesocyclone_vil>
      <mesocyclone_shear_vectors>27</mesocyclone_shear_vectors>
      <mesocyclone_shear_features>6</mesocyclone_shear_features>
      <elevations>
        <elevation site="drs" units="&#176;">1.5,2.5</elevation>
        <elevation site="neu" units="&#176;">1.5</elevation>
        <elevation site="eis" units="&#176;">0.5</elevation>
        <elevation site="isn" units="&#176;">0.5,2.5</elevation>
      </elevations>
      <mean_dbz units="DBZ">42.70</mean_dbz>
      <max_dbz units="DBZ">59.91</max_dbz>
      <mesocyclone_velocity_max units="m/s">31.631208</mesocyclone_velocity_max>
      <mesocyclone_velocity_rotational_max units="m/s">18.777092</mesocyclone_velocity_rotational_max>
      <mesocyclone_velocity_rotational_mean units="m/s">9.847080</mesocyclone_velocity_rotational_mean>
      <mesocyclone_velocity_rotational_max_closest_to_ground units="m/s">8.821451</mesocyclone_velocity_rotational_max_closest_to_ground>
      <meso_intensity>3</meso_intensity>
    </nowcast-parameters>
  </event>
  <event ID="60">
    <time time-coordinate="UTC">2021-07-08T15:15:00</time>
    <location>
      <area>
        <ellipse>
          <moving-point>
            <latitude>48.751766</latitude>
            <longitude>13.513786</longitude>
            <polar_motion>
              <speed units="km/h">0.0</speed>
            </polar_motion>
          </moving-point>
          <major_axis units="km">12.00</major_axis>
          <minor_axis units="km">12.00</minor_axis>
          <orientation units="degrees true">0</orientation>
        </ellipse>
      </area>
    </location>
    <nowcast-parameters>
      <mesocyclone_shear_mean units="m/s/km">5.607689</mesocyclone_shear_mean>
      <mesocyclone_shear_max units="m/s/km">12.318101</mesocyclone_shear_max>
      <mesocyclone_momentum_mean units="m/s/km">97.876703</mesocyclone_momentum_mean>
      <mesocyclone_momentum_max units="m/s/km">465.544252</mesocyclone_momentum_max>
      <mesocyclone_diameter units="km">12.000000</mesocyclone_diameter>
      <mesocyclone_diameter_equivalent units="km">6.610167</mesocyclone_diameter_equivalent>
      <mesocyclone_top units="km">7.228897</mesocyclone_top>
      <mesocyclone_base units="km">1.093591</mesocyclone_base>
      <mesocyclone_echotop units="km">8.662223</mesocyclone_echotop>
      <mesocyclone_vil units="kg/m*m">40.854851</mesocyclone_vil>
      <mesocyclone_shear_vectors>28</mesocyclone_shear_vectors>
      <mesocyclone_shear_features>4</mesocyclone_shear_features>
      <elevations>
        <elevation site="eis" units="&#176;">0.5,1.5,2.5</elevation>
        <elevation site="isn" units="&#176;">0.5</elevation>
      </elevations>
      <mean_dbz units="DBZ">49.40</mean_dbz>
      <max_dbz units="DBZ">62.85</max_dbz>
      <mesocyclone_velocity_max units="m/s">28.354670</mesocyclone_velocity_max>
      <mesocyclone_velocity_rotational_max units="m/s">19.533215</mesocyclone_velocity_rotational_max>
      <mesocyclone_velocity_rotational_mean units="m/s">9.747468</mesocyclone_velocity_rotational_mean>
      <mesocyclone_velocity_rotational_max_closest_to_ground units="m/s">9.729475</mesocyclone_velocity_rotational_max_closest_to_ground>
      <meso_intensity>3</meso_intensity>
    </nowcast-parameters>
  </event>
  <event ID="110">
    <time time-coordinate="UTC">2021-07-08T15:15:00</time>
    <location>
      <area>
        <ellipse>
          <moving-point>
            <latitude>47.822759</latitude>
            <longitude>11.681940</longitude>
            <polar_motion>
              <speed units="km/h">0.0</speed>
            </polar_motion>
          </moving-point>
          <major_axis units="km">15.50</major_axis>
          <minor_axis units="km">15.50</minor_axis>
          <orientation units="degrees true">0</orientation>
        </ellipse>
      </area>
    </location>
    <nowcast-parameters>
      <mesocyclone_shear_mean units="m/s/km">3.111182</mesocyclone_shear_mean>
      <mesocyclone_shear_max units="m/s/km">6.529089</mesocyclone_shear_max>
      <mesocyclone_momentum_mean units="m/s/km">112.261652</mesocyclone_momentum_mean>
      <mesocyclone_momentum_max units="m/s/km">225.689240</mesocyclone_momentum_max>
      <mesocyclone_diameter units="km">15.500000</mesocyclone_diameter>
      <mesocyclone_diameter_equivalent units="km">9.574730</mesocyclone_diameter_equivalent>
      <mesocyclone_top units="km">6.739113</mesocyclone_top>
      <mesocyclone_base units="km">3.769112</mesocyclone_base>
      <mesocyclone_echotop units="km">9.161740</mesocyclone_echotop>
      <mesocyclone_vil units="kg/m*m">10.199302</mesocyclone_vil>
      <mesocyclone_shear_vectors>46</mesocyclone_shear_vectors>
      <mesocyclone_shear_features>3</mesocyclone_shear_features>
      <elevations>
        <elevation site="isn" units="&#176;">4.5,5.5,8.0</elevation>
      </elevations>
      <mean_dbz units="DBZ">34.47</mean_dbz>
      <max_dbz units="DBZ">53.60</max_dbz>
      <mesocyclone_velocity_max units="m/s">31.968277</mesocyclone_velocity_max>
      <mesocyclone_velocity_rotational_max units="m/s">12.003897</mesocyclone_velocity_rotational_max>
      <mesocyclone_velocity_rotational_mean units="m/s">8.706637</mesocyclone_velocity_rotational_mean>
      <mesocyclone_velocity_rotational_max_closest_to_ground units="m/s">10.487616</mesocyclone_velocity_rotational_max_closest_to_ground>
      <meso_intensity>2</meso_intensity>
    </nowcast-parameters>
  </event>
  <event ID="72">
    <time time-coordinate="UTC">2021-07-08T15:15:00</time>
    <location>
      <area>
        <ellipse>
          <moving-point>
            <latitude>47.605583</latitude>
            <longitude>8.799054</longitude>
            <polar_motion>
              <speed units="km/h">0.0</speed>
            </polar_motion>
          </moving-point>
          <major_axis units="km">6.17</major_axis>
          <minor_axis units="km">6.17</minor_axis>
          <orientation units="degrees true">0</orientation>
        </ellipse>
      </area>
    </location>
    <nowcast-parameters>
      <mesocyclone_shear_mean units="m/s/km">6.653444</mesocyclone_shear_mean>
      <mesocyclone_shear_max units="m/s/km">9.463695</mesocyclone_shear_max>
      <mesocyclone_momentum_mean units="m/s/km">61.320481</mesocyclone_momentum_mean>
      <mesocyclone_momentum_max units="m/s/km">116.218875</mesocyclone_momentum_max>
      <mesocyclone_diameter units="km">6.169185</mesocyclone_diameter>
      <mesocyclone_diameter_equivalent units="km">3.752859</mesocyclone_diameter_equivalent>
      <mesocyclone_top units="km">7.273441</mesocyclone_top>
      <mesocyclone_base units="km">1.301309</mesocyclone_base>
      <mesocyclone_echotop units="km">7.080421</mesocyclone_echotop>
      <mesocyclone_vil units="kg/m*m">8.646112</mesocyclone_vil>
      <mesocyclone_shear_vectors>12</mesocyclone_shear_vectors>
      <mesocyclone_shear_features>2</mesocyclone_shear_features>
      <elevations>
        <elevation site="tur" units="&#176;">0.5</elevation>
        <elevation site="mem" units="&#176;">2.5</elevation>
      </elevations>
      <mean_dbz units="DBZ">36.39</mean_dbz>
      <max_dbz units="DBZ">55.26</max_dbz>
      <mesocyclone_velocity_max units="m/s">22.718842</mesocyclone_velocity_max>
      <mesocyclone_velocity_rotational_max units="m/s">10.661356</mesocyclone_velocity_rotational_max>
      <mesocyclone_velocity_rotational_mean units="m/s">9.222967</mesocyclone_velocity_rotational_mean>
      <mesocyclone_velocity_rotational_max_closest_to_ground units="m/s">10.661356</mesocyclone_velocity_rotational_max_closest_to_ground>
      <meso_intensity>2</meso_intensity>
    </nowcast-parameters>
  </event>
  <event ID="78">
    <time time-coordinate="UTC">2021-07-08T15:15:00</time>
    <location>
      <area>
        <ellipse>
          <moving-point>
            <latitude>47.568844</latitude>
            <longitude>11.558553</longitude>
            <polar_motion>
              <speed units="km/h">0.0</speed>
            </polar_motion>
          </moving-point>
          <major_axis units="km">14.00</major_axis>
          <minor_axis units="km">14.00</minor_axis>
          <orientation units="degrees true">0</orientation>
        </ellipse>
      </area>
    </location>
    <nowcast-parameters>
      <mesocyclone_shear_mean units="m/s/km">3.793223</mesocyclone_shear_mean>
      <mesocyclone_shear_max units="m/s/km">16.199705</mesocyclone_shear_max>
      <mesocyclone_momentum_mean units="m/s/km">85.928177</mesocyclone_momentum_mean>
      <mesocyclone_momentum_max units="m/s/km">151.924786</mesocyclone_momentum_max>
      <mesocyclone_diameter units="km">14.000000</mesocyclone_diameter>
      <mesocyclone_diameter_equivalent units="km">7.218689</mesocyclone_diameter_equivalent>
      <mesocyclone_top units="km">5.169424</mesocyclone_top>
      <mesocyclone_base units="km">1.043221</mesocyclone_base>
      <mesocyclone_echotop units="km">8.902547</mesocyclone_echotop>
      <mesocyclone_vil units="kg/m*m">6.828375</mesocyclone_vil>
      <mesocyclone_shear_vectors>28</mesocyclone_shear_vectors>
      <mesocyclone_shear_features>4</mesocyclone_shear_features>
      <elevations>
        <elevation site="tur" units="&#176;">0.5</elevation>
        <elevation site="isn" units="&#176;">1.5,2.5,3.5</elevation>
      </elevations>
      <mean_dbz units="DBZ">33.64</mean_dbz>
      <max_dbz units="DBZ">50.13</max_dbz>
      <mesocyclone_velocity_max units="m/s">28.935709</mesocyclone_velocity_max>
      <mesocyclone_velocity_rotational_max units="m/s">11.877541</mesocyclone_velocity_rotational_max>
      <mesocyclone_velocity_rotational_mean units="m/s">8.046304</mesocyclone_velocity_rotational_mean>
      <mesocyclone_velocity_rotational_max_closest_to_ground units="m/s">11.877541</mesocyclone_velocity_rotational_max_closest_to_ground>
      <meso_intensity>3</meso_intensity>
    </nowcast-parameters>
  </event>
  <event ID="100">
    <time time-coordinate="UTC">2021-07-08T15:15:00</time>
    <location>
      <area>
        <ellipse>
          <moving-point>
            <latitude>47.519210</latitude>
            <longitude>12.097717</longitude>
            <polar_motion>
              <speed units="km/h">0.0</speed>
            </polar_motion>
          </moving-point>
          <major_axis units="km">20.25</major_axis>
          <minor_axis units="km">20.25</minor_axis>
          <orientation units="degrees true">0</orientation>
        </ellipse>
      </area>
    </location>
    <nowcast-parameters>
      <mesocyclone_shear_mean units="m/s/km">3.113604</mesocyclone_shear_mean>
      <mesocyclone_shear_max units="m/s/km">20.072437</mesocyclone_shear_max>
      <mesocyclone_momentum_mean units="m/s/km">135.118580</mesocyclone_momentum_mean>
      <mesocyclone_momentum_max units="m/s/km">357.542026</mesocyclone_momentum_max>
      <mesocyclone_diameter units="km">20.250000</mesocyclone_diameter>
      <mesocyclone_diameter_equivalent units="km">11.446119</mesocyclone_diameter_equivalent>
      <mesocyclone_top units="km">6.396910</mesocyclone_top>
      <mesocyclone_base units="km">2.907920</mesocyclone_base>
      <mesocyclone_echotop units="km">8.664358</mesocyclone_echotop>
      <mesocyclone_vil units="kg/m*m">16.639874</mesocyclone_vil>
      <mesocyclone_shear_vectors>49</mesocyclone_shear_vectors>
      <mesocyclone_shear_features>4</mesocyclone_shear_features>
      <elevations>
        <elevation site="isn" units="&#176;">2.5,3.5,4.5,5.5</elevation>
      </elevations>
      <mean_dbz units="DBZ">38.50</mean_dbz>
      <max_dbz units="DBZ">58.26</max_dbz>
      <mesocyclone_velocity_max units="m/s">31.715561</mesocyclone_velocity_max>
      <mesocyclone_velocity_rotational_max units="m/s">14.910101</mesocyclone_velocity_rotational_max>
      <mesocyclone_velocity_rotational_mean units="m/s">9.114261</mesocyclone_velocity_rotational_mean>
      <mesocyclone_velocity_rotational_max_closest_to_ground units="m/s">14.910101</mesocyclone_velocity_rotational_max_closest_to_ground>
      <meso_intensity>3</meso_intensity>
    </nowcast-parameters>
  </event>
  <event ID="81">
    <time time-coordinate="UTC">2021-07-08T15:15:00</time>
    <location>
      <area>
        <ellipse>
          <moving-point>
            <latitude>47.499234</latitude>
            <longitude>8.698379</longitude>
            <polar_motion>
              <speed units="km/h">0.0</speed>
            </polar_motion>
          </moving-point>
          <major_axis units="km">7.25</major_axis>
          <minor_axis units="km">7.25</minor_axis>
          <orientation units="degrees true">0</orientation>
        </ellipse>
      </area>
    </location>
    <nowcast-parameters>
      <mesocyclone_shear_mean units="m/s/km">4.658056</mesocyclone_shear_mean>
      <mesocyclone_shear_max units="m/s/km">7.557203</mesocyclone_shear_max>
      <mesocyclone_momentum_mean units="m/s/km">72.650163</mesocyclone_momentum_mean>
      <mesocyclone_momentum_max units="m/s/km">145.723743</mesocyclone_momentum_max>
      <mesocyclone_diameter units="km">7.250000</mesocyclone_diameter>
      <mesocyclone_diameter_equivalent units="km">3.892441</mesocyclone_diameter_equivalent>
      <mesocyclone_top units="km">9.194211</mesocyclone_top>
      <mesocyclone_base units="km">4.051014</mesocyclone_base>
      <mesocyclone_echotop units="km">7.545313</mesocyclone_echotop>
      <mesocyclone_vil units="kg/m*m">7.143399</mesocyclone_vil>
      <mesocyclone_shear_vectors>10</mesocyclone_shear_vectors>
      <mesocyclone_shear_features>2</mesocyclone_shear_features>
      <elevations>
        <elevation site="tur" units="&#176;">1.5,2.5</elevation>
      </elevations>
      <mean_dbz units="DBZ">41.37</mean_dbz>
      <max_dbz units="DBZ">54.44</max_dbz>
      <mesocyclone_velocity_max units="m/s">24.749577</mesocyclone_velocity_max>
      <mesocyclone_velocity_rotational_max units="m/s">14.215139</mesocyclone_velocity_rotational_max>
      <mesocyclone_velocity_rotational_mean units="m/s">8.529084</mesocyclone_velocity_rotational_mean>
      <mesocyclone_velocity_rotational_max_closest_to_ground units="m/s">14.215139</mesocyclone_velocity_rotational_max_closest_to_ground>
      <meso_intensity>2</meso_intensity>
    </nowcast-parameters>
  </event>
</nowcast-data>
