<?xml version="1.0" encoding="UTF-8"?>
<nowcast-data>
  <radar-stations>ASB,BOO,ROS,HNR,UMD,PRO,ESS,FLD,DRS,NEU,NHB,OFT,EIS,TUR,ISN,FBG,MEM</radar-stations>
  <event ID="4">
    <time time-coordinate="UTC">2021-07-08T00:00:00</time>
    <location>
      <area>
        <ellipse>
          <moving-point>
            <latitude>47.165433</latitude>
            <longitude>9.603696</longitude>
            <polar_motion>
              <speed units="km/h">0.0</speed>
            </polar_motion>
          </moving-point>
          <major_axis units="km">11.55</major_axis>
          <minor_axis units="km">11.55</minor_axis>
          <orientation units="degrees true">0</orientation>
        </ellipse>
      </area>
    </location>
    <nowcast-parameters>
      <mesocyclone_shear_mean units="m/s/km">3.245360</mesocyclone_shear_mean>
      <mesocyclone_shear_max units="m/s/km">9.346313</mesocyclone_shear_max>
      <mesocyclone_momentum_mean units="m/s/km">223.341340</mesocyclone_momentum_mean>
      <mesocyclone_momentum_max units="m/s/km">430.392009</mesocyclone_momentum_max>
      <mesocyclone_diameter units="km">11.545401</mesocyclone_diameter>
      <mesocyclone_diameter_equivalent units="km">6.528755</mesocyclone_diameter_equivalent>
      <mesocyclone_top units="km">4.292188</mesocyclone_top>
      <mesocyclone_base units="km">1.620166</mesocyclone_base>
      <mesocyclone_echotop units="km">5.163820</mesocyclone_echotop>
      <mesocyclone_vil units="kg/m*m">2.998334</mesocyclone_vil>
      <mesocyclone_shear_vectors>14</mesocyclone_shear_vectors>
      <mesocyclone_shear_features>2</mesocyclone_shear_features>
      <elevations>
        <elevation site="tur" units="&#176;">0.5</elevation>
        <elevation site="mem" units="&#176;">1.5</elevation>
      </elevations>
      <mean_dbz units="DBZ">29.94</mean_dbz>
      <max_dbz units="DBZ">43.77</max_dbz>
      <mesocyclone_velocity_max units="m/s">29.826408</mesocyclone_velocity_max>
      <mesocyclone_velocity_rotational_max units="m/s">20.941948</mesocyclone_velocity_rotational_max>
      <mesocyclone_velocity_rotational_mean units="m/s">12.021224</mesocyclone_velocity_rotational_mean>
      <mesocyclone_velocity_rotational_max_closest_to_ground units="m/s">20.941948</mesocyclone_velocity_rotational_max_closest_to_ground>
      <meso_intensity>2</meso_intensity>
    </nowcast-parameters>
  </event>
</nowcast-data>
