<?xml version="1.0" encoding="UTF-8"?>
<nowcast-data>
  <radar-stations>ASB,BOO,ROS,HNR,UMD,PRO,ESS,FLD,DRS,NEU,NHB,OFT,EIS,TUR,ISN,FBG,MEM</radar-stations>
  <event ID="20">
    <time time-coordinate="UTC">2021-07-08T12:05:00</time>
    <location>
      <area>
        <ellipse>
          <moving-point>
            <latitude>50.498111</latitude>
            <longitude>12.659128</longitude>
            <polar_motion>
              <speed units="km/h">0.0</speed>
            </polar_motion>
          </moving-point>
          <major_axis units="km">16.25</major_axis>
          <minor_axis units="km">16.25</minor_axis>
          <orientation units="degrees true">0</orientation>
        </ellipse>
      </area>
    </location>
    <nowcast-parameters>
      <mesocyclone_shear_mean units="m/s/km">2.870465</mesocyclone_shear_mean>
      <mesocyclone_shear_max units="m/s/km">14.198504</mesocyclone_shear_max>
      <mesocyclone_momentum_mean units="m/s/km">139.281939</mesocyclone_momentum_mean>
      <mesocyclone_momentum_max units="m/s/km">403.450508</mesocyclone_momentum_max>
      <mesocyclone_diameter units="km">16.250000</mesocyclone_diameter>
      <mesocyclone_diameter_equivalent units="km">12.438669</mesocyclone_diameter_equivalent>
      <mesocyclone_top units="km">8.320944</mesocyclone_top>
      <mesocyclone_base units="km">4.871105</mesocyclone_base>
      <mesocyclone_echotop units="km">9.028808</mesocyclone_echotop>
      <mesocyclone_vil units="kg/m*m">8.624100</mesocyclone_vil>
      <mesocyclone_shear_vectors>61</mesocyclone_shear_vectors>
      <mesocyclone_shear_features>4</mesocyclone_shear_features>
      <elevations>
        <elevation site="drs" units="&#176;">3.5</elevation>
        <elevation site="neu" units="&#176;">2.5</elevation>
        <elevation site="eis" units="&#176;">2.5,3.5</elevation>
      </elevations>
      <mean_dbz units="DBZ">35.68</mean_dbz>
      <max_dbz units="DBZ">53.71</max_dbz>
      <mesocyclone_velocity_max units="m/s">30.875080</mesocyclone_velocity_max>
      <mesocyclone_velocity_rotational_max units="m/s">22.179650</mesocyclone_velocity_rotational_max>
      <mesocyclone_velocity_rotational_mean units="m/s">9.268158</mesocyclone_velocity_rotational_mean>
      <mesocyclone_velocity_rotational_max_closest_to_ground units="m/s">18.321737</mesocyclone_velocity_rotational_max_closest_to_ground>
      <meso_intensity>3</meso_intensity>
    </nowcast-parameters>
  </event>
  <event ID="52">
    <time time-coordinate="UTC">2021-07-08T12:05:00</time>
    <location>
      <area>
        <ellipse>
          <moving-point>
            <latitude>48.141829</latitude>
            <longitude>14.261840</longitude>
            <polar_motion>
              <speed units="km/h">0.0</speed>
            </polar_motion>
          </moving-point>
          <major_axis units="km">8.00</major_axis>
          <minor_axis units="km">8.00</minor_axis>
          <orientation units="degrees true">0</orientation>
        </ellipse>
      </area>
    </location>
    <nowcast-parameters>
      <mesocyclone_shear_mean units="m/s/km">4.370857</mesocyclone_shear_mean>
      <mesocyclone_shear_max units="m/s/km">7.615813</mesocyclone_shear_max>
      <mesocyclone_momentum_mean units="m/s/km">96.524293</mesocyclone_momentum_mean>
      <mesocyclone_momentum_max units="m/s/km">313.104230</mesocyclone_momentum_max>
      <mesocyclone_diameter units="km">7.996733</mesocyclone_diameter>
      <mesocyclone_diameter_equivalent units="km">5.476739</mesocyclone_diameter_equivalent>
      <mesocyclone_top units="km">10.173636</mesocyclone_top>
      <mesocyclone_base units="km">4.666412</mesocyclone_base>
      <mesocyclone_echotop units="km">8.940728</mesocyclone_echotop>
      <mesocyclone_vil units="kg/m*m">29.235327</mesocyclone_vil>
      <mesocyclone_shear_vectors>15</mesocyclone_shear_vectors>
      <mesocyclone_shear_features>2</mesocyclone_shear_features>
      <elevations>
        <elevation site="isn" units="&#176;">1.5,2.5</elevation>
      </elevations>
      <mean_dbz units="DBZ">48.27</mean_dbz>
      <max_dbz units="DBZ">59.50</max_dbz>
      <mesocyclone_velocity_max units="m/s">31.968271</mesocyclone_velocity_max>
      <mesocyclone_velocity_rotational_max units="m/s">14.151962</mesocyclone_velocity_rotational_max>
      <mesocyclone_velocity_rotational_mean units="m/s">8.932877</mesocyclone_velocity_rotational_mean>
      <mesocyclone_velocity_rotational_max_closest_to_ground units="m/s">14.151962</mesocyclone_velocity_rotational_max_closest_to_ground>
      <meso_intensity>2</meso_intensity>
    </nowcast-parameters>
  </event>
  <event ID="54">
    <time time-coordinate="UTC">2021-07-08T12:05:00</time>
    <location>
      <area>
        <ellipse>
          <moving-point>
            <latitude>48.033292</latitude>
            <longitude>11.371597</longitude>
            <polar_motion>
              <speed units="km/h">0.0</speed>
            </polar_motion>
          </moving-point>
          <major_axis units="km">11.25</major_axis>
          <minor_axis units="km">11.25</minor_axis>
          <orientation units="degrees true">0</orientation>
        </ellipse>
      </area>
    </location>
    <nowcast-parameters>
      <mesocyclone_shear_mean units="m/s/km">3.597437</mesocyclone_shear_mean>
      <mesocyclone_shear_max units="m/s/km">10.719120</mesocyclone_shear_max>
      <mesocyclone_momentum_mean units="m/s/km">101.355779</mesocyclone_momentum_mean>
      <mesocyclone_momentum_max units="m/s/km">332.529026</mesocyclone_momentum_max>
      <mesocyclone_diameter units="km">11.247879</mesocyclone_diameter>
      <mesocyclone_diameter_equivalent units="km">6.207230</mesocyclone_diameter_equivalent>
      <mesocyclone_top units="km">6.567260</mesocyclone_top>
      <mesocyclone_base units="km">2.146547</mesocyclone_base>
      <mesocyclone_echotop units="km">7.286163</mesocyclone_echotop>
      <mesocyclone_vil units="kg/m*m">8.541886</mesocyclone_vil>
      <mesocyclone_shear_vectors>13</mesocyclone_shear_vectors>
      <mesocyclone_shear_features>5</mesocyclone_shear_features>
      <elevations>
        <elevation site="isn" units="&#176;">2.5,3.5,4.5,5.5</elevation>
        <elevation site="mem" units="&#176;">2.5</elevation>
      </elevations>
      <mean_dbz units="DBZ">38.13</mean_dbz>
      <max_dbz units="DBZ">54.07</max_dbz>
      <mesocyclone_velocity_max units="m/s">24.386864</mesocyclone_velocity_max>
      <mesocyclone_velocity_rotational_max units="m/s">14.518127</mesocyclone_velocity_rotational_max>
      <mesocyclone_velocity_rotational_mean units="m/s">8.184191</mesocyclone_velocity_rotational_mean>
      <mesocyclone_velocity_rotational_max_closest_to_ground units="m/s">7.707767</mesocyclone_velocity_rotational_max_closest_to_ground>
      <meso_intensity>3</meso_intensity>
    </nowcast-parameters>
  </event>
  <event ID="40">
    <time time-coordinate="UTC">2021-07-08T12:05:00</time>
    <location>
      <area>
        <ellipse>
          <moving-point>
            <latitude>47.650256</latitude>
            <longitude>11.201085</longitude>
            <polar_motion>
              <speed units="km/h">0.0</speed>
            </polar_motion>
          </moving-point>
          <major_axis units="km">13.25</major_axis>
          <minor_axis units="km">13.25</minor_axis>
          <orientation units="degrees true">0</orientation>
        </ellipse>
      </area>
    </location>
    <nowcast-parameters>
      <mesocyclone_shear_mean units="m/s/km">3.247734</mesocyclone_shear_mean>
      <mesocyclone_shear_max units="m/s/km">12.097251</mesocyclone_shear_max>
      <mesocyclone_momentum_mean units="m/s/km">156.375974</mesocyclone_momentum_mean>
      <mesocyclone_momentum_max units="m/s/km">852.345974</mesocyclone_momentum_max>
      <mesocyclone_diameter units="km">13.250000</mesocyclone_diameter>
      <mesocyclone_diameter_equivalent units="km">8.823968</mesocyclone_diameter_equivalent>
      <mesocyclone_top units="km">8.416103</mesocyclone_top>
      <mesocyclone_base units="km">4.059221</mesocyclone_base>
      <mesocyclone_echotop units="km">9.349472</mesocyclone_echotop>
      <mesocyclone_vil units="kg/m*m">27.127529</mesocyclone_vil>
      <mesocyclone_shear_vectors>32</mesocyclone_shear_vectors>
      <mesocyclone_shear_features>3</mesocyclone_shear_features>
      <elevations>
        <elevation site="tur" units="&#176;">1.5</elevation>
        <elevation site="isn" units="&#176;">3.5,4.5</elevation>
      </elevations>
      <mean_dbz units="DBZ">43.37</mean_dbz>
      <max_dbz units="DBZ">61.67</max_dbz>
      <mesocyclone_velocity_max units="m/s">31.968271</mesocyclone_velocity_max>
      <mesocyclone_velocity_rotational_max units="m/s">27.541835</mesocyclone_velocity_rotational_max>
      <mesocyclone_velocity_rotational_mean units="m/s">9.689884</mesocyclone_velocity_rotational_mean>
      <mesocyclone_velocity_rotational_max_closest_to_ground units="m/s">27.541835</mesocyclone_velocity_rotational_max_closest_to_ground>
      <meso_intensity>3</meso_intensity>
    </nowcast-parameters>
  </event>
  <event ID="36">
    <time time-coordinate="UTC">2021-07-08T12:05:00</time>
    <location>
      <area>
        <ellipse>
          <moving-point>
            <latitude>47.165073</latitude>
            <longitude>10.793212</longitude>
            <polar_motion>
              <speed units="km/h">0.0</speed>
            </polar_motion>
          </moving-point>
          <major_axis units="km">11.72</major_axis>
          <minor_axis units="km">11.72</minor_axis>
          <orientation units="degrees true">0</orientation>
        </ellipse>
      </area>
    </location>
    <nowcast-parameters>
      <mesocyclone_shear_mean units="m/s/km">4.402886</mesocyclone_shear_mean>
      <mesocyclone_shear_max units="m/s/km">13.438551</mesocyclone_shear_max>
      <mesocyclone_momentum_mean units="m/s/km">144.168467</mesocyclone_momentum_mean>
      <mesocyclone_momentum_max units="m/s/km">944.394580</mesocyclone_momentum_max>
      <mesocyclone_diameter units="km">11.722704</mesocyclone_diameter>
      <mesocyclone_diameter_equivalent units="km">8.632440</mesocyclone_diameter_equivalent>
      <mesocyclone_top units="km">5.620755</mesocyclone_top>
      <mesocyclone_base units="km">1.091026</mesocyclone_base>
      <mesocyclone_echotop units="km">8.492315</mesocyclone_echotop>
      <mesocyclone_vil units="kg/m*m">35.703194</mesocyclone_vil>
      <mesocyclone_shear_vectors>35</mesocyclone_shear_vectors>
      <mesocyclone_shear_features>4</mesocyclone_shear_features>
      <elevations>
        <elevation site="tur" units="&#176;">0.5</elevation>
        <elevation site="isn" units="&#176;">1.5</elevation>
        <elevation site="mem" units="&#176;">1.5,2.5</elevation>
      </elevations>
      <mean_dbz units="DBZ">45.96</mean_dbz>
      <max_dbz units="DBZ">60.16</max_dbz>
      <mesocyclone_velocity_max units="m/s">31.968277</mesocyclone_velocity_max>
      <mesocyclone_velocity_rotational_max units="m/s">23.988050</mesocyclone_velocity_rotational_max>
      <mesocyclone_velocity_rotational_mean units="m/s">10.577535</mesocyclone_velocity_rotational_mean>
      <mesocyclone_velocity_rotational_max_closest_to_ground units="m/s">23.988050</mesocyclone_velocity_rotational_max_closest_to_ground>
      <meso_intensity>3</meso_intensity>
    </nowcast-parameters>
  </event>
</nowcast-data>
