<?xml version="1.0" encoding="UTF-8"?>
<nowcast-data>
  <radar-stations>ASB,BOO,ROS,HNR,UMD,PRO,ESS,FLD,DRS,NEU,NHB,OFT,EIS,TUR,ISN,FBG,MEM</radar-stations>
  <event ID="27">
    <time time-coordinate="UTC">2021-07-08T13:00:00</time>
    <location>
      <area>
        <ellipse>
          <moving-point>
            <latitude>49.613370</latitude>
            <longitude>12.852203</longitude>
            <polar_motion>
              <speed units="km/h">0.0</speed>
            </polar_motion>
          </moving-point>
          <major_axis units="km">6.91</major_axis>
          <minor_axis units="km">6.91</minor_axis>
          <orientation units="degrees true">0</orientation>
        </ellipse>
      </area>
    </location>
    <nowcast-parameters>
      <mesocyclone_shear_mean units="m/s/km">3.998539</mesocyclone_shear_mean>
      <mesocyclone_shear_max units="m/s/km">7.909673</mesocyclone_shear_max>
      <mesocyclone_momentum_mean units="m/s/km">77.634022</mesocyclone_momentum_mean>
      <mesocyclone_momentum_max units="m/s/km">213.650956</mesocyclone_momentum_max>
      <mesocyclone_diameter units="km">6.905721</mesocyclone_diameter>
      <mesocyclone_diameter_equivalent units="km">4.830565</mesocyclone_diameter_equivalent>
      <mesocyclone_top units="km">7.837334</mesocyclone_top>
      <mesocyclone_base units="km">4.737300</mesocyclone_base>
      <mesocyclone_echotop units="km">10.129718</mesocyclone_echotop>
      <mesocyclone_vil units="kg/m*m">18.864010</mesocyclone_vil>
      <mesocyclone_shear_vectors>15</mesocyclone_shear_vectors>
      <mesocyclone_shear_features>2</mesocyclone_shear_features>
      <elevations>
        <elevation site="drs" units="&#176;">1.5</elevation>
        <elevation site="isn" units="&#176;">1.5</elevation>
      </elevations>
      <mean_dbz units="DBZ">41.68</mean_dbz>
      <max_dbz units="DBZ">55.42</max_dbz>
      <mesocyclone_velocity_max units="m/s">31.968277</mesocyclone_velocity_max>
      <mesocyclone_velocity_rotational_max units="m/s">13.610242</mesocyclone_velocity_rotational_max>
      <mesocyclone_velocity_rotational_mean units="m/s">7.959171</mesocyclone_velocity_rotational_mean>
      <mesocyclone_velocity_rotational_max_closest_to_ground units="m/s">13.610242</mesocyclone_velocity_rotational_max_closest_to_ground>
      <meso_intensity>2</meso_intensity>
    </nowcast-parameters>
  </event>
  <event ID="40">
    <time time-coordinate="UTC">2021-07-08T13:00:00</time>
    <location>
      <area>
        <ellipse>
          <moving-point>
            <latitude>49.356294</latitude>
            <longitude>12.930207</longitude>
            <polar_motion>
              <speed units="km/h">0.0</speed>
            </polar_motion>
          </moving-point>
          <major_axis units="km">5.25</major_axis>
          <minor_axis units="km">5.25</minor_axis>
          <orientation units="degrees true">0</orientation>
        </ellipse>
      </area>
    </location>
    <nowcast-parameters>
      <mesocyclone_shear_mean units="m/s/km">5.952933</mesocyclone_shear_mean>
      <mesocyclone_shear_max units="m/s/km">13.671358</mesocyclone_shear_max>
      <mesocyclone_momentum_mean units="m/s/km">40.043026</mesocyclone_momentum_mean>
      <mesocyclone_momentum_max units="m/s/km">70.816865</mesocyclone_momentum_max>
      <mesocyclone_diameter units="km">5.250000</mesocyclone_diameter>
      <mesocyclone_diameter_equivalent units="km">3.334260</mesocyclone_diameter_equivalent>
      <mesocyclone_top units="km">4.239228</mesocyclone_top>
      <mesocyclone_base units="km">2.635040</mesocyclone_base>
      <mesocyclone_echotop units="km">10.150420</mesocyclone_echotop>
      <mesocyclone_vil units="kg/m*m">57.339978</mesocyclone_vil>
      <mesocyclone_shear_vectors>13</mesocyclone_shear_vectors>
      <mesocyclone_shear_features>2</mesocyclone_shear_features>
      <elevations>
        <elevation site="eis" units="&#176;">3.5,4.5</elevation>
      </elevations>
      <mean_dbz units="DBZ">50.23</mean_dbz>
      <max_dbz units="DBZ">64.19</max_dbz>
      <mesocyclone_velocity_max units="m/s">20.793419</mesocyclone_velocity_max>
      <mesocyclone_velocity_rotational_max units="m/s">12.854115</mesocyclone_velocity_rotational_max>
      <mesocyclone_velocity_rotational_mean units="m/s">7.567877</mesocyclone_velocity_rotational_mean>
      <mesocyclone_velocity_rotational_max_closest_to_ground units="m/s">12.854115</mesocyclone_velocity_rotational_max_closest_to_ground>
      <meso_intensity>1</meso_intensity>
    </nowcast-parameters>
  </event>
  <event ID="37">
    <time time-coordinate="UTC">2021-07-08T13:00:00</time>
    <location>
      <area>
        <ellipse>
          <moving-point>
            <latitude>48.490089</latitude>
            <longitude>12.134780</longitude>
            <polar_motion>
              <speed units="km/h">0.0</speed>
            </polar_motion>
          </moving-point>
          <major_axis units="km">6.80</major_axis>
          <minor_axis units="km">6.80</minor_axis>
          <orientation units="degrees true">0</orientation>
        </ellipse>
      </area>
    </location>
    <nowcast-parameters>
      <mesocyclone_shear_mean units="m/s/km">4.074331</mesocyclone_shear_mean>
      <mesocyclone_shear_max units="m/s/km">10.551273</mesocyclone_shear_max>
      <mesocyclone_momentum_mean units="m/s/km">105.073542</mesocyclone_momentum_mean>
      <mesocyclone_momentum_max units="m/s/km">196.418892</mesocyclone_momentum_max>
      <mesocyclone_diameter units="km">6.802118</mesocyclone_diameter>
      <mesocyclone_diameter_equivalent units="km">5.198038</mesocyclone_diameter_equivalent>
      <mesocyclone_top units="km">5.203472</mesocyclone_top>
      <mesocyclone_base units="km">3.135826</mesocyclone_base>
      <mesocyclone_echotop units="km">6.716845</mesocyclone_echotop>
      <mesocyclone_vil units="kg/m*m">18.490576</mesocyclone_vil>
      <mesocyclone_shear_vectors>14</mesocyclone_shear_vectors>
      <mesocyclone_shear_features>2</mesocyclone_shear_features>
      <elevations>
        <elevation site="eis" units="&#176;">1.5</elevation>
        <elevation site="isn" units="&#176;">5.5</elevation>
      </elevations>
      <mean_dbz units="DBZ">41.39</mean_dbz>
      <max_dbz units="DBZ">59.74</max_dbz>
      <mesocyclone_velocity_max units="m/s">23.313839</mesocyclone_velocity_max>
      <mesocyclone_velocity_rotational_max units="m/s">13.106157</mesocyclone_velocity_rotational_max>
      <mesocyclone_velocity_rotational_mean units="m/s">9.294557</mesocyclone_velocity_rotational_mean>
      <mesocyclone_velocity_rotational_max_closest_to_ground units="m/s">10.234902</mesocyclone_velocity_rotational_max_closest_to_ground>
      <meso_intensity>2</meso_intensity>
    </nowcast-parameters>
  </event>
  <event ID="70">
    <time time-coordinate="UTC">2021-07-08T13:00:00</time>
    <location>
      <area>
        <ellipse>
          <moving-point>
            <latitude>47.717000</latitude>
            <longitude>12.021303</longitude>
            <polar_motion>
              <speed units="km/h">0.0</speed>
            </polar_motion>
          </moving-point>
          <major_axis units="km">19.00</major_axis>
          <minor_axis units="km">19.00</minor_axis>
          <orientation units="degrees true">0</orientation>
        </ellipse>
      </area>
    </location>
    <nowcast-parameters>
      <mesocyclone_shear_mean units="m/s/km">3.788789</mesocyclone_shear_mean>
      <mesocyclone_shear_max units="m/s/km">9.433412</mesocyclone_shear_max>
      <mesocyclone_momentum_mean units="m/s/km">102.406351</mesocyclone_momentum_mean>
      <mesocyclone_momentum_max units="m/s/km">458.033120</mesocyclone_momentum_max>
      <mesocyclone_diameter units="km">19.000000</mesocyclone_diameter>
      <mesocyclone_diameter_equivalent units="km">9.422481</mesocyclone_diameter_equivalent>
      <mesocyclone_top units="km">11.030980</mesocyclone_top>
      <mesocyclone_base units="km">1.056984</mesocyclone_base>
      <mesocyclone_echotop units="km">7.064075</mesocyclone_echotop>
      <mesocyclone_vil units="kg/m*m">67.144671</mesocyclone_vil>
      <mesocyclone_shear_vectors>44</mesocyclone_shear_vectors>
      <mesocyclone_shear_features>4</mesocyclone_shear_features>
      <elevations>
        <elevation site="isn" units="&#176;">5.5,12.0</elevation>
        <elevation site="mem" units="&#176;">0.5,2.5</elevation>
      </elevations>
      <mean_dbz units="DBZ">47.03</mean_dbz>
      <max_dbz units="DBZ">66.71</max_dbz>
      <mesocyclone_velocity_max units="m/s">31.462849</mesocyclone_velocity_max>
      <mesocyclone_velocity_rotational_max units="m/s">21.354300</mesocyclone_velocity_rotational_max>
      <mesocyclone_velocity_rotational_mean units="m/s">8.626567</mesocyclone_velocity_rotational_mean>
      <mesocyclone_velocity_rotational_max_closest_to_ground units="m/s">8.963366</mesocyclone_velocity_rotational_max_closest_to_ground>
      <meso_intensity>4</meso_intensity>
    </nowcast-parameters>
  </event>
  <event ID="48">
    <time time-coordinate="UTC">2021-07-08T13:00:00</time>
    <location>
      <area>
        <ellipse>
          <moving-point>
            <latitude>47.625770</latitude>
            <longitude>11.156625</longitude>
            <polar_motion>
              <speed units="km/h">0.0</speed>
            </polar_motion>
          </moving-point>
          <major_axis units="km">10.50</major_axis>
          <minor_axis units="km">10.50</minor_axis>
          <orientation units="degrees true">0</orientation>
        </ellipse>
      </area>
    </location>
    <nowcast-parameters>
      <mesocyclone_shear_mean units="m/s/km">4.715709</mesocyclone_shear_mean>
      <mesocyclone_shear_max units="m/s/km">9.201504</mesocyclone_shear_max>
      <mesocyclone_momentum_mean units="m/s/km">98.003650</mesocyclone_momentum_mean>
      <mesocyclone_momentum_max units="m/s/km">449.540147</mesocyclone_momentum_max>
      <mesocyclone_diameter units="km">10.500000</mesocyclone_diameter>
      <mesocyclone_diameter_equivalent units="km">5.051396</mesocyclone_diameter_equivalent>
      <mesocyclone_top units="km">5.958765</mesocyclone_top>
      <mesocyclone_base units="km">3.403686</mesocyclone_base>
      <mesocyclone_echotop units="km">7.362183</mesocyclone_echotop>
      <mesocyclone_vil units="kg/m*m">12.192713</mesocyclone_vil>
      <mesocyclone_shear_vectors>16</mesocyclone_shear_vectors>
      <mesocyclone_shear_features>2</mesocyclone_shear_features>
      <elevations>
        <elevation site="tur" units="&#176;">1.5</elevation>
        <elevation site="mem" units="&#176;">2.5</elevation>
      </elevations>
      <mean_dbz units="DBZ">41.78</mean_dbz>
      <max_dbz units="DBZ">57.19</max_dbz>
      <mesocyclone_velocity_max units="m/s">30.587938</mesocyclone_velocity_max>
      <mesocyclone_velocity_rotational_max units="m/s">29.699490</mesocyclone_velocity_rotational_max>
      <mesocyclone_velocity_rotational_mean units="m/s">9.787814</mesocyclone_velocity_rotational_mean>
      <mesocyclone_velocity_rotational_max_closest_to_ground units="m/s">29.699490</mesocyclone_velocity_rotational_max_closest_to_ground>
      <meso_intensity>2</meso_intensity>
    </nowcast-parameters>
  </event>
  <event ID="47">
    <time time-coordinate="UTC">2021-07-08T13:00:00</time>
    <location>
      <area>
        <ellipse>
          <moving-point>
            <latitude>47.578687</latitude>
            <longitude>10.489752</longitude>
            <polar_motion>
              <speed units="km/h">0.0</speed>
            </polar_motion>
          </moving-point>
          <major_axis units="km">10.30</major_axis>
          <minor_axis units="km">10.30</minor_axis>
          <orientation units="degrees true">0</orientation>
        </ellipse>
      </area>
    </location>
    <nowcast-parameters>
      <mesocyclone_shear_mean units="m/s/km">4.336430</mesocyclone_shear_mean>
      <mesocyclone_shear_max units="m/s/km">13.939669</mesocyclone_shear_max>
      <mesocyclone_momentum_mean units="m/s/km">133.221821</mesocyclone_momentum_mean>
      <mesocyclone_momentum_max units="m/s/km">861.834657</mesocyclone_momentum_max>
      <mesocyclone_diameter units="km">10.298547</mesocyclone_diameter>
      <mesocyclone_diameter_equivalent units="km">6.444452</mesocyclone_diameter_equivalent>
      <mesocyclone_top units="km">4.772717</mesocyclone_top>
      <mesocyclone_base units="km">1.719653</mesocyclone_base>
      <mesocyclone_echotop units="km">6.735474</mesocyclone_echotop>
      <mesocyclone_vil units="kg/m*m">4.372341</mesocyclone_vil>
      <mesocyclone_shear_vectors>26</mesocyclone_shear_vectors>
      <mesocyclone_shear_features>3</mesocyclone_shear_features>
      <elevations>
        <elevation site="tur" units="&#176;">1.5</elevation>
        <elevation site="mem" units="&#176;">2.5,3.5</elevation>
      </elevations>
      <mean_dbz units="DBZ">29.18</mean_dbz>
      <max_dbz units="DBZ">48.36</max_dbz>
      <mesocyclone_velocity_max units="m/s">20.830359</mesocyclone_velocity_max>
      <mesocyclone_velocity_rotational_max units="m/s">35.222240</mesocyclone_velocity_rotational_max>
      <mesocyclone_velocity_rotational_mean units="m/s">9.947202</mesocyclone_velocity_rotational_mean>
      <mesocyclone_velocity_rotational_max_closest_to_ground units="m/s">11.362014</mesocyclone_velocity_rotational_max_closest_to_ground>
      <meso_intensity>3</meso_intensity>
    </nowcast-parameters>
  </event>
  <event ID="50">
    <time time-coordinate="UTC">2021-07-08T13:00:00</time>
    <location>
      <area>
        <ellipse>
          <moving-point>
            <latitude>47.547165</latitude>
            <longitude>11.336336</longitude>
            <polar_motion>
              <speed units="km/h">0.0</speed>
            </polar_motion>
          </moving-point>
          <major_axis units="km">8.12</major_axis>
          <minor_axis units="km">8.12</minor_axis>
          <orientation units="degrees true">0</orientation>
        </ellipse>
      </area>
    </location>
    <nowcast-parameters>
      <mesocyclone_shear_mean units="m/s/km">5.135596</mesocyclone_shear_mean>
      <mesocyclone_shear_max units="m/s/km">13.256610</mesocyclone_shear_max>
      <mesocyclone_momentum_mean units="m/s/km">122.271122</mesocyclone_momentum_mean>
      <mesocyclone_momentum_max units="m/s/km">312.366957</mesocyclone_momentum_max>
      <mesocyclone_diameter units="km">8.115688</mesocyclone_diameter>
      <mesocyclone_diameter_equivalent units="km">4.329238</mesocyclone_diameter_equivalent>
      <mesocyclone_top units="km">8.419250</mesocyclone_top>
      <mesocyclone_base units="km">1.972908</mesocyclone_base>
      <mesocyclone_echotop units="km">9.839291</mesocyclone_echotop>
      <mesocyclone_vil units="kg/m*m">22.818863</mesocyclone_vil>
      <mesocyclone_shear_vectors>10</mesocyclone_shear_vectors>
      <mesocyclone_shear_features>4</mesocyclone_shear_features>
      <elevations>
        <elevation site="tur" units="&#176;">1.5</elevation>
        <elevation site="isn" units="&#176;">3.5,4.5</elevation>
        <elevation site="mem" units="&#176;">1.5</elevation>
      </elevations>
      <mean_dbz units="DBZ">43.38</mean_dbz>
      <max_dbz units="DBZ">59.74</max_dbz>
      <mesocyclone_velocity_max units="m/s">31.095621</mesocyclone_velocity_max>
      <mesocyclone_velocity_rotational_max units="m/s">18.684199</mesocyclone_velocity_rotational_max>
      <mesocyclone_velocity_rotational_mean units="m/s">10.805024</mesocyclone_velocity_rotational_mean>
      <mesocyclone_velocity_rotational_max_closest_to_ground units="m/s">18.684199</mesocyclone_velocity_rotational_max_closest_to_ground>
      <meso_intensity>2</meso_intensity>
    </nowcast-parameters>
  </event>
  <event ID="49">
    <time time-coordinate="UTC">2021-07-08T13:00:00</time>
    <location>
      <area>
        <ellipse>
          <moving-point>
            <latitude>47.145807</latitude>
            <longitude>10.078009</longitude>
            <polar_motion>
              <speed units="km/h">0.0</speed>
            </polar_motion>
          </moving-point>
          <major_axis units="km">7.25</major_axis>
          <minor_axis units="km">7.25</minor_axis>
          <orientation units="degrees true">0</orientation>
        </ellipse>
      </area>
    </location>
    <nowcast-parameters>
      <mesocyclone_shear_mean units="m/s/km">4.608526</mesocyclone_shear_mean>
      <mesocyclone_shear_max units="m/s/km">8.256459</mesocyclone_shear_max>
      <mesocyclone_momentum_mean units="m/s/km">87.699854</mesocyclone_momentum_mean>
      <mesocyclone_momentum_max units="m/s/km">545.107640</mesocyclone_momentum_max>
      <mesocyclone_diameter units="km">7.250000</mesocyclone_diameter>
      <mesocyclone_diameter_equivalent units="km">4.015602</mesocyclone_diameter_equivalent>
      <mesocyclone_top units="km">6.261070</mesocyclone_top>
      <mesocyclone_base units="km">1.937338</mesocyclone_base>
      <mesocyclone_echotop units="km">7.919283</mesocyclone_echotop>
      <mesocyclone_vil units="kg/m*m">4.623210</mesocyclone_vil>
      <mesocyclone_shear_vectors>11</mesocyclone_shear_vectors>
      <mesocyclone_shear_features>3</mesocyclone_shear_features>
      <elevations>
        <elevation site="tur" units="&#176;">1.5</elevation>
        <elevation site="fbg" units="&#176;">0.5</elevation>
        <elevation site="mem" units="&#176;">2.5</elevation>
      </elevations>
      <mean_dbz units="DBZ">31.72</mean_dbz>
      <max_dbz units="DBZ">44.00</max_dbz>
      <mesocyclone_velocity_max units="m/s">29.919968</mesocyclone_velocity_max>
      <mesocyclone_velocity_rotational_max units="m/s">32.237908</mesocyclone_velocity_rotational_max>
      <mesocyclone_velocity_rotational_mean units="m/s">9.396075</mesocyclone_velocity_rotational_mean>
      <mesocyclone_velocity_rotational_max_closest_to_ground units="m/s">6.894469</mesocyclone_velocity_rotational_max_closest_to_ground>
      <meso_intensity>2</meso_intensity>
    </nowcast-parameters>
  </event>
  <event ID="83">
    <time time-coordinate="UTC">2021-07-08T13:00:00</time>
    <location>
      <area>
        <ellipse>
          <moving-point>
            <latitude>46.317035</latitude>
            <longitude>7.977957</longitude>
            <polar_motion>
              <speed units="km/h">0.0</speed>
            </polar_motion>
          </moving-point>
          <major_axis units="km">13.50</major_axis>
          <minor_axis units="km">13.50</minor_axis>
          <orientation units="degrees true">0</orientation>
        </ellipse>
      </area>
    </location>
    <nowcast-parameters>
      <mesocyclone_shear_mean units="m/s/km">4.058314</mesocyclone_shear_mean>
      <mesocyclone_shear_max units="m/s/km">8.063437</mesocyclone_shear_max>
      <mesocyclone_momentum_mean units="m/s/km">132.922136</mesocyclone_momentum_mean>
      <mesocyclone_momentum_max units="m/s/km">1241.485658</mesocyclone_momentum_max>
      <mesocyclone_diameter units="km">13.500000</mesocyclone_diameter>
      <mesocyclone_diameter_equivalent units="km">7.096494</mesocyclone_diameter_equivalent>
      <mesocyclone_top units="km">7.886737</mesocyclone_top>
      <mesocyclone_base units="km">2.553796</mesocyclone_base>
      <mesocyclone_echotop units="km">9.638836</mesocyclone_echotop>
      <mesocyclone_vil units="kg/m*m">8.809974</mesocyclone_vil>
      <mesocyclone_shear_vectors>29</mesocyclone_shear_vectors>
      <mesocyclone_shear_features>2</mesocyclone_shear_features>
      <elevations>
        <elevation site="fbg" units="&#176;">0.5,1.5</elevation>
      </elevations>
      <mean_dbz units="DBZ">37.52</mean_dbz>
      <max_dbz units="DBZ">49.99</max_dbz>
      <mesocyclone_velocity_max units="m/s">31.714556</mesocyclone_velocity_max>
      <mesocyclone_velocity_rotational_max units="m/s">34.973758</mesocyclone_velocity_rotational_max>
      <mesocyclone_velocity_rotational_mean units="m/s">9.550906</mesocyclone_velocity_rotational_mean>
      <mesocyclone_velocity_rotational_max_closest_to_ground units="m/s">16.922786</mesocyclone_velocity_rotational_max_closest_to_ground>
      <meso_intensity>3</meso_intensity>
    </nowcast-parameters>
  </event>
</nowcast-data>
