<?xml version="1.0" encoding="UTF-8"?>
<nowcast-data>
  <radar-stations>ASB,BOO,ROS,HNR,UMD,PRO,ESS,FLD,DRS,NEU,NHB,OFT,EIS,TUR,ISN,FBG,MEM</radar-stations>
  <event ID="9">
    <time time-coordinate="UTC">2021-07-08T14:20:00</time>
    <location>
      <area>
        <ellipse>
          <moving-point>
            <latitude>50.981524</latitude>
            <longitude>9.329101</longitude>
            <polar_motion>
              <speed units="km/h">0.0</speed>
            </polar_motion>
          </moving-point>
          <major_axis units="km">4.81</major_axis>
          <minor_axis units="km">4.81</minor_axis>
          <orientation units="degrees true">0</orientation>
        </ellipse>
      </area>
    </location>
    <nowcast-parameters>
      <mesocyclone_shear_mean units="m/s/km">4.540717</mesocyclone_shear_mean>
      <mesocyclone_shear_max units="m/s/km">8.181270</mesocyclone_shear_max>
      <mesocyclone_momentum_mean units="m/s/km">63.676475</mesocyclone_momentum_mean>
      <mesocyclone_momentum_max units="m/s/km">152.152533</mesocyclone_momentum_max>
      <mesocyclone_diameter units="km">4.814783</mesocyclone_diameter>
      <mesocyclone_diameter_equivalent units="km">3.726684</mesocyclone_diameter_equivalent>
      <mesocyclone_top units="km">8.105952</mesocyclone_top>
      <mesocyclone_base units="km">4.372437</mesocyclone_base>
      <mesocyclone_echotop units="km">6.585248</mesocyclone_echotop>
      <mesocyclone_vil units="kg/m*m">10.815424</mesocyclone_vil>
      <mesocyclone_shear_vectors>11</mesocyclone_shear_vectors>
      <mesocyclone_shear_features>2</mesocyclone_shear_features>
      <elevations>
        <elevation site="hnr" units="&#176;">1.5</elevation>
        <elevation site="umd" units="&#176;">1.5</elevation>
      </elevations>
      <mean_dbz units="DBZ">35.15</mean_dbz>
      <max_dbz units="DBZ">55.67</max_dbz>
      <mesocyclone_velocity_max units="m/s">31.379168</mesocyclone_velocity_max>
      <mesocyclone_velocity_rotational_max units="m/s">13.106160</mesocyclone_velocity_rotational_max>
      <mesocyclone_velocity_rotational_mean units="m/s">8.109806</mesocyclone_velocity_rotational_mean>
      <mesocyclone_velocity_rotational_max_closest_to_ground units="m/s">13.106160</mesocyclone_velocity_rotational_max_closest_to_ground>
      <meso_intensity>2</meso_intensity>
    </nowcast-parameters>
  </event>
  <event ID="38">
    <time time-coordinate="UTC">2021-07-08T14:20:00</time>
    <location>
      <area>
        <ellipse>
          <moving-point>
            <latitude>49.516044</latitude>
            <longitude>12.502158</longitude>
            <polar_motion>
              <speed units="km/h">0.0</speed>
            </polar_motion>
          </moving-point>
          <major_axis units="km">6.76</major_axis>
          <minor_axis units="km">6.76</minor_axis>
          <orientation units="degrees true">0</orientation>
        </ellipse>
      </area>
    </location>
    <nowcast-parameters>
      <mesocyclone_shear_mean units="m/s/km">6.133155</mesocyclone_shear_mean>
      <mesocyclone_shear_max units="m/s/km">10.193589</mesocyclone_shear_max>
      <mesocyclone_momentum_mean units="m/s/km">107.806418</mesocyclone_momentum_mean>
      <mesocyclone_momentum_max units="m/s/km">353.238413</mesocyclone_momentum_max>
      <mesocyclone_diameter units="km">6.762498</mesocyclone_diameter>
      <mesocyclone_diameter_equivalent units="km">3.041510</mesocyclone_diameter_equivalent>
      <mesocyclone_top units="km">4.104316</mesocyclone_top>
      <mesocyclone_base units="km">1.356844</mesocyclone_base>
      <mesocyclone_echotop units="km">5.496436</mesocyclone_echotop>
      <mesocyclone_vil units="kg/m*m">12.030447</mesocyclone_vil>
      <mesocyclone_shear_vectors>8</mesocyclone_shear_vectors>
      <mesocyclone_shear_features>2</mesocyclone_shear_features>
      <elevations>
        <elevation site="neu" units="&#176;">0.5</elevation>
        <elevation site="isn" units="&#176;">0.5</elevation>
      </elevations>
      <mean_dbz units="DBZ">38.81</mean_dbz>
      <max_dbz units="DBZ">58.62</max_dbz>
      <mesocyclone_velocity_max units="m/s">24.386864</mesocyclone_velocity_max>
      <mesocyclone_velocity_rotational_max units="m/s">25.776788</mesocyclone_velocity_rotational_max>
      <mesocyclone_velocity_rotational_mean units="m/s">11.372113</mesocyclone_velocity_rotational_mean>
      <mesocyclone_velocity_rotational_max_closest_to_ground units="m/s">22.491511</mesocyclone_velocity_rotational_max_closest_to_ground>
      <meso_intensity>2</meso_intensity>
    </nowcast-parameters>
  </event>
  <event ID="40">
    <time time-coordinate="UTC">2021-07-08T14:20:00</time>
    <location>
      <area>
        <ellipse>
          <moving-point>
            <latitude>49.142142</latitude>
            <longitude>12.752597</longitude>
            <polar_motion>
              <speed units="km/h">0.0</speed>
            </polar_motion>
          </moving-point>
          <major_axis units="km">18.50</major_axis>
          <minor_axis units="km">18.50</minor_axis>
          <orientation units="degrees true">0</orientation>
        </ellipse>
      </area>
    </location>
    <nowcast-parameters>
      <mesocyclone_shear_mean units="m/s/km">3.051820</mesocyclone_shear_mean>
      <mesocyclone_shear_max units="m/s/km">11.228533</mesocyclone_shear_max>
      <mesocyclone_momentum_mean units="m/s/km">144.324037</mesocyclone_momentum_mean>
      <mesocyclone_momentum_max units="m/s/km">574.276282</mesocyclone_momentum_max>
      <mesocyclone_diameter units="km">18.500000</mesocyclone_diameter>
      <mesocyclone_diameter_equivalent units="km">12.599004</mesocyclone_diameter_equivalent>
      <mesocyclone_top units="km">11.287762</mesocyclone_top>
      <mesocyclone_base units="km">1.505495</mesocyclone_base>
      <mesocyclone_echotop units="km">10.472508</mesocyclone_echotop>
      <mesocyclone_vil units="kg/m*m">18.540824</mesocyclone_vil>
      <mesocyclone_shear_vectors>70</mesocyclone_shear_vectors>
      <mesocyclone_shear_features>7</mesocyclone_shear_features>
      <elevations>
        <elevation site="neu" units="&#176;">2.5</elevation>
        <elevation site="eis" units="&#176;">1.5,2.5,3.5</elevation>
        <elevation site="isn" units="&#176;">1.5,3.5,4.5</elevation>
      </elevations>
      <mean_dbz units="DBZ">38.27</mean_dbz>
      <max_dbz units="DBZ">57.24</max_dbz>
      <mesocyclone_velocity_max units="m/s">31.715559</mesocyclone_velocity_max>
      <mesocyclone_velocity_rotational_max units="m/s">18.146987</mesocyclone_velocity_rotational_max>
      <mesocyclone_velocity_rotational_mean units="m/s">9.565678</mesocyclone_velocity_rotational_mean>
      <mesocyclone_velocity_rotational_max_closest_to_ground units="m/s">11.971971</mesocyclone_velocity_rotational_max_closest_to_ground>
      <meso_intensity>3</meso_intensity>
    </nowcast-parameters>
  </event>
  <event ID="58">
    <time time-coordinate="UTC">2021-07-08T14:20:00</time>
    <location>
      <area>
        <ellipse>
          <moving-point>
            <latitude>48.907559</latitude>
            <longitude>12.586608</longitude>
            <polar_motion>
              <speed units="km/h">0.0</speed>
            </polar_motion>
          </moving-point>
          <major_axis units="km">7.75</major_axis>
          <minor_axis units="km">7.75</minor_axis>
          <orientation units="degrees true">0</orientation>
        </ellipse>
      </area>
    </location>
    <nowcast-parameters>
      <mesocyclone_shear_mean units="m/s/km">4.459307</mesocyclone_shear_mean>
      <mesocyclone_shear_max units="m/s/km">6.312987</mesocyclone_shear_max>
      <mesocyclone_momentum_mean units="m/s/km">47.948389</mesocyclone_momentum_mean>
      <mesocyclone_momentum_max units="m/s/km">247.169636</mesocyclone_momentum_max>
      <mesocyclone_diameter units="km">7.750000</mesocyclone_diameter>
      <mesocyclone_diameter_equivalent units="km">3.922372</mesocyclone_diameter_equivalent>
      <mesocyclone_top units="km">5.678446</mesocyclone_top>
      <mesocyclone_base units="km">3.275149</mesocyclone_base>
      <mesocyclone_echotop units="km">7.860110</mesocyclone_echotop>
      <mesocyclone_vil units="kg/m*m">4.403630</mesocyclone_vil>
      <mesocyclone_shear_vectors>15</mesocyclone_shear_vectors>
      <mesocyclone_shear_features>3</mesocyclone_shear_features>
      <elevations>
        <elevation site="eis" units="&#176;">2.5,3.5</elevation>
        <elevation site="isn" units="&#176;">2.5</elevation>
      </elevations>
      <mean_dbz units="DBZ">33.60</mean_dbz>
      <max_dbz units="DBZ">49.05</max_dbz>
      <mesocyclone_velocity_max units="m/s">22.305668</mesocyclone_velocity_max>
      <mesocyclone_velocity_rotational_max units="m/s">17.138821</mesocyclone_velocity_rotational_max>
      <mesocyclone_velocity_rotational_mean units="m/s">6.954910</mesocyclone_velocity_rotational_mean>
      <mesocyclone_velocity_rotational_max_closest_to_ground units="m/s">17.138821</mesocyclone_velocity_rotational_max_closest_to_ground>
      <meso_intensity>2</meso_intensity>
    </nowcast-parameters>
  </event>
  <event ID="50">
    <time time-coordinate="UTC">2021-07-08T14:20:00</time>
    <location>
      <area>
        <ellipse>
          <moving-point>
            <latitude>48.318423</latitude>
            <longitude>12.829850</longitude>
            <polar_motion>
              <speed units="km/h">0.0</speed>
            </polar_motion>
          </moving-point>
          <major_axis units="km">11.25</major_axis>
          <minor_axis units="km">11.25</minor_axis>
          <orientation units="degrees true">0</orientation>
        </ellipse>
      </area>
    </location>
    <nowcast-parameters>
      <mesocyclone_shear_mean units="m/s/km">4.649726</mesocyclone_shear_mean>
      <mesocyclone_shear_max units="m/s/km">19.320240</mesocyclone_shear_max>
      <mesocyclone_momentum_mean units="m/s/km">88.367188</mesocyclone_momentum_mean>
      <mesocyclone_momentum_max units="m/s/km">371.851734</mesocyclone_momentum_max>
      <mesocyclone_diameter units="km">11.250000</mesocyclone_diameter>
      <mesocyclone_diameter_equivalent units="km">7.762167</mesocyclone_diameter_equivalent>
      <mesocyclone_top units="km">9.178884</mesocyclone_top>
      <mesocyclone_base units="km">1.454872</mesocyclone_base>
      <mesocyclone_echotop units="km">10.307893</mesocyclone_echotop>
      <mesocyclone_vil units="kg/m*m">91.984696</mesocyclone_vil>
      <mesocyclone_shear_vectors>35</mesocyclone_shear_vectors>
      <mesocyclone_shear_features>6</mesocyclone_shear_features>
      <elevations>
        <elevation site="eis" units="&#176;">0.5</elevation>
        <elevation site="isn" units="&#176;">2.5,3.5,4.5,5.5,8.0</elevation>
      </elevations>
      <mean_dbz units="DBZ">51.75</mean_dbz>
      <max_dbz units="DBZ">69.37</max_dbz>
      <mesocyclone_velocity_max units="m/s">30.118958</mesocyclone_velocity_max>
      <mesocyclone_velocity_rotational_max units="m/s">34.874478</mesocyclone_velocity_rotational_max>
      <mesocyclone_velocity_rotational_mean units="m/s">8.890886</mesocyclone_velocity_rotational_mean>
      <mesocyclone_velocity_rotational_max_closest_to_ground units="m/s">15.878613</mesocyclone_velocity_rotational_max_closest_to_ground>
      <meso_intensity>4</meso_intensity>
    </nowcast-parameters>
  </event>
  <event ID="81">
    <time time-coordinate="UTC">2021-07-08T14:20:00</time>
    <location>
      <area>
        <ellipse>
          <moving-point>
            <latitude>47.161714</latitude>
            <longitude>11.262858</longitude>
            <polar_motion>
              <speed units="km/h">0.0</speed>
            </polar_motion>
          </moving-point>
          <major_axis units="km">10.25</major_axis>
          <minor_axis units="km">10.25</minor_axis>
          <orientation units="degrees true">0</orientation>
        </ellipse>
      </area>
    </location>
    <nowcast-parameters>
      <mesocyclone_shear_mean units="m/s/km">4.018362</mesocyclone_shear_mean>
      <mesocyclone_shear_max units="m/s/km">11.762093</mesocyclone_shear_max>
      <mesocyclone_momentum_mean units="m/s/km">115.148257</mesocyclone_momentum_mean>
      <mesocyclone_momentum_max units="m/s/km">283.778867</mesocyclone_momentum_max>
      <mesocyclone_diameter units="km">10.250000</mesocyclone_diameter>
      <mesocyclone_diameter_equivalent units="km">6.385809</mesocyclone_diameter_equivalent>
      <mesocyclone_top units="km">6.564500</mesocyclone_top>
      <mesocyclone_base units="km">-0.141561</mesocyclone_base>
      <mesocyclone_echotop units="km">8.207115</mesocyclone_echotop>
      <mesocyclone_vil units="kg/m*m">10.137826</mesocyclone_vil>
      <mesocyclone_shear_vectors>18</mesocyclone_shear_vectors>
      <mesocyclone_shear_features>3</mesocyclone_shear_features>
      <elevations>
        <elevation site="isn" units="&#176;">1.5,2.5</elevation>
        <elevation site="mem" units="&#176;">0.5</elevation>
      </elevations>
      <mean_dbz units="DBZ">35.56</mean_dbz>
      <max_dbz units="DBZ">50.53</max_dbz>
      <mesocyclone_velocity_max units="m/s">31.968277</mesocyclone_velocity_max>
      <mesocyclone_velocity_rotational_max units="m/s">16.916776</mesocyclone_velocity_rotational_max>
      <mesocyclone_velocity_rotational_mean units="m/s">8.854003</mesocyclone_velocity_rotational_mean>
      <mesocyclone_velocity_rotational_max_closest_to_ground units="m/s">16.916776</mesocyclone_velocity_rotational_max_closest_to_ground>
      <meso_intensity>3</meso_intensity>
    </nowcast-parameters>
  </event>
  <event ID="72">
    <time time-coordinate="UTC">2021-07-08T14:20:00</time>
    <location>
      <area>
        <ellipse>
          <moving-point>
            <latitude>46.784204</latitude>
            <longitude>11.015657</longitude>
            <polar_motion>
              <speed units="km/h">0.0</speed>
            </polar_motion>
          </moving-point>
          <major_axis units="km">18.75</major_axis>
          <minor_axis units="km">18.75</minor_axis>
          <orientation units="degrees true">0</orientation>
        </ellipse>
      </area>
    </location>
    <nowcast-parameters>
      <mesocyclone_shear_mean units="m/s/km">4.987897</mesocyclone_shear_mean>
      <mesocyclone_shear_max units="m/s/km">11.115086</mesocyclone_shear_max>
      <mesocyclone_momentum_mean units="m/s/km">112.972373</mesocyclone_momentum_mean>
      <mesocyclone_momentum_max units="m/s/km">639.742311</mesocyclone_momentum_max>
      <mesocyclone_diameter units="km">18.750000</mesocyclone_diameter>
      <mesocyclone_diameter_equivalent units="km">8.010780</mesocyclone_diameter_equivalent>
      <mesocyclone_top units="km">5.882992</mesocyclone_top>
      <mesocyclone_base units="km">-0.696252</mesocyclone_base>
      <mesocyclone_echotop units="km">8.950217</mesocyclone_echotop>
      <mesocyclone_vil units="kg/m*m">19.150100</mesocyclone_vil>
      <mesocyclone_shear_vectors>40</mesocyclone_shear_vectors>
      <mesocyclone_shear_features>3</mesocyclone_shear_features>
      <elevations>
        <elevation site="isn" units="&#176;">0.5,1.5</elevation>
        <elevation site="mem" units="&#176;">1.5</elevation>
      </elevations>
      <mean_dbz units="DBZ">38.66</mean_dbz>
      <max_dbz units="DBZ">55.56</max_dbz>
      <mesocyclone_velocity_max units="m/s">31.715561</mesocyclone_velocity_max>
      <mesocyclone_velocity_rotational_max units="m/s">21.986083</mesocyclone_velocity_rotational_max>
      <mesocyclone_velocity_rotational_mean units="m/s">9.909817</mesocyclone_velocity_rotational_mean>
      <mesocyclone_velocity_rotational_max_closest_to_ground units="m/s">14.531033</mesocyclone_velocity_rotational_max_closest_to_ground>
      <meso_intensity>4</meso_intensity>
    </nowcast-parameters>
  </event>
  <event ID="118">
    <time time-coordinate="UTC">2021-07-08T14:20:00</time>
    <location>
      <area>
        <ellipse>
          <moving-point>
            <latitude>46.613456</latitude>
            <longitude>10.197332</longitude>
            <polar_motion>
              <speed units="km/h">0.0</speed>
            </polar_motion>
          </moving-point>
          <major_axis units="km">8.19</major_axis>
          <minor_axis units="km">8.19</minor_axis>
          <orientation units="degrees true">0</orientation>
        </ellipse>
      </area>
    </location>
    <nowcast-parameters>
      <mesocyclone_shear_mean units="m/s/km">4.925983</mesocyclone_shear_mean>
      <mesocyclone_shear_max units="m/s/km">8.474590</mesocyclone_shear_max>
      <mesocyclone_momentum_mean units="m/s/km">69.514684</mesocyclone_momentum_mean>
      <mesocyclone_momentum_max units="m/s/km">234.074398</mesocyclone_momentum_max>
      <mesocyclone_diameter units="km">8.194176</mesocyclone_diameter>
      <mesocyclone_diameter_equivalent units="km">3.508855</mesocyclone_diameter_equivalent>
      <mesocyclone_top units="km">4.942960</mesocyclone_top>
      <mesocyclone_base units="km">0.242539</mesocyclone_base>
      <mesocyclone_echotop units="km">6.489989</mesocyclone_echotop>
      <mesocyclone_vil units="kg/m*m">3.574907</mesocyclone_vil>
      <mesocyclone_shear_vectors>8</mesocyclone_shear_vectors>
      <mesocyclone_shear_features>2</mesocyclone_shear_features>
      <elevations>
        <elevation site="mem" units="&#176;">0.5,1.5</elevation>
      </elevations>
      <mean_dbz units="DBZ">35.24</mean_dbz>
      <max_dbz units="DBZ">46.13</max_dbz>
      <mesocyclone_velocity_max units="m/s">29.919968</mesocyclone_velocity_max>
      <mesocyclone_velocity_rotational_max units="m/s">11.866991</mesocyclone_velocity_rotational_max>
      <mesocyclone_velocity_rotational_mean units="m/s">8.111215</mesocyclone_velocity_rotational_mean>
      <mesocyclone_velocity_rotational_max_closest_to_ground units="m/s">10.604546</mesocyclone_velocity_rotational_max_closest_to_ground>
      <meso_intensity>2</meso_intensity>
    </nowcast-parameters>
  </event>
  <event ID="104">
    <time time-coordinate="UTC">2021-07-08T14:20:00</time>
    <location>
      <area>
        <ellipse>
          <moving-point>
            <latitude>46.319625</latitude>
            <longitude>8.229301</longitude>
            <polar_motion>
              <speed units="km/h">0.0</speed>
            </polar_motion>
          </moving-point>
          <major_axis units="km">9.16</major_axis>
          <minor_axis units="km">9.16</minor_axis>
          <orientation units="degrees true">0</orientation>
        </ellipse>
      </area>
    </location>
    <nowcast-parameters>
      <mesocyclone_shear_mean units="m/s/km">3.595430</mesocyclone_shear_mean>
      <mesocyclone_shear_max units="m/s/km">7.121817</mesocyclone_shear_max>
      <mesocyclone_momentum_mean units="m/s/km">110.568774</mesocyclone_momentum_mean>
      <mesocyclone_momentum_max units="m/s/km">255.096065</mesocyclone_momentum_max>
      <mesocyclone_diameter units="km">9.158451</mesocyclone_diameter>
      <mesocyclone_diameter_equivalent units="km">4.614070</mesocyclone_diameter_equivalent>
      <mesocyclone_top units="km">10.076777</mesocyclone_top>
      <mesocyclone_base units="km">1.461924</mesocyclone_base>
      <mesocyclone_echotop units="km">8.771018</mesocyclone_echotop>
      <mesocyclone_vil units="kg/m*m">10.565450</mesocyclone_vil>
      <mesocyclone_shear_vectors>8</mesocyclone_shear_vectors>
      <mesocyclone_shear_features>2</mesocyclone_shear_features>
      <elevations>
        <elevation site="fbg" units="&#176;">0.5,2.5</elevation>
      </elevations>
      <mean_dbz units="DBZ">43.64</mean_dbz>
      <max_dbz units="DBZ">49.78</max_dbz>
      <mesocyclone_velocity_max units="m/s">30.962433</mesocyclone_velocity_max>
      <mesocyclone_velocity_rotational_max units="m/s">12.911458</mesocyclone_velocity_rotational_max>
      <mesocyclone_velocity_rotational_mean units="m/s">8.565855</mesocyclone_velocity_rotational_mean>
      <mesocyclone_velocity_rotational_max_closest_to_ground units="m/s">10.404380</mesocyclone_velocity_rotational_max_closest_to_ground>
      <meso_intensity>2</meso_intensity>
    </nowcast-parameters>
  </event>
</nowcast-data>
