<?xml version="1.0" encoding="UTF-8"?>
<nowcast-data>
  <radar-stations>ASB,BOO,ROS,HNR,UMD,PRO,ESS,FLD,DRS,NEU,NHB,OFT,EIS,TUR,ISN,FBG,MEM</radar-stations>
  <event ID="33">
    <time time-coordinate="UTC">2021-07-08T08:40:00</time>
    <location>
      <area>
        <ellipse>
          <moving-point>
            <latitude>47.077796</latitude>
            <longitude>9.242042</longitude>
            <polar_motion>
              <speed units="km/h">0.0</speed>
            </polar_motion>
          </moving-point>
          <major_axis units="km">6.54</major_axis>
          <minor_axis units="km">6.54</minor_axis>
          <orientation units="degrees true">0</orientation>
        </ellipse>
      </area>
    </location>
    <nowcast-parameters>
      <mesocyclone_shear_mean units="m/s/km">4.935328</mesocyclone_shear_mean>
      <mesocyclone_shear_max units="m/s/km">8.419966</mesocyclone_shear_max>
      <mesocyclone_momentum_mean units="m/s/km">57.626757</mesocyclone_momentum_mean>
      <mesocyclone_momentum_max units="m/s/km">162.188929</mesocyclone_momentum_max>
      <mesocyclone_diameter units="km">6.543905</mesocyclone_diameter>
      <mesocyclone_diameter_equivalent units="km">3.877554</mesocyclone_diameter_equivalent>
      <mesocyclone_top units="km">9.847420</mesocyclone_top>
      <mesocyclone_base units="km">4.564043</mesocyclone_base>
      <mesocyclone_echotop units="km">8.511741</mesocyclone_echotop>
      <mesocyclone_vil units="kg/m*m">5.455195</mesocyclone_vil>
      <mesocyclone_shear_vectors>11</mesocyclone_shear_vectors>
      <mesocyclone_shear_features>2</mesocyclone_shear_features>
      <elevations>
        <elevation site="tur" units="&#176;">2.5</elevation>
        <elevation site="mem" units="&#176;">2.5</elevation>
      </elevations>
      <mean_dbz units="DBZ">35.34</mean_dbz>
      <max_dbz units="DBZ">44.63</max_dbz>
      <mesocyclone_velocity_max units="m/s">31.434902</mesocyclone_velocity_max>
      <mesocyclone_velocity_rotational_max units="m/s">9.342100</mesocyclone_velocity_rotational_max>
      <mesocyclone_velocity_rotational_mean units="m/s">7.457698</mesocyclone_velocity_rotational_mean>
      <mesocyclone_velocity_rotational_max_closest_to_ground units="m/s">9.342100</mesocyclone_velocity_rotational_max_closest_to_ground>
      <meso_intensity>2</meso_intensity>
    </nowcast-parameters>
  </event>
</nowcast-data>
