<?xml version="1.0" encoding="UTF-8"?>
<nowcast-data>
  <radar-stations>ASB,BOO,ROS,HNR,UMD,PRO,ESS,FLD,DRS,NEU,NHB,OFT,EIS,TUR,ISN,FBG,MEM</radar-stations>
  <event ID="13">
    <time time-coordinate="UTC">2021-07-08T12:10:00</time>
    <location>
      <area>
        <ellipse>
          <moving-point>
            <latitude>50.561136</latitude>
            <longitude>12.692382</longitude>
            <polar_motion>
              <speed units="km/h">0.0</speed>
            </polar_motion>
          </moving-point>
          <major_axis units="km">19.50</major_axis>
          <minor_axis units="km">19.50</minor_axis>
          <orientation units="degrees true">0</orientation>
        </ellipse>
      </area>
    </location>
    <nowcast-parameters>
      <mesocyclone_shear_mean units="m/s/km">2.898400</mesocyclone_shear_mean>
      <mesocyclone_shear_max units="m/s/km">13.363586</mesocyclone_shear_max>
      <mesocyclone_momentum_mean units="m/s/km">147.045180</mesocyclone_momentum_mean>
      <mesocyclone_momentum_max units="m/s/km">388.489479</mesocyclone_momentum_max>
      <mesocyclone_diameter units="km">19.500000</mesocyclone_diameter>
      <mesocyclone_diameter_equivalent units="km">13.257400</mesocyclone_diameter_equivalent>
      <mesocyclone_top units="km">9.019154</mesocyclone_top>
      <mesocyclone_base units="km">2.846886</mesocyclone_base>
      <mesocyclone_echotop units="km">8.711550</mesocyclone_echotop>
      <mesocyclone_vil units="kg/m*m">9.190938</mesocyclone_vil>
      <mesocyclone_shear_vectors>68</mesocyclone_shear_vectors>
      <mesocyclone_shear_features>4</mesocyclone_shear_features>
      <elevations>
        <elevation site="drs" units="&#176;">3.5,4.5</elevation>
        <elevation site="neu" units="&#176;">1.5</elevation>
        <elevation site="eis" units="&#176;">2.5</elevation>
      </elevations>
      <mean_dbz units="DBZ">34.36</mean_dbz>
      <max_dbz units="DBZ">53.90</max_dbz>
      <mesocyclone_velocity_max units="m/s">31.883247</mesocyclone_velocity_max>
      <mesocyclone_velocity_rotational_max units="m/s">17.138823</mesocyclone_velocity_rotational_max>
      <mesocyclone_velocity_rotational_mean units="m/s">9.219575</mesocyclone_velocity_rotational_mean>
      <mesocyclone_velocity_rotational_max_closest_to_ground units="m/s">12.256611</mesocyclone_velocity_rotational_max_closest_to_ground>
      <meso_intensity>3</meso_intensity>
    </nowcast-parameters>
  </event>
  <event ID="50">
    <time time-coordinate="UTC">2021-07-08T12:10:00</time>
    <location>
      <area>
        <ellipse>
          <moving-point>
            <latitude>48.158664</latitude>
            <longitude>14.309368</longitude>
            <polar_motion>
              <speed units="km/h">0.0</speed>
            </polar_motion>
          </moving-point>
          <major_axis units="km">10.18</major_axis>
          <minor_axis units="km">10.18</minor_axis>
          <orientation units="degrees true">0</orientation>
        </ellipse>
      </area>
    </location>
    <nowcast-parameters>
      <mesocyclone_shear_mean units="m/s/km">5.391300</mesocyclone_shear_mean>
      <mesocyclone_shear_max units="m/s/km">8.045409</mesocyclone_shear_max>
      <mesocyclone_momentum_mean units="m/s/km">101.025156</mesocyclone_momentum_mean>
      <mesocyclone_momentum_max units="m/s/km">505.065504</mesocyclone_momentum_max>
      <mesocyclone_diameter units="km">10.183738</mesocyclone_diameter>
      <mesocyclone_diameter_equivalent units="km">3.865156</mesocyclone_diameter_equivalent>
      <mesocyclone_top units="km">10.784734</mesocyclone_top>
      <mesocyclone_base units="km">4.728434</mesocyclone_base>
      <mesocyclone_echotop units="km">9.455081</mesocyclone_echotop>
      <mesocyclone_vil units="kg/m*m">9.888056</mesocyclone_vil>
      <mesocyclone_shear_vectors>12</mesocyclone_shear_vectors>
      <mesocyclone_shear_features>2</mesocyclone_shear_features>
      <elevations>
        <elevation site="isn" units="&#176;">1.5,2.5</elevation>
      </elevations>
      <mean_dbz units="DBZ">40.58</mean_dbz>
      <max_dbz units="DBZ">52.53</max_dbz>
      <mesocyclone_velocity_max units="m/s">31.968271</mesocyclone_velocity_max>
      <mesocyclone_velocity_rotational_max units="m/s">17.816309</mesocyclone_velocity_rotational_max>
      <mesocyclone_velocity_rotational_mean units="m/s">10.164703</mesocyclone_velocity_rotational_mean>
      <mesocyclone_velocity_rotational_max_closest_to_ground units="m/s">17.816309</mesocyclone_velocity_rotational_max_closest_to_ground>
      <meso_intensity>2</meso_intensity>
    </nowcast-parameters>
  </event>
  <event ID="51">
    <time time-coordinate="UTC">2021-07-08T12:10:00</time>
    <location>
      <area>
        <ellipse>
          <moving-point>
            <latitude>48.073244</latitude>
            <longitude>11.442854</longitude>
            <polar_motion>
              <speed units="km/h">0.0</speed>
            </polar_motion>
          </moving-point>
          <major_axis units="km">11.75</major_axis>
          <minor_axis units="km">11.75</minor_axis>
          <orientation units="degrees true">0</orientation>
        </ellipse>
      </area>
    </location>
    <nowcast-parameters>
      <mesocyclone_shear_mean units="m/s/km">3.025315</mesocyclone_shear_mean>
      <mesocyclone_shear_max units="m/s/km">9.172299</mesocyclone_shear_max>
      <mesocyclone_momentum_mean units="m/s/km">126.137537</mesocyclone_momentum_mean>
      <mesocyclone_momentum_max units="m/s/km">420.332368</mesocyclone_momentum_max>
      <mesocyclone_diameter units="km">11.750000</mesocyclone_diameter>
      <mesocyclone_diameter_equivalent units="km">8.153692</mesocyclone_diameter_equivalent>
      <mesocyclone_top units="km">5.797613</mesocyclone_top>
      <mesocyclone_base units="km">2.085202</mesocyclone_base>
      <mesocyclone_echotop units="km">7.716254</mesocyclone_echotop>
      <mesocyclone_vil units="kg/m*m">4.948267</mesocyclone_vil>
      <mesocyclone_shear_vectors>25</mesocyclone_shear_vectors>
      <mesocyclone_shear_features>4</mesocyclone_shear_features>
      <elevations>
        <elevation site="isn" units="&#176;">2.5,4.5,5.5</elevation>
        <elevation site="mem" units="&#176;">1.5</elevation>
      </elevations>
      <mean_dbz units="DBZ">31.77</mean_dbz>
      <max_dbz units="DBZ">49.25</max_dbz>
      <mesocyclone_velocity_max units="m/s">29.919968</mesocyclone_velocity_max>
      <mesocyclone_velocity_rotational_max units="m/s">17.563597</mesocyclone_velocity_rotational_max>
      <mesocyclone_velocity_rotational_mean units="m/s">8.569064</mesocyclone_velocity_rotational_mean>
      <mesocyclone_velocity_rotational_max_closest_to_ground units="m/s">7.960479</mesocyclone_velocity_rotational_max_closest_to_ground>
      <meso_intensity>3</meso_intensity>
    </nowcast-parameters>
  </event>
  <event ID="41">
    <time time-coordinate="UTC">2021-07-08T12:10:00</time>
    <location>
      <area>
        <ellipse>
          <moving-point>
            <latitude>47.250047</latitude>
            <longitude>10.708152</longitude>
            <polar_motion>
              <speed units="km/h">0.0</speed>
            </polar_motion>
          </moving-point>
          <major_axis units="km">6.96</major_axis>
          <minor_axis units="km">6.96</minor_axis>
          <orientation units="degrees true">0</orientation>
        </ellipse>
      </area>
    </location>
    <nowcast-parameters>
      <mesocyclone_shear_mean units="m/s/km">4.345661</mesocyclone_shear_mean>
      <mesocyclone_shear_max units="m/s/km">9.806853</mesocyclone_shear_max>
      <mesocyclone_momentum_mean units="m/s/km">84.080923</mesocyclone_momentum_mean>
      <mesocyclone_momentum_max units="m/s/km">243.014585</mesocyclone_momentum_max>
      <mesocyclone_diameter units="km">6.961283</mesocyclone_diameter>
      <mesocyclone_diameter_equivalent units="km">4.862748</mesocyclone_diameter_equivalent>
      <mesocyclone_top units="km">7.936586</mesocyclone_top>
      <mesocyclone_base units="km">3.355333</mesocyclone_base>
      <mesocyclone_echotop units="km">9.259112</mesocyclone_echotop>
      <mesocyclone_vil units="kg/m*m">21.265065</mesocyclone_vil>
      <mesocyclone_shear_vectors>16</mesocyclone_shear_vectors>
      <mesocyclone_shear_features>3</mesocyclone_shear_features>
      <elevations>
        <elevation site="tur" units="&#176;">1.5</elevation>
        <elevation site="isn" units="&#176;">2.5</elevation>
        <elevation site="mem" units="&#176;">2.5</elevation>
      </elevations>
      <mean_dbz units="DBZ">43.10</mean_dbz>
      <max_dbz units="DBZ">53.58</max_dbz>
      <mesocyclone_velocity_max units="m/s">31.857147</mesocyclone_velocity_max>
      <mesocyclone_velocity_rotational_max units="m/s">20.975230</mesocyclone_velocity_rotational_max>
      <mesocyclone_velocity_rotational_mean units="m/s">8.679965</mesocyclone_velocity_rotational_mean>
      <mesocyclone_velocity_rotational_max_closest_to_ground units="m/s">9.089610</mesocyclone_velocity_rotational_max_closest_to_ground>
      <meso_intensity>2</meso_intensity>
    </nowcast-parameters>
  </event>
  <event ID="46">
    <time time-coordinate="UTC">2021-07-08T12:10:00</time>
    <location>
      <area>
        <ellipse>
          <moving-point>
            <latitude>47.208968</latitude>
            <longitude>10.828498</longitude>
            <polar_motion>
              <speed units="km/h">0.0</speed>
            </polar_motion>
          </moving-point>
          <major_axis units="km">11.25</major_axis>
          <minor_axis units="km">11.25</minor_axis>
          <orientation units="degrees true">0</orientation>
        </ellipse>
      </area>
    </location>
    <nowcast-parameters>
      <mesocyclone_shear_mean units="m/s/km">5.063063</mesocyclone_shear_mean>
      <mesocyclone_shear_max units="m/s/km">15.120380</mesocyclone_shear_max>
      <mesocyclone_momentum_mean units="m/s/km">119.945817</mesocyclone_momentum_mean>
      <mesocyclone_momentum_max units="m/s/km">435.433773</mesocyclone_momentum_max>
      <mesocyclone_diameter units="km">11.250000</mesocyclone_diameter>
      <mesocyclone_diameter_equivalent units="km">5.955824</mesocyclone_diameter_equivalent>
      <mesocyclone_top units="km">3.572237</mesocyclone_top>
      <mesocyclone_base units="km">-0.241657</mesocyclone_base>
      <mesocyclone_echotop units="km">9.653053</mesocyclone_echotop>
      <mesocyclone_vil units="kg/m*m">59.235359</mesocyclone_vil>
      <mesocyclone_shear_vectors>19</mesocyclone_shear_vectors>
      <mesocyclone_shear_features>3</mesocyclone_shear_features>
      <elevations>
        <elevation site="isn" units="&#176;">0.5</elevation>
        <elevation site="mem" units="&#176;">0.5,1.5</elevation>
      </elevations>
      <mean_dbz units="DBZ">47.13</mean_dbz>
      <max_dbz units="DBZ">64.15</max_dbz>
      <mesocyclone_velocity_max units="m/s">29.162502</mesocyclone_velocity_max>
      <mesocyclone_velocity_rotational_max units="m/s">17.547998</mesocyclone_velocity_rotational_max>
      <mesocyclone_velocity_rotational_mean units="m/s">10.302689</mesocyclone_velocity_rotational_mean>
      <mesocyclone_velocity_rotational_max_closest_to_ground units="m/s">17.058170</mesocyclone_velocity_rotational_max_closest_to_ground>
      <meso_intensity>3</meso_intensity>
    </nowcast-parameters>
  </event>
  <event ID="72">
    <time time-coordinate="UTC">2021-07-08T12:10:00</time>
    <location>
      <area>
        <ellipse>
          <moving-point>
            <latitude>46.586423</latitude>
            <longitude>9.393508</longitude>
            <polar_motion>
              <speed units="km/h">0.0</speed>
            </polar_motion>
          </moving-point>
          <major_axis units="km">6.50</major_axis>
          <minor_axis units="km">6.50</minor_axis>
          <orientation units="degrees true">0</orientation>
        </ellipse>
      </area>
    </location>
    <nowcast-parameters>
      <mesocyclone_shear_mean units="m/s/km">4.663548</mesocyclone_shear_mean>
      <mesocyclone_shear_max units="m/s/km">10.073453</mesocyclone_shear_max>
      <mesocyclone_momentum_mean units="m/s/km">106.552767</mesocyclone_momentum_mean>
      <mesocyclone_momentum_max units="m/s/km">239.549485</mesocyclone_momentum_max>
      <mesocyclone_diameter units="km">6.500000</mesocyclone_diameter>
      <mesocyclone_diameter_equivalent units="km">4.557735</mesocyclone_diameter_equivalent>
      <mesocyclone_top units="km">6.491413</mesocyclone_top>
      <mesocyclone_base units="km">1.302902</mesocyclone_base>
      <mesocyclone_echotop units="km">9.014228</mesocyclone_echotop>
      <mesocyclone_vil units="kg/m*m">6.384730</mesocyclone_vil>
      <mesocyclone_shear_vectors>14</mesocyclone_shear_vectors>
      <mesocyclone_shear_features>2</mesocyclone_shear_features>
      <elevations>
        <elevation site="mem" units="&#176;">0.5,1.5</elevation>
      </elevations>
      <mean_dbz units="DBZ">37.46</mean_dbz>
      <max_dbz units="DBZ">46.00</max_dbz>
      <mesocyclone_velocity_max units="m/s">31.182415</mesocyclone_velocity_max>
      <mesocyclone_velocity_rotational_max units="m/s">15.149350</mesocyclone_velocity_rotational_max>
      <mesocyclone_velocity_rotational_mean units="m/s">10.288933</mesocyclone_velocity_rotational_mean>
      <mesocyclone_velocity_rotational_max_closest_to_ground units="m/s">15.149350</mesocyclone_velocity_rotational_max_closest_to_ground>
      <meso_intensity>2</meso_intensity>
    </nowcast-parameters>
  </event>
</nowcast-data>
