<?xml version="1.0" encoding="UTF-8"?>
<nowcast-data>
  <radar-stations>ASB,BOO,ROS,HNR,UMD,PRO,ESS,FLD,DRS,NEU,NHB,OFT,EIS,TUR,ISN,FBG,MEM</radar-stations>
  <event ID="35">
    <time time-coordinate="UTC">2021-07-08T12:20:00</time>
    <location>
      <area>
        <ellipse>
          <moving-point>
            <latitude>47.852281</latitude>
            <longitude>11.820054</longitude>
            <polar_motion>
              <speed units="km/h">0.0</speed>
            </polar_motion>
          </moving-point>
          <major_axis units="km">9.56</major_axis>
          <minor_axis units="km">9.56</minor_axis>
          <orientation units="degrees true">0</orientation>
        </ellipse>
      </area>
    </location>
    <nowcast-parameters>
      <mesocyclone_shear_mean units="m/s/km">4.450084</mesocyclone_shear_mean>
      <mesocyclone_shear_max units="m/s/km">5.989390</mesocyclone_shear_max>
      <mesocyclone_momentum_mean units="m/s/km">77.068700</mesocyclone_momentum_mean>
      <mesocyclone_momentum_max units="m/s/km">316.863205</mesocyclone_momentum_max>
      <mesocyclone_diameter units="km">9.558434</mesocyclone_diameter>
      <mesocyclone_diameter_equivalent units="km">3.489408</mesocyclone_diameter_equivalent>
      <mesocyclone_top units="km">4.773875</mesocyclone_top>
      <mesocyclone_base units="km">1.797109</mesocyclone_base>
      <mesocyclone_echotop units="km">4.056936</mesocyclone_echotop>
      <mesocyclone_vil units="kg/m*m">2.538777</mesocyclone_vil>
      <mesocyclone_shear_vectors>8</mesocyclone_shear_vectors>
      <mesocyclone_shear_features>2</mesocyclone_shear_features>
      <elevations>
        <elevation site="tur" units="&#176;">0.5</elevation>
        <elevation site="isn" units="&#176;">4.5</elevation>
      </elevations>
      <mean_dbz units="DBZ">29.75</mean_dbz>
      <max_dbz units="DBZ">43.60</max_dbz>
      <mesocyclone_velocity_max units="m/s">28.177567</mesocyclone_velocity_max>
      <mesocyclone_velocity_rotational_max units="m/s">13.580535</mesocyclone_velocity_rotational_max>
      <mesocyclone_velocity_rotational_mean units="m/s">7.876993</mesocyclone_velocity_rotational_mean>
      <mesocyclone_velocity_rotational_max_closest_to_ground units="m/s">13.580535</mesocyclone_velocity_rotational_max_closest_to_ground>
      <meso_intensity>2</meso_intensity>
    </nowcast-parameters>
  </event>
  <event ID="40">
    <time time-coordinate="UTC">2021-07-08T12:20:00</time>
    <location>
      <area>
        <ellipse>
          <moving-point>
            <latitude>47.750161</latitude>
            <longitude>11.344720</longitude>
            <polar_motion>
              <speed units="km/h">0.0</speed>
            </polar_motion>
          </moving-point>
          <major_axis units="km">15.50</major_axis>
          <minor_axis units="km">15.50</minor_axis>
          <orientation units="degrees true">0</orientation>
        </ellipse>
      </area>
    </location>
    <nowcast-parameters>
      <mesocyclone_shear_mean units="m/s/km">3.563254</mesocyclone_shear_mean>
      <mesocyclone_shear_max units="m/s/km">16.306910</mesocyclone_shear_max>
      <mesocyclone_momentum_mean units="m/s/km">141.694675</mesocyclone_momentum_mean>
      <mesocyclone_momentum_max units="m/s/km">397.120636</mesocyclone_momentum_max>
      <mesocyclone_diameter units="km">15.500000</mesocyclone_diameter>
      <mesocyclone_diameter_equivalent units="km">7.105820</mesocyclone_diameter_equivalent>
      <mesocyclone_top units="km">6.555621</mesocyclone_top>
      <mesocyclone_base units="km">3.309809</mesocyclone_base>
      <mesocyclone_echotop units="km">8.896150</mesocyclone_echotop>
      <mesocyclone_vil units="kg/m*m">12.217471</mesocyclone_vil>
      <mesocyclone_shear_vectors>20</mesocyclone_shear_vectors>
      <mesocyclone_shear_features>3</mesocyclone_shear_features>
      <elevations>
        <elevation site="tur" units="&#176;">1.5</elevation>
        <elevation site="isn" units="&#176;">2.5,4.5</elevation>
      </elevations>
      <mean_dbz units="DBZ">40.15</mean_dbz>
      <max_dbz units="DBZ">59.94</max_dbz>
      <mesocyclone_velocity_max units="m/s">31.715561</mesocyclone_velocity_max>
      <mesocyclone_velocity_rotational_max units="m/s">16.300026</mesocyclone_velocity_rotational_max>
      <mesocyclone_velocity_rotational_mean units="m/s">9.890001</mesocyclone_velocity_rotational_mean>
      <mesocyclone_velocity_rotational_max_closest_to_ground units="m/s">16.300026</mesocyclone_velocity_rotational_max_closest_to_ground>
      <meso_intensity>3</meso_intensity>
    </nowcast-parameters>
  </event>
  <event ID="51">
    <time time-coordinate="UTC">2021-07-08T12:20:00</time>
    <location>
      <area>
        <ellipse>
          <moving-point>
            <latitude>47.454369</latitude>
            <longitude>11.515011</longitude>
            <polar_motion>
              <speed units="km/h">0.0</speed>
            </polar_motion>
          </moving-point>
          <major_axis units="km">11.75</major_axis>
          <minor_axis units="km">11.75</minor_axis>
          <orientation units="degrees true">0</orientation>
        </ellipse>
      </area>
    </location>
    <nowcast-parameters>
      <mesocyclone_shear_mean units="m/s/km">3.894720</mesocyclone_shear_mean>
      <mesocyclone_shear_max units="m/s/km">11.708811</mesocyclone_shear_max>
      <mesocyclone_momentum_mean units="m/s/km">97.308020</mesocyclone_momentum_mean>
      <mesocyclone_momentum_max units="m/s/km">602.658882</mesocyclone_momentum_max>
      <mesocyclone_diameter units="km">11.750000</mesocyclone_diameter>
      <mesocyclone_diameter_equivalent units="km">7.210535</mesocyclone_diameter_equivalent>
      <mesocyclone_top units="km">5.849757</mesocyclone_top>
      <mesocyclone_base units="km">1.434870</mesocyclone_base>
      <mesocyclone_echotop units="km">9.086815</mesocyclone_echotop>
      <mesocyclone_vil units="kg/m*m">8.171506</mesocyclone_vil>
      <mesocyclone_shear_vectors>33</mesocyclone_shear_vectors>
      <mesocyclone_shear_features>3</mesocyclone_shear_features>
      <elevations>
        <elevation site="isn" units="&#176;">1.5,2.5,3.5</elevation>
      </elevations>
      <mean_dbz units="DBZ">36.50</mean_dbz>
      <max_dbz units="DBZ">51.97</max_dbz>
      <mesocyclone_velocity_max units="m/s">31.968277</mesocyclone_velocity_max>
      <mesocyclone_velocity_rotational_max units="m/s">30.578347</mesocyclone_velocity_rotational_max>
      <mesocyclone_velocity_rotational_mean units="m/s">8.884032</mesocyclone_velocity_rotational_mean>
      <mesocyclone_velocity_rotational_max_closest_to_ground units="m/s">12.256611</mesocyclone_velocity_rotational_max_closest_to_ground>
      <meso_intensity>3</meso_intensity>
    </nowcast-parameters>
  </event>
  <event ID="44">
    <time time-coordinate="UTC">2021-07-08T12:20:00</time>
    <location>
      <area>
        <ellipse>
          <moving-point>
            <latitude>47.310935</latitude>
            <longitude>10.883302</longitude>
            <polar_motion>
              <speed units="km/h">0.0</speed>
            </polar_motion>
          </moving-point>
          <major_axis units="km">12.13</major_axis>
          <minor_axis units="km">12.13</minor_axis>
          <orientation units="degrees true">0</orientation>
        </ellipse>
      </area>
    </location>
    <nowcast-parameters>
      <mesocyclone_shear_mean units="m/s/km">5.577026</mesocyclone_shear_mean>
      <mesocyclone_shear_max units="m/s/km">16.193626</mesocyclone_shear_max>
      <mesocyclone_momentum_mean units="m/s/km">105.904505</mesocyclone_momentum_mean>
      <mesocyclone_momentum_max units="m/s/km">747.666616</mesocyclone_momentum_max>
      <mesocyclone_diameter units="km">12.125699</mesocyclone_diameter>
      <mesocyclone_diameter_equivalent units="km">5.590076</mesocyclone_diameter_equivalent>
      <mesocyclone_top units="km">8.705006</mesocyclone_top>
      <mesocyclone_base units="km">1.226088</mesocyclone_base>
      <mesocyclone_echotop units="km">8.293850</mesocyclone_echotop>
      <mesocyclone_vil units="kg/m*m">22.654147</mesocyclone_vil>
      <mesocyclone_shear_vectors>18</mesocyclone_shear_vectors>
      <mesocyclone_shear_features>5</mesocyclone_shear_features>
      <elevations>
        <elevation site="tur" units="&#176;">2.5</elevation>
        <elevation site="isn" units="&#176;">1.5,2.5</elevation>
        <elevation site="mem" units="&#176;">1.5,4.5</elevation>
      </elevations>
      <mean_dbz units="DBZ">42.69</mean_dbz>
      <max_dbz units="DBZ">56.13</max_dbz>
      <mesocyclone_velocity_max units="m/s">31.603304</mesocyclone_velocity_max>
      <mesocyclone_velocity_rotational_max units="m/s">25.397717</mesocyclone_velocity_rotational_max>
      <mesocyclone_velocity_rotational_mean units="m/s">9.890785</mesocyclone_velocity_rotational_mean>
      <mesocyclone_velocity_rotational_max_closest_to_ground units="m/s">14.770617</mesocyclone_velocity_rotational_max_closest_to_ground>
      <meso_intensity>4</meso_intensity>
    </nowcast-parameters>
  </event>
</nowcast-data>
