<?xml version="1.0" encoding="UTF-8"?>
<nowcast-data>
  <radar-stations>ASB,BOO,ROS,HNR,UMD,PRO,ESS,FLD,DRS,NEU,NHB,OFT,EIS,TUR,ISN,FBG,MEM</radar-stations>
  <event ID="25">
    <time time-coordinate="UTC">2021-07-08T08:35:00</time>
    <location>
      <area>
        <ellipse>
          <moving-point>
            <latitude>46.984621</latitude>
            <longitude>9.313926</longitude>
            <polar_motion>
              <speed units="km/h">0.0</speed>
            </polar_motion>
          </moving-point>
          <major_axis units="km">13.00</major_axis>
          <minor_axis units="km">13.00</minor_axis>
          <orientation units="degrees true">0</orientation>
        </ellipse>
      </area>
    </location>
    <nowcast-parameters>
      <mesocyclone_shear_mean units="m/s/km">4.177795</mesocyclone_shear_mean>
      <mesocyclone_shear_max units="m/s/km">7.391298</mesocyclone_shear_max>
      <mesocyclone_momentum_mean units="m/s/km">79.809522</mesocyclone_momentum_mean>
      <mesocyclone_momentum_max units="m/s/km">274.956385</mesocyclone_momentum_max>
      <mesocyclone_diameter units="km">13.000000</mesocyclone_diameter>
      <mesocyclone_diameter_equivalent units="km">5.598399</mesocyclone_diameter_equivalent>
      <mesocyclone_top units="km">7.127301</mesocyclone_top>
      <mesocyclone_base units="km">0.609833</mesocyclone_base>
      <mesocyclone_echotop units="km">8.832015</mesocyclone_echotop>
      <mesocyclone_vil units="kg/m*m">6.939314</mesocyclone_vil>
      <mesocyclone_shear_vectors>21</mesocyclone_shear_vectors>
      <mesocyclone_shear_features>4</mesocyclone_shear_features>
      <elevations>
        <elevation site="tur" units="&#176;">0.5,1.5</elevation>
        <elevation site="mem" units="&#176;">1.5,2.5</elevation>
      </elevations>
      <mean_dbz units="DBZ">37.25</mean_dbz>
      <max_dbz units="DBZ">48.68</max_dbz>
      <mesocyclone_velocity_max units="m/s">31.434902</mesocyclone_velocity_max>
      <mesocyclone_velocity_rotational_max units="m/s">12.184406</mesocyclone_velocity_rotational_max>
      <mesocyclone_velocity_rotational_mean units="m/s">7.856620</mesocyclone_velocity_rotational_mean>
      <mesocyclone_velocity_rotational_max_closest_to_ground units="m/s">12.184406</mesocyclone_velocity_rotational_max_closest_to_ground>
      <meso_intensity>2</meso_intensity>
    </nowcast-parameters>
  </event>
</nowcast-data>
