<?xml version="1.0" encoding="UTF-8"?>
<nowcast-data>
  <radar-stations>ASB,BOO,ROS,HNR,UMD,PRO,ESS,FLD,DRS,NEU,NHB,OFT,EIS,TUR,ISN,FBG,MEM</radar-stations>
  <event ID="17">
    <time time-coordinate="UTC">2021-07-08T07:00:00</time>
    <location>
      <area>
        <ellipse>
          <moving-point>
            <latitude>49.564987</latitude>
            <longitude>11.629290</longitude>
            <polar_motion>
              <speed units="km/h">0.0</speed>
            </polar_motion>
          </moving-point>
          <major_axis units="km">8.44</major_axis>
          <minor_axis units="km">8.44</minor_axis>
          <orientation units="degrees true">0</orientation>
        </ellipse>
      </area>
    </location>
    <nowcast-parameters>
      <mesocyclone_shear_mean units="m/s/km">4.454973</mesocyclone_shear_mean>
      <mesocyclone_shear_max units="m/s/km">8.093005</mesocyclone_shear_max>
      <mesocyclone_momentum_mean units="m/s/km">60.104037</mesocyclone_momentum_mean>
      <mesocyclone_momentum_max units="m/s/km">181.066672</mesocyclone_momentum_max>
      <mesocyclone_diameter units="km">8.444782</mesocyclone_diameter>
      <mesocyclone_diameter_equivalent units="km">4.683664</mesocyclone_diameter_equivalent>
      <mesocyclone_top units="km">4.785977</mesocyclone_top>
      <mesocyclone_base units="km">1.880358</mesocyclone_base>
      <mesocyclone_echotop units="km">6.717249</mesocyclone_echotop>
      <mesocyclone_vil units="kg/m*m">5.635837</mesocyclone_vil>
      <mesocyclone_shear_vectors>12</mesocyclone_shear_vectors>
      <mesocyclone_shear_features>3</mesocyclone_shear_features>
      <elevations>
        <elevation site="eis" units="&#176;">2.5,3.5</elevation>
        <elevation site="tur" units="&#176;">0.5</elevation>
      </elevations>
      <mean_dbz units="DBZ">36.40</mean_dbz>
      <max_dbz units="DBZ">50.24</max_dbz>
      <mesocyclone_velocity_max units="m/s">25.257256</mesocyclone_velocity_max>
      <mesocyclone_velocity_rotational_max units="m/s">11.676723</mesocyclone_velocity_rotational_max>
      <mesocyclone_velocity_rotational_mean units="m/s">7.415986</mesocyclone_velocity_rotational_mean>
      <mesocyclone_velocity_rotational_max_closest_to_ground units="m/s">11.676723</mesocyclone_velocity_rotational_max_closest_to_ground>
      <meso_intensity>2</meso_intensity>
    </nowcast-parameters>
  </event>
  <event ID="38">
    <time time-coordinate="UTC">2021-07-08T07:00:00</time>
    <location>
      <area>
        <ellipse>
          <moving-point>
            <latitude>46.786245</latitude>
            <longitude>9.023729</longitude>
            <polar_motion>
              <speed units="km/h">0.0</speed>
            </polar_motion>
          </moving-point>
          <major_axis units="km">7.22</major_axis>
          <minor_axis units="km">7.22</minor_axis>
          <orientation units="degrees true">0</orientation>
        </ellipse>
      </area>
    </location>
    <nowcast-parameters>
      <mesocyclone_shear_mean units="m/s/km">5.435417</mesocyclone_shear_mean>
      <mesocyclone_shear_max units="m/s/km">9.136329</mesocyclone_shear_max>
      <mesocyclone_momentum_mean units="m/s/km">79.626620</mesocyclone_momentum_mean>
      <mesocyclone_momentum_max units="m/s/km">293.601538</mesocyclone_momentum_max>
      <mesocyclone_diameter units="km">7.223729</mesocyclone_diameter>
      <mesocyclone_diameter_equivalent units="km">4.405282</mesocyclone_diameter_equivalent>
      <mesocyclone_top units="km">6.537955</mesocyclone_top>
      <mesocyclone_base units="km">1.458172</mesocyclone_base>
      <mesocyclone_echotop units="km">7.640882</mesocyclone_echotop>
      <mesocyclone_vil units="kg/m*m">3.986993</mesocyclone_vil>
      <mesocyclone_shear_vectors>13</mesocyclone_shear_vectors>
      <mesocyclone_shear_features>3</mesocyclone_shear_features>
      <elevations>
        <elevation site="fbg" units="&#176;">1.5</elevation>
        <elevation site="mem" units="&#176;">0.5,1.5</elevation>
      </elevations>
      <mean_dbz units="DBZ">32.68</mean_dbz>
      <max_dbz units="DBZ">45.30</max_dbz>
      <mesocyclone_velocity_max units="m/s">31.182415</mesocyclone_velocity_max>
      <mesocyclone_velocity_rotational_max units="m/s">14.770616</mesocyclone_velocity_rotational_max>
      <mesocyclone_velocity_rotational_mean units="m/s">9.184079</mesocyclone_velocity_rotational_mean>
      <mesocyclone_velocity_rotational_max_closest_to_ground units="m/s">13.129438</mesocyclone_velocity_rotational_max_closest_to_ground>
      <meso_intensity>2</meso_intensity>
    </nowcast-parameters>
  </event>
</nowcast-data>
