<?xml version="1.0" encoding="UTF-8"?>
<nowcast-data>
  <radar-stations>ASB,BOO,ROS,HNR,UMD,PRO,ESS,FLD,DRS,NEU,NHB,OFT,EIS,TUR,ISN,FBG,MEM</radar-stations>
  <event ID="22">
    <time time-coordinate="UTC">2021-07-08T09:50:00</time>
    <location>
      <area>
        <ellipse>
          <moving-point>
            <latitude>49.317633</latitude>
            <longitude>11.837118</longitude>
            <polar_motion>
              <speed units="km/h">0.0</speed>
            </polar_motion>
          </moving-point>
          <major_axis units="km">11.90</major_axis>
          <minor_axis units="km">11.90</minor_axis>
          <orientation units="degrees true">0</orientation>
        </ellipse>
      </area>
    </location>
    <nowcast-parameters>
      <mesocyclone_shear_mean units="m/s/km">3.447343</mesocyclone_shear_mean>
      <mesocyclone_shear_max units="m/s/km">6.785209</mesocyclone_shear_max>
      <mesocyclone_momentum_mean units="m/s/km">96.205339</mesocyclone_momentum_mean>
      <mesocyclone_momentum_max units="m/s/km">505.153408</mesocyclone_momentum_max>
      <mesocyclone_diameter units="km">11.897298</mesocyclone_diameter>
      <mesocyclone_diameter_equivalent units="km">5.362679</mesocyclone_diameter_equivalent>
      <mesocyclone_top units="km">11.266946</mesocyclone_top>
      <mesocyclone_base units="km">2.197943</mesocyclone_base>
      <mesocyclone_echotop units="km">9.813816</mesocyclone_echotop>
      <mesocyclone_vil units="kg/m*m">26.223395</mesocyclone_vil>
      <mesocyclone_shear_vectors>11</mesocyclone_shear_vectors>
      <mesocyclone_shear_features>6</mesocyclone_shear_features>
      <elevations>
        <elevation site="eis" units="&#176;">2.5,3.5,4.5,12.0</elevation>
        <elevation site="tur" units="&#176;">1.5,2.5</elevation>
      </elevations>
      <mean_dbz units="DBZ">46.95</mean_dbz>
      <max_dbz units="DBZ">62.57</max_dbz>
      <mesocyclone_velocity_max units="m/s">32.016098</mesocyclone_velocity_max>
      <mesocyclone_velocity_rotational_max units="m/s">16.372794</mesocyclone_velocity_rotational_max>
      <mesocyclone_velocity_rotational_mean units="m/s">7.683122</mesocyclone_velocity_rotational_mean>
      <mesocyclone_velocity_rotational_max_closest_to_ground units="m/s">8.191348</mesocyclone_velocity_rotational_max_closest_to_ground>
      <meso_intensity>3</meso_intensity>
    </nowcast-parameters>
  </event>
  <event ID="29">
    <time time-coordinate="UTC">2021-07-08T09:50:00</time>
    <location>
      <area>
        <ellipse>
          <moving-point>
            <latitude>47.913073</latitude>
            <longitude>10.173326</longitude>
            <polar_motion>
              <speed units="km/h">0.0</speed>
            </polar_motion>
          </moving-point>
          <major_axis units="km">8.24</major_axis>
          <minor_axis units="km">8.24</minor_axis>
          <orientation units="degrees true">0</orientation>
        </ellipse>
      </area>
    </location>
    <nowcast-parameters>
      <mesocyclone_shear_mean units="m/s/km">6.087871</mesocyclone_shear_mean>
      <mesocyclone_shear_max units="m/s/km">17.107692</mesocyclone_shear_max>
      <mesocyclone_momentum_mean units="m/s/km">84.296679</mesocyclone_momentum_mean>
      <mesocyclone_momentum_max units="m/s/km">279.557327</mesocyclone_momentum_max>
      <mesocyclone_diameter units="km">8.241802</mesocyclone_diameter>
      <mesocyclone_diameter_equivalent units="km">3.669505</mesocyclone_diameter_equivalent>
      <mesocyclone_top units="km">5.224224</mesocyclone_top>
      <mesocyclone_base units="km">1.862590</mesocyclone_base>
      <mesocyclone_echotop units="km">6.698022</mesocyclone_echotop>
      <mesocyclone_vil units="kg/m*m">3.631625</mesocyclone_vil>
      <mesocyclone_shear_vectors>8</mesocyclone_shear_vectors>
      <mesocyclone_shear_features>2</mesocyclone_shear_features>
      <elevations>
        <elevation site="tur" units="&#176;">1.5</elevation>
        <elevation site="fbg" units="&#176;">0.5</elevation>
      </elevations>
      <mean_dbz units="DBZ">30.44</mean_dbz>
      <max_dbz units="DBZ">46.16</max_dbz>
      <mesocyclone_velocity_max units="m/s">26.198982</mesocyclone_velocity_max>
      <mesocyclone_velocity_rotational_max units="m/s">14.468981</mesocyclone_velocity_rotational_max>
      <mesocyclone_velocity_rotational_mean units="m/s">8.979485</mesocyclone_velocity_rotational_mean>
      <mesocyclone_velocity_rotational_max_closest_to_ground units="m/s">14.468981</mesocyclone_velocity_rotational_max_closest_to_ground>
      <meso_intensity>2</meso_intensity>
    </nowcast-parameters>
  </event>
  <event ID="33">
    <time time-coordinate="UTC">2021-07-08T09:50:00</time>
    <location>
      <area>
        <ellipse>
          <moving-point>
            <latitude>47.476195</latitude>
            <longitude>9.693476</longitude>
            <polar_motion>
              <speed units="km/h">0.0</speed>
            </polar_motion>
          </moving-point>
          <major_axis units="km">12.00</major_axis>
          <minor_axis units="km">12.00</minor_axis>
          <orientation units="degrees true">0</orientation>
        </ellipse>
      </area>
    </location>
    <nowcast-parameters>
      <mesocyclone_shear_mean units="m/s/km">5.619888</mesocyclone_shear_mean>
      <mesocyclone_shear_max units="m/s/km">10.770557</mesocyclone_shear_max>
      <mesocyclone_momentum_mean units="m/s/km">61.681305</mesocyclone_momentum_mean>
      <mesocyclone_momentum_max units="m/s/km">194.995518</mesocyclone_momentum_max>
      <mesocyclone_diameter units="km">12.000000</mesocyclone_diameter>
      <mesocyclone_diameter_equivalent units="km">6.186535</mesocyclone_diameter_equivalent>
      <mesocyclone_top units="km">5.657072</mesocyclone_top>
      <mesocyclone_base units="km">3.422491</mesocyclone_base>
      <mesocyclone_echotop units="km">8.636601</mesocyclone_echotop>
      <mesocyclone_vil units="kg/m*m">5.429103</mesocyclone_vil>
      <mesocyclone_shear_vectors>33</mesocyclone_shear_vectors>
      <mesocyclone_shear_features>2</mesocyclone_shear_features>
      <elevations>
        <elevation site="tur" units="&#176;">1.5</elevation>
        <elevation site="mem" units="&#176;">3.5</elevation>
      </elevations>
      <mean_dbz units="DBZ">36.31</mean_dbz>
      <max_dbz units="DBZ">52.18</max_dbz>
      <mesocyclone_velocity_max units="m/s">26.132631</mesocyclone_velocity_max>
      <mesocyclone_velocity_rotational_max units="m/s">11.803643</mesocyclone_velocity_rotational_max>
      <mesocyclone_velocity_rotational_mean units="m/s">8.338589</mesocyclone_velocity_rotational_mean>
      <mesocyclone_velocity_rotational_max_closest_to_ground units="m/s">11.803643</mesocyclone_velocity_rotational_max_closest_to_ground>
      <meso_intensity>2</meso_intensity>
    </nowcast-parameters>
  </event>
  <event ID="27">
    <time time-coordinate="UTC">2021-07-08T09:50:00</time>
    <location>
      <area>
        <ellipse>
          <moving-point>
            <latitude>46.987724</latitude>
            <longitude>9.609055</longitude>
            <polar_motion>
              <speed units="km/h">0.0</speed>
            </polar_motion>
          </moving-point>
          <major_axis units="km">9.50</major_axis>
          <minor_axis units="km">9.50</minor_axis>
          <orientation units="degrees true">0</orientation>
        </ellipse>
      </area>
    </location>
    <nowcast-parameters>
      <mesocyclone_shear_mean units="m/s/km">4.929766</mesocyclone_shear_mean>
      <mesocyclone_shear_max units="m/s/km">14.212027</mesocyclone_shear_max>
      <mesocyclone_momentum_mean units="m/s/km">97.193788</mesocyclone_momentum_mean>
      <mesocyclone_momentum_max units="m/s/km">333.400688</mesocyclone_momentum_max>
      <mesocyclone_diameter units="km">9.500000</mesocyclone_diameter>
      <mesocyclone_diameter_equivalent units="km">4.741835</mesocyclone_diameter_equivalent>
      <mesocyclone_top units="km">5.239160</mesocyclone_top>
      <mesocyclone_base units="km">1.397935</mesocyclone_base>
      <mesocyclone_echotop units="km">8.870186</mesocyclone_echotop>
      <mesocyclone_vil units="kg/m*m">6.585211</mesocyclone_vil>
      <mesocyclone_shear_vectors>16</mesocyclone_shear_vectors>
      <mesocyclone_shear_features>2</mesocyclone_shear_features>
      <elevations>
        <elevation site="tur" units="&#176;">0.5</elevation>
        <elevation site="mem" units="&#176;">1.5</elevation>
      </elevations>
      <mean_dbz units="DBZ">37.34</mean_dbz>
      <max_dbz units="DBZ">53.98</max_dbz>
      <mesocyclone_velocity_max units="m/s">30.929924</mesocyclone_velocity_max>
      <mesocyclone_velocity_rotational_max units="m/s">15.611270</mesocyclone_velocity_rotational_max>
      <mesocyclone_velocity_rotational_mean units="m/s">9.213375</mesocyclone_velocity_rotational_mean>
      <mesocyclone_velocity_rotational_max_closest_to_ground units="m/s">15.611270</mesocyclone_velocity_rotational_max_closest_to_ground>
      <meso_intensity>2</meso_intensity>
    </nowcast-parameters>
  </event>
  <event ID="51">
    <time time-coordinate="UTC">2021-07-08T09:50:00</time>
    <location>
      <area>
        <ellipse>
          <moving-point>
            <latitude>46.821829</latitude>
            <longitude>9.557315</longitude>
            <polar_motion>
              <speed units="km/h">0.0</speed>
            </polar_motion>
          </moving-point>
          <major_axis units="km">7.22</major_axis>
          <minor_axis units="km">7.22</minor_axis>
          <orientation units="degrees true">0</orientation>
        </ellipse>
      </area>
    </location>
    <nowcast-parameters>
      <mesocyclone_shear_mean units="m/s/km">5.060376</mesocyclone_shear_mean>
      <mesocyclone_shear_max units="m/s/km">11.867841</mesocyclone_shear_max>
      <mesocyclone_momentum_mean units="m/s/km">78.265769</mesocyclone_momentum_mean>
      <mesocyclone_momentum_max units="m/s/km">285.859673</mesocyclone_momentum_max>
      <mesocyclone_diameter units="km">7.219105</mesocyclone_diameter>
      <mesocyclone_diameter_equivalent units="km">4.284715</mesocyclone_diameter_equivalent>
      <mesocyclone_top units="km">7.361584</mesocyclone_top>
      <mesocyclone_base units="km">0.765762</mesocyclone_base>
      <mesocyclone_echotop units="km">6.292683</mesocyclone_echotop>
      <mesocyclone_vil units="kg/m*m">8.627045</mesocyclone_vil>
      <mesocyclone_shear_vectors>15</mesocyclone_shear_vectors>
      <mesocyclone_shear_features>3</mesocyclone_shear_features>
      <elevations>
        <elevation site="mem" units="&#176;">0.5,1.5,2.5</elevation>
      </elevations>
      <mean_dbz units="DBZ">39.28</mean_dbz>
      <max_dbz units="DBZ">49.28</max_dbz>
      <mesocyclone_velocity_max units="m/s">30.677433</mesocyclone_velocity_max>
      <mesocyclone_velocity_rotational_max units="m/s">18.810443</mesocyclone_velocity_rotational_max>
      <mesocyclone_velocity_rotational_mean units="m/s">8.733420</mesocyclone_velocity_rotational_mean>
      <mesocyclone_velocity_rotational_max_closest_to_ground units="m/s">14.770617</mesocyclone_velocity_rotational_max_closest_to_ground>
      <meso_intensity>2</meso_intensity>
    </nowcast-parameters>
  </event>
</nowcast-data>
