<?xml version="1.0" encoding="UTF-8"?>
<nowcast-data>
  <radar-stations>ASB,BOO,ROS,HNR,UMD,PRO,ESS,FLD,DRS,NEU,NHB,OFT,EIS,TUR,ISN,FBG,MEM</radar-stations>
  <event ID="35">
    <time time-coordinate="UTC">2021-07-08T12:30:00</time>
    <location>
      <area>
        <ellipse>
          <moving-point>
            <latitude>47.920480</latitude>
            <longitude>11.748717</longitude>
            <polar_motion>
              <speed units="km/h">0.0</speed>
            </polar_motion>
          </moving-point>
          <major_axis units="km">10.23</major_axis>
          <minor_axis units="km">10.23</minor_axis>
          <orientation units="degrees true">0</orientation>
        </ellipse>
      </area>
    </location>
    <nowcast-parameters>
      <mesocyclone_shear_mean units="m/s/km">3.613546</mesocyclone_shear_mean>
      <mesocyclone_shear_max units="m/s/km">10.896755</mesocyclone_shear_max>
      <mesocyclone_momentum_mean units="m/s/km">166.814282</mesocyclone_momentum_mean>
      <mesocyclone_momentum_max units="m/s/km">404.188548</mesocyclone_momentum_max>
      <mesocyclone_diameter units="km">10.229975</mesocyclone_diameter>
      <mesocyclone_diameter_equivalent units="km">6.375749</mesocyclone_diameter_equivalent>
      <mesocyclone_top units="km">4.544975</mesocyclone_top>
      <mesocyclone_base units="km">1.699051</mesocyclone_base>
      <mesocyclone_echotop units="km">6.187248</mesocyclone_echotop>
      <mesocyclone_vil units="kg/m*m">6.113202</mesocyclone_vil>
      <mesocyclone_shear_vectors>15</mesocyclone_shear_vectors>
      <mesocyclone_shear_features>2</mesocyclone_shear_features>
      <elevations>
        <elevation site="tur" units="&#176;">0.5</elevation>
        <elevation site="isn" units="&#176;">4.5</elevation>
      </elevations>
      <mean_dbz units="DBZ">32.82</mean_dbz>
      <max_dbz units="DBZ">50.79</max_dbz>
      <mesocyclone_velocity_max units="m/s">31.603304</mesocyclone_velocity_max>
      <mesocyclone_velocity_rotational_max units="m/s">17.642005</mesocyclone_velocity_rotational_max>
      <mesocyclone_velocity_rotational_mean units="m/s">10.478481</mesocyclone_velocity_rotational_mean>
      <mesocyclone_velocity_rotational_max_closest_to_ground units="m/s">17.642005</mesocyclone_velocity_rotational_max_closest_to_ground>
      <meso_intensity>2</meso_intensity>
    </nowcast-parameters>
  </event>
  <event ID="39">
    <time time-coordinate="UTC">2021-07-08T12:30:00</time>
    <location>
      <area>
        <ellipse>
          <moving-point>
            <latitude>47.849689</latitude>
            <longitude>11.498557</longitude>
            <polar_motion>
              <speed units="km/h">0.0</speed>
            </polar_motion>
          </moving-point>
          <major_axis units="km">10.87</major_axis>
          <minor_axis units="km">10.87</minor_axis>
          <orientation units="degrees true">0</orientation>
        </ellipse>
      </area>
    </location>
    <nowcast-parameters>
      <mesocyclone_shear_mean units="m/s/km">2.944345</mesocyclone_shear_mean>
      <mesocyclone_shear_max units="m/s/km">9.102965</mesocyclone_shear_max>
      <mesocyclone_momentum_mean units="m/s/km">118.967233</mesocyclone_momentum_mean>
      <mesocyclone_momentum_max units="m/s/km">768.014565</mesocyclone_momentum_max>
      <mesocyclone_diameter units="km">10.872555</mesocyclone_diameter>
      <mesocyclone_diameter_equivalent units="km">6.178527</mesocyclone_diameter_equivalent>
      <mesocyclone_top units="km">6.659585</mesocyclone_top>
      <mesocyclone_base units="km">3.157474</mesocyclone_base>
      <mesocyclone_echotop units="km">7.914442</mesocyclone_echotop>
      <mesocyclone_vil units="kg/m*m">13.470783</mesocyclone_vil>
      <mesocyclone_shear_vectors>18</mesocyclone_shear_vectors>
      <mesocyclone_shear_features>4</mesocyclone_shear_features>
      <elevations>
        <elevation site="tur" units="&#176;">1.5</elevation>
        <elevation site="isn" units="&#176;">3.5,4.5,5.5</elevation>
      </elevations>
      <mean_dbz units="DBZ">37.54</mean_dbz>
      <max_dbz units="DBZ">57.53</max_dbz>
      <mesocyclone_velocity_max units="m/s">31.715561</mesocyclone_velocity_max>
      <mesocyclone_velocity_rotational_max units="m/s">29.318727</mesocyclone_velocity_rotational_max>
      <mesocyclone_velocity_rotational_mean units="m/s">8.237506</mesocyclone_velocity_rotational_mean>
      <mesocyclone_velocity_rotational_max_closest_to_ground units="m/s">8.592262</mesocyclone_velocity_rotational_max_closest_to_ground>
      <meso_intensity>3</meso_intensity>
    </nowcast-parameters>
  </event>
  <event ID="47">
    <time time-coordinate="UTC">2021-07-08T12:30:00</time>
    <location>
      <area>
        <ellipse>
          <moving-point>
            <latitude>47.484793</latitude>
            <longitude>11.663768</longitude>
            <polar_motion>
              <speed units="km/h">0.0</speed>
            </polar_motion>
          </moving-point>
          <major_axis units="km">15.75</major_axis>
          <minor_axis units="km">15.75</minor_axis>
          <orientation units="degrees true">0</orientation>
        </ellipse>
      </area>
    </location>
    <nowcast-parameters>
      <mesocyclone_shear_mean units="m/s/km">3.897387</mesocyclone_shear_mean>
      <mesocyclone_shear_max units="m/s/km">16.295227</mesocyclone_shear_max>
      <mesocyclone_momentum_mean units="m/s/km">122.341069</mesocyclone_momentum_mean>
      <mesocyclone_momentum_max units="m/s/km">894.089322</mesocyclone_momentum_max>
      <mesocyclone_diameter units="km">15.750000</mesocyclone_diameter>
      <mesocyclone_diameter_equivalent units="km">8.491531</mesocyclone_diameter_equivalent>
      <mesocyclone_top units="km">6.351236</mesocyclone_top>
      <mesocyclone_base units="km">1.435426</mesocyclone_base>
      <mesocyclone_echotop units="km">7.498577</mesocyclone_echotop>
      <mesocyclone_vil units="kg/m*m">25.435134</mesocyclone_vil>
      <mesocyclone_shear_vectors>31</mesocyclone_shear_vectors>
      <mesocyclone_shear_features>3</mesocyclone_shear_features>
      <elevations>
        <elevation site="isn" units="&#176;">1.5,3.5,4.5</elevation>
      </elevations>
      <mean_dbz units="DBZ">39.83</mean_dbz>
      <max_dbz units="DBZ">58.47</max_dbz>
      <mesocyclone_velocity_max units="m/s">31.715561</mesocyclone_velocity_max>
      <mesocyclone_velocity_rotational_max units="m/s">41.065962</mesocyclone_velocity_rotational_max>
      <mesocyclone_velocity_rotational_mean units="m/s">9.539938</mesocyclone_velocity_rotational_mean>
      <mesocyclone_velocity_rotational_max_closest_to_ground units="m/s">41.065962</mesocyclone_velocity_rotational_max_closest_to_ground>
      <meso_intensity>3</meso_intensity>
    </nowcast-parameters>
  </event>
  <event ID="40">
    <time time-coordinate="UTC">2021-07-08T12:30:00</time>
    <location>
      <area>
        <ellipse>
          <moving-point>
            <latitude>47.428119</latitude>
            <longitude>10.877829</longitude>
            <polar_motion>
              <speed units="km/h">0.0</speed>
            </polar_motion>
          </moving-point>
          <major_axis units="km">8.75</major_axis>
          <minor_axis units="km">8.75</minor_axis>
          <orientation units="degrees true">0</orientation>
        </ellipse>
      </area>
    </location>
    <nowcast-parameters>
      <mesocyclone_shear_mean units="m/s/km">4.622132</mesocyclone_shear_mean>
      <mesocyclone_shear_max units="m/s/km">6.227822</mesocyclone_shear_max>
      <mesocyclone_momentum_mean units="m/s/km">65.329718</mesocyclone_momentum_mean>
      <mesocyclone_momentum_max units="m/s/km">336.599250</mesocyclone_momentum_max>
      <mesocyclone_diameter units="km">8.750000</mesocyclone_diameter>
      <mesocyclone_diameter_equivalent units="km">5.476144</mesocyclone_diameter_equivalent>
      <mesocyclone_top units="km">5.773883</mesocyclone_top>
      <mesocyclone_base units="km">2.258788</mesocyclone_base>
      <mesocyclone_echotop units="km">7.653769</mesocyclone_echotop>
      <mesocyclone_vil units="kg/m*m">14.353639</mesocyclone_vil>
      <mesocyclone_shear_vectors>21</mesocyclone_shear_vectors>
      <mesocyclone_shear_features>3</mesocyclone_shear_features>
      <elevations>
        <elevation site="tur" units="&#176;">1.5</elevation>
        <elevation site="mem" units="&#176;">2.5,3.5</elevation>
      </elevations>
      <mean_dbz units="DBZ">41.38</mean_dbz>
      <max_dbz units="DBZ">52.43</max_dbz>
      <mesocyclone_velocity_max units="m/s">31.939877</mesocyclone_velocity_max>
      <mesocyclone_velocity_rotational_max units="m/s">13.129437</mesocyclone_velocity_rotational_max>
      <mesocyclone_velocity_rotational_mean units="m/s">7.936264</mesocyclone_velocity_rotational_mean>
      <mesocyclone_velocity_rotational_max_closest_to_ground units="m/s">13.129437</mesocyclone_velocity_rotational_max_closest_to_ground>
      <meso_intensity>2</meso_intensity>
    </nowcast-parameters>
  </event>
  <event ID="36">
    <time time-coordinate="UTC">2021-07-08T12:30:00</time>
    <location>
      <area>
        <ellipse>
          <moving-point>
            <latitude>47.328559</latitude>
            <longitude>11.015538</longitude>
            <polar_motion>
              <speed units="km/h">0.0</speed>
            </polar_motion>
          </moving-point>
          <major_axis units="km">10.50</major_axis>
          <minor_axis units="km">10.50</minor_axis>
          <orientation units="degrees true">0</orientation>
        </ellipse>
      </area>
    </location>
    <nowcast-parameters>
      <mesocyclone_shear_mean units="m/s/km">5.386623</mesocyclone_shear_mean>
      <mesocyclone_shear_max units="m/s/km">12.760162</mesocyclone_shear_max>
      <mesocyclone_momentum_mean units="m/s/km">97.421065</mesocyclone_momentum_mean>
      <mesocyclone_momentum_max units="m/s/km">249.649198</mesocyclone_momentum_max>
      <mesocyclone_diameter units="km">10.500000</mesocyclone_diameter>
      <mesocyclone_diameter_equivalent units="km">5.783263</mesocyclone_diameter_equivalent>
      <mesocyclone_top units="km">5.793980</mesocyclone_top>
      <mesocyclone_base units="km">0.509427</mesocyclone_base>
      <mesocyclone_echotop units="km">9.988725</mesocyclone_echotop>
      <mesocyclone_vil units="kg/m*m">63.336971</mesocyclone_vil>
      <mesocyclone_shear_vectors>20</mesocyclone_shear_vectors>
      <mesocyclone_shear_features>3</mesocyclone_shear_features>
      <elevations>
        <elevation site="tur" units="&#176;">0.5</elevation>
        <elevation site="mem" units="&#176;">1.5,2.5</elevation>
      </elevations>
      <mean_dbz units="DBZ">50.26</mean_dbz>
      <max_dbz units="DBZ">61.88</max_dbz>
      <mesocyclone_velocity_max units="m/s">29.667480</mesocyclone_velocity_max>
      <mesocyclone_velocity_rotational_max units="m/s">17.169265</mesocyclone_velocity_rotational_max>
      <mesocyclone_velocity_rotational_mean units="m/s">9.963303</mesocyclone_velocity_rotational_mean>
      <mesocyclone_velocity_rotational_max_closest_to_ground units="m/s">12.565169</mesocyclone_velocity_rotational_max_closest_to_ground>
      <meso_intensity>3</meso_intensity>
    </nowcast-parameters>
  </event>
  <event ID="66">
    <time time-coordinate="UTC">2021-07-08T12:30:00</time>
    <location>
      <area>
        <ellipse>
          <moving-point>
            <latitude>46.937143</latitude>
            <longitude>9.672393</longitude>
            <polar_motion>
              <speed units="km/h">0.0</speed>
            </polar_motion>
          </moving-point>
          <major_axis units="km">7.07</major_axis>
          <minor_axis units="km">7.07</minor_axis>
          <orientation units="degrees true">0</orientation>
        </ellipse>
      </area>
    </location>
    <nowcast-parameters>
      <mesocyclone_shear_mean units="m/s/km">5.897538</mesocyclone_shear_mean>
      <mesocyclone_shear_max units="m/s/km">8.134342</mesocyclone_shear_max>
      <mesocyclone_momentum_mean units="m/s/km">123.097001</mesocyclone_momentum_mean>
      <mesocyclone_momentum_max units="m/s/km">244.056693</mesocyclone_momentum_max>
      <mesocyclone_diameter units="km">7.074810</mesocyclone_diameter>
      <mesocyclone_diameter_equivalent units="km">3.892344</mesocyclone_diameter_equivalent>
      <mesocyclone_top units="km">5.128454</mesocyclone_top>
      <mesocyclone_base units="km">2.317086</mesocyclone_base>
      <mesocyclone_echotop units="km">9.036421</mesocyclone_echotop>
      <mesocyclone_vil units="kg/m*m">4.543538</mesocyclone_vil>
      <mesocyclone_shear_vectors>9</mesocyclone_shear_vectors>
      <mesocyclone_shear_features>2</mesocyclone_shear_features>
      <elevations>
        <elevation site="fbg" units="&#176;">0.5</elevation>
        <elevation site="mem" units="&#176;">1.5</elevation>
      </elevations>
      <mean_dbz units="DBZ">34.10</mean_dbz>
      <max_dbz units="DBZ">45.38</max_dbz>
      <mesocyclone_velocity_max units="m/s">31.463848</mesocyclone_velocity_max>
      <mesocyclone_velocity_rotational_max units="m/s">19.555221</mesocyclone_velocity_rotational_max>
      <mesocyclone_velocity_rotational_mean units="m/s">12.457944</mesocyclone_velocity_rotational_mean>
      <mesocyclone_velocity_rotational_max_closest_to_ground units="m/s">19.555221</mesocyclone_velocity_rotational_max_closest_to_ground>
      <meso_intensity>2</meso_intensity>
    </nowcast-parameters>
  </event>
</nowcast-data>
