<?xml version="1.0" encoding="UTF-8"?>
<nowcast-data>
  <radar-stations>ASB,BOO,ROS,HNR,UMD,PRO,ESS,FLD,DRS,NEU,NHB,OFT,eis,TUR,ISN,FBG,MEM</radar-stations>
  <event ID="34">
    <time time-coordinate="UTC">2021-07-08T08:15:00</time>
    <location>
      <area>
        <ellipse>
          <moving-point>
            <latitude>47.310896</latitude>
            <longitude>9.758260</longitude>
            <polar_motion>
              <speed units="km/h">0.0</speed>
            </polar_motion>
          </moving-point>
          <major_axis units="km">5.44</major_axis>
          <minor_axis units="km">5.44</minor_axis>
          <orientation units="degrees true">0</orientation>
        </ellipse>
      </area>
    </location>
    <nowcast-parameters>
      <mesocyclone_shear_mean units="m/s/km">4.498974</mesocyclone_shear_mean>
      <mesocyclone_shear_max units="m/s/km">7.922100</mesocyclone_shear_max>
      <mesocyclone_momentum_mean units="m/s/km">107.389428</mesocyclone_momentum_mean>
      <mesocyclone_momentum_max units="m/s/km">194.310078</mesocyclone_momentum_max>
      <mesocyclone_diameter units="km">5.441895</mesocyclone_diameter>
      <mesocyclone_diameter_equivalent units="km">3.562696</mesocyclone_diameter_equivalent>
      <mesocyclone_top units="km">6.148183</mesocyclone_top>
      <mesocyclone_base units="km">3.031228</mesocyclone_base>
      <mesocyclone_echotop units="km">7.887092</mesocyclone_echotop>
      <mesocyclone_vil units="kg/m*m">11.133819</mesocyclone_vil>
      <mesocyclone_shear_vectors>8</mesocyclone_shear_vectors>
      <mesocyclone_shear_features>2</mesocyclone_shear_features>
      <elevations>
        <elevation site="tur" units="&#176;">1.5</elevation>
        <elevation site="mem" units="&#176;">3.5</elevation>
      </elevations>
      <mean_dbz units="DBZ">39.62</mean_dbz>
      <max_dbz units="DBZ">54.07</max_dbz>
      <mesocyclone_velocity_max units="m/s">30.677437</mesocyclone_velocity_max>
      <mesocyclone_velocity_rotational_max units="m/s">15.275594</mesocyclone_velocity_rotational_max>
      <mesocyclone_velocity_rotational_mean units="m/s">10.621303</mesocyclone_velocity_rotational_mean>
      <mesocyclone_velocity_rotational_max_closest_to_ground units="m/s">13.199774</mesocyclone_velocity_rotational_max_closest_to_ground>
      <meso_intensity>2</meso_intensity>
    </nowcast-parameters>
  </event>
</nowcast-data>
