<?xml version="1.0" encoding="UTF-8"?>
<nowcast-data>
  <radar-stations>ASB,BOO,ROS,HNR,UMD,PRO,ESS,FLD,DRS,NEU,NHB,OFT,EIS,TUR,ISN,FBG,MEM</radar-stations>
  <event ID="19">
    <time time-coordinate="UTC">2021-07-07T23:25:00</time>
    <location>
      <area>
        <ellipse>
          <moving-point>
            <latitude>47.775226</latitude>
            <longitude>9.631182</longitude>
            <polar_motion>
              <speed units="km/h">0.0</speed>
            </polar_motion>
          </moving-point>
          <major_axis units="km">8.55</major_axis>
          <minor_axis units="km">8.55</minor_axis>
          <orientation units="degrees true">0</orientation>
        </ellipse>
      </area>
    </location>
    <nowcast-parameters>
      <mesocyclone_shear_mean units="m/s/km">2.619028</mesocyclone_shear_mean>
      <mesocyclone_shear_max units="m/s/km">4.923147</mesocyclone_shear_max>
      <mesocyclone_momentum_mean units="m/s/km">110.859732</mesocyclone_momentum_mean>
      <mesocyclone_momentum_max units="m/s/km">299.527668</mesocyclone_momentum_max>
      <mesocyclone_diameter units="km">8.552786</mesocyclone_diameter>
      <mesocyclone_diameter_equivalent units="km">6.485143</mesocyclone_diameter_equivalent>
      <mesocyclone_top units="km">4.389943</mesocyclone_top>
      <mesocyclone_base units="km">2.421886</mesocyclone_base>
      <mesocyclone_echotop units="km">5.322152</mesocyclone_echotop>
      <mesocyclone_vil units="kg/m*m">2.729915</mesocyclone_vil>
      <mesocyclone_shear_vectors>19</mesocyclone_shear_vectors>
      <mesocyclone_shear_features>3</mesocyclone_shear_features>
      <elevations>
        <elevation site="mem" units="&#176;">2.5,3.5,4.5</elevation>
      </elevations>
      <mean_dbz units="DBZ">29.82</mean_dbz>
      <max_dbz units="DBZ">43.91</max_dbz>
      <mesocyclone_velocity_max units="m/s">23.102760</mesocyclone_velocity_max>
      <mesocyclone_velocity_rotational_max units="m/s">10.604547</mesocyclone_velocity_rotational_max>
      <mesocyclone_velocity_rotational_mean units="m/s">7.736528</mesocyclone_velocity_rotational_mean>
      <mesocyclone_velocity_rotational_max_closest_to_ground units="m/s">8.584632</mesocyclone_velocity_rotational_max_closest_to_ground>
      <meso_intensity>1</meso_intensity>
    </nowcast-parameters>
  </event>
</nowcast-data>
