<?xml version="1.0" encoding="UTF-8"?>
<nowcast-data>
  <radar-stations>ASB,BOO,ROS,HNR,UMD,PRO,ESS,FLD,DRS,NEU,NHB,OFT,EIS,TUR,ISN,FBG,MEM</radar-stations>
  <event ID="20">
    <time time-coordinate="UTC">2021-07-08T02:40:00</time>
    <location>
      <area>
        <ellipse>
          <moving-point>
            <latitude>48.102369</latitude>
            <longitude>9.833648</longitude>
            <polar_motion>
              <speed units="km/h">0.0</speed>
            </polar_motion>
          </moving-point>
          <major_axis units="km">5.50</major_axis>
          <minor_axis units="km">5.50</minor_axis>
          <orientation units="degrees true">0</orientation>
        </ellipse>
      </area>
    </location>
    <nowcast-parameters>
      <mesocyclone_shear_mean units="m/s/km">3.724632</mesocyclone_shear_mean>
      <mesocyclone_shear_max units="m/s/km">5.415590</mesocyclone_shear_max>
      <mesocyclone_momentum_mean units="m/s/km">51.045782</mesocyclone_momentum_mean>
      <mesocyclone_momentum_max units="m/s/km">168.490104</mesocyclone_momentum_max>
      <mesocyclone_diameter units="km">5.500000</mesocyclone_diameter>
      <mesocyclone_diameter_equivalent units="km">3.375472</mesocyclone_diameter_equivalent>
      <mesocyclone_top units="km">3.979874</mesocyclone_top>
      <mesocyclone_base units="km">2.227483</mesocyclone_base>
      <mesocyclone_echotop units="km">6.017459</mesocyclone_echotop>
      <mesocyclone_vil units="kg/m*m">3.983251</mesocyclone_vil>
      <mesocyclone_shear_vectors>11</mesocyclone_shear_vectors>
      <mesocyclone_shear_features>2</mesocyclone_shear_features>
      <elevations>
        <elevation site="tur" units="&#176;">2.5,3.5</elevation>
      </elevations>
      <mean_dbz units="DBZ">31.97</mean_dbz>
      <max_dbz units="DBZ">48.26</max_dbz>
      <mesocyclone_velocity_max units="m/s">18.911215</mesocyclone_velocity_max>
      <mesocyclone_velocity_rotational_max units="m/s">15.103586</mesocyclone_velocity_rotational_max>
      <mesocyclone_velocity_rotational_mean units="m/s">6.577489</mesocyclone_velocity_rotational_mean>
      <mesocyclone_velocity_rotational_max_closest_to_ground units="m/s">15.103586</mesocyclone_velocity_rotational_max_closest_to_ground>
      <meso_intensity>1</meso_intensity>
    </nowcast-parameters>
  </event>
  <event ID="23">
    <time time-coordinate="UTC">2021-07-08T02:40:00</time>
    <location>
      <area>
        <ellipse>
          <moving-point>
            <latitude>46.704225</latitude>
            <longitude>8.995863</longitude>
            <polar_motion>
              <speed units="km/h">0.0</speed>
            </polar_motion>
          </moving-point>
          <major_axis units="km">6.51</major_axis>
          <minor_axis units="km">6.51</minor_axis>
          <orientation units="degrees true">0</orientation>
        </ellipse>
      </area>
    </location>
    <nowcast-parameters>
      <mesocyclone_shear_mean units="m/s/km">4.882788</mesocyclone_shear_mean>
      <mesocyclone_shear_max units="m/s/km">7.784347</mesocyclone_shear_max>
      <mesocyclone_momentum_mean units="m/s/km">77.903929</mesocyclone_momentum_mean>
      <mesocyclone_momentum_max units="m/s/km">270.786191</mesocyclone_momentum_max>
      <mesocyclone_diameter units="km">6.514880</mesocyclone_diameter>
      <mesocyclone_diameter_equivalent units="km">4.424138</mesocyclone_diameter_equivalent>
      <mesocyclone_top units="km">6.666521</mesocyclone_top>
      <mesocyclone_base units="km">1.759140</mesocyclone_base>
      <mesocyclone_echotop units="km">8.061590</mesocyclone_echotop>
      <mesocyclone_vil units="kg/m*m">8.429085</mesocyclone_vil>
      <mesocyclone_shear_vectors>14</mesocyclone_shear_vectors>
      <mesocyclone_shear_features>2</mesocyclone_shear_features>
      <elevations>
        <elevation site="fbg" units="&#176;">0.5</elevation>
        <elevation site="mem" units="&#176;">1.5</elevation>
      </elevations>
      <mean_dbz units="DBZ">42.30</mean_dbz>
      <max_dbz units="DBZ">51.52</max_dbz>
      <mesocyclone_velocity_max units="m/s">31.463848</mesocyclone_velocity_max>
      <mesocyclone_velocity_rotational_max units="m/s">13.036813</mesocyclone_velocity_rotational_max>
      <mesocyclone_velocity_rotational_mean units="m/s">8.683396</mesocyclone_velocity_rotational_mean>
      <mesocyclone_velocity_rotational_max_closest_to_ground units="m/s">13.036813</mesocyclone_velocity_rotational_max_closest_to_ground>
      <meso_intensity>2</meso_intensity>
    </nowcast-parameters>
  </event>
</nowcast-data>
