<?xml version="1.0" encoding="UTF-8"?>
<nowcast-data>
  <radar-stations>ASB,BOO,ROS,HNR,UMD,PRO,ESS,FLD,DRS,NEU,NHB,OFT,EIS,TUR,ISN,FBG,MEM</radar-stations>
  <event ID="25">
    <time time-coordinate="UTC">2021-07-08T13:10:00</time>
    <location>
      <area>
        <ellipse>
          <moving-point>
            <latitude>49.717081</latitude>
            <longitude>12.904805</longitude>
            <polar_motion>
              <speed units="km/h">0.0</speed>
            </polar_motion>
          </moving-point>
          <major_axis units="km">13.75</major_axis>
          <minor_axis units="km">13.75</minor_axis>
          <orientation units="degrees true">0</orientation>
        </ellipse>
      </area>
    </location>
    <nowcast-parameters>
      <mesocyclone_shear_mean units="m/s/km">3.307307</mesocyclone_shear_mean>
      <mesocyclone_shear_max units="m/s/km">10.604397</mesocyclone_shear_max>
      <mesocyclone_momentum_mean units="m/s/km">128.516410</mesocyclone_momentum_mean>
      <mesocyclone_momentum_max units="m/s/km">337.043115</mesocyclone_momentum_max>
      <mesocyclone_diameter units="km">13.750000</mesocyclone_diameter>
      <mesocyclone_diameter_equivalent units="km">9.936500</mesocyclone_diameter_equivalent>
      <mesocyclone_top units="km">9.682264</mesocyclone_top>
      <mesocyclone_base units="km">4.353594</mesocyclone_base>
      <mesocyclone_echotop units="km">11.393336</mesocyclone_echotop>
      <mesocyclone_vil units="kg/m*m">12.849636</mesocyclone_vil>
      <mesocyclone_shear_vectors>46</mesocyclone_shear_vectors>
      <mesocyclone_shear_features>2</mesocyclone_shear_features>
      <elevations>
        <elevation site="drs" units="&#176;">1.5</elevation>
        <elevation site="eis" units="&#176;">12.0</elevation>
      </elevations>
      <mean_dbz units="DBZ">38.30</mean_dbz>
      <max_dbz units="DBZ">51.65</max_dbz>
      <mesocyclone_velocity_max units="m/s">31.883247</mesocyclone_velocity_max>
      <mesocyclone_velocity_rotational_max units="m/s">16.760759</mesocyclone_velocity_rotational_max>
      <mesocyclone_velocity_rotational_mean units="m/s">9.621816</mesocyclone_velocity_rotational_mean>
      <mesocyclone_velocity_rotational_max_closest_to_ground units="m/s">16.760759</mesocyclone_velocity_rotational_max_closest_to_ground>
      <meso_intensity>3</meso_intensity>
    </nowcast-parameters>
  </event>
  <event ID="45">
    <time time-coordinate="UTC">2021-07-08T13:10:00</time>
    <location>
      <area>
        <ellipse>
          <moving-point>
            <latitude>49.429257</latitude>
            <longitude>12.995526</longitude>
            <polar_motion>
              <speed units="km/h">0.0</speed>
            </polar_motion>
          </moving-point>
          <major_axis units="km">4.75</major_axis>
          <minor_axis units="km">4.75</minor_axis>
          <orientation units="degrees true">0</orientation>
        </ellipse>
      </area>
    </location>
    <nowcast-parameters>
      <mesocyclone_shear_mean units="m/s/km">5.274185</mesocyclone_shear_mean>
      <mesocyclone_shear_max units="m/s/km">9.421979</mesocyclone_shear_max>
      <mesocyclone_momentum_mean units="m/s/km">51.337021</mesocyclone_momentum_mean>
      <mesocyclone_momentum_max units="m/s/km">98.712608</mesocyclone_momentum_max>
      <mesocyclone_diameter units="km">4.750000</mesocyclone_diameter>
      <mesocyclone_diameter_equivalent units="km">3.290451</mesocyclone_diameter_equivalent>
      <mesocyclone_top units="km">4.172464</mesocyclone_top>
      <mesocyclone_base units="km">2.896618</mesocyclone_base>
      <mesocyclone_echotop units="km">8.484422</mesocyclone_echotop>
      <mesocyclone_vil units="kg/m*m">45.405986</mesocyclone_vil>
      <mesocyclone_shear_vectors>10</mesocyclone_shear_vectors>
      <mesocyclone_shear_features>2</mesocyclone_shear_features>
      <elevations>
        <elevation site="eis" units="&#176;">3.5,4.5</elevation>
      </elevations>
      <mean_dbz units="DBZ">49.91</mean_dbz>
      <max_dbz units="DBZ">63.99</max_dbz>
      <mesocyclone_velocity_max units="m/s">15.752590</mesocyclone_velocity_max>
      <mesocyclone_velocity_rotational_max units="m/s">15.248509</mesocyclone_velocity_rotational_max>
      <mesocyclone_velocity_rotational_mean units="m/s">8.100333</mesocyclone_velocity_rotational_mean>
      <mesocyclone_velocity_rotational_max_closest_to_ground units="m/s">15.248509</mesocyclone_velocity_rotational_max_closest_to_ground>
      <meso_intensity>1</meso_intensity>
    </nowcast-parameters>
  </event>
  <event ID="44">
    <time time-coordinate="UTC">2021-07-08T13:10:00</time>
    <location>
      <area>
        <ellipse>
          <moving-point>
            <latitude>48.505310</latitude>
            <longitude>12.175609</longitude>
            <polar_motion>
              <speed units="km/h">0.0</speed>
            </polar_motion>
          </moving-point>
          <major_axis units="km">13.75</major_axis>
          <minor_axis units="km">13.75</minor_axis>
          <orientation units="degrees true">0</orientation>
        </ellipse>
      </area>
    </location>
    <nowcast-parameters>
      <mesocyclone_shear_mean units="m/s/km">4.178224</mesocyclone_shear_mean>
      <mesocyclone_shear_max units="m/s/km">15.535852</mesocyclone_shear_max>
      <mesocyclone_momentum_mean units="m/s/km">102.525815</mesocyclone_momentum_mean>
      <mesocyclone_momentum_max units="m/s/km">400.391813</mesocyclone_momentum_max>
      <mesocyclone_diameter units="km">13.750000</mesocyclone_diameter>
      <mesocyclone_diameter_equivalent units="km">6.491424</mesocyclone_diameter_equivalent>
      <mesocyclone_top units="km">5.196121</mesocyclone_top>
      <mesocyclone_base units="km">2.880309</mesocyclone_base>
      <mesocyclone_echotop units="km">6.831345</mesocyclone_echotop>
      <mesocyclone_vil units="kg/m*m">5.471232</mesocyclone_vil>
      <mesocyclone_shear_vectors>24</mesocyclone_shear_vectors>
      <mesocyclone_shear_features>3</mesocyclone_shear_features>
      <elevations>
        <elevation site="eis" units="&#176;">1.5</elevation>
        <elevation site="isn" units="&#176;">4.5,5.5</elevation>
      </elevations>
      <mean_dbz units="DBZ">32.61</mean_dbz>
      <max_dbz units="DBZ">49.25</max_dbz>
      <mesocyclone_velocity_max units="m/s">31.883247</mesocyclone_velocity_max>
      <mesocyclone_velocity_rotational_max units="m/s">23.187817</mesocyclone_velocity_rotational_max>
      <mesocyclone_velocity_rotational_mean units="m/s">8.759149</mesocyclone_velocity_rotational_mean>
      <mesocyclone_velocity_rotational_max_closest_to_ground units="m/s">9.855831</mesocyclone_velocity_rotational_max_closest_to_ground>
      <meso_intensity>2</meso_intensity>
    </nowcast-parameters>
  </event>
  <event ID="59">
    <time time-coordinate="UTC">2021-07-08T13:10:00</time>
    <location>
      <area>
        <ellipse>
          <moving-point>
            <latitude>47.756975</latitude>
            <longitude>11.241794</longitude>
            <polar_motion>
              <speed units="km/h">0.0</speed>
            </polar_motion>
          </moving-point>
          <major_axis units="km">11.25</major_axis>
          <minor_axis units="km">11.25</minor_axis>
          <orientation units="degrees true">0</orientation>
        </ellipse>
      </area>
    </location>
    <nowcast-parameters>
      <mesocyclone_shear_mean units="m/s/km">2.985032</mesocyclone_shear_mean>
      <mesocyclone_shear_max units="m/s/km">7.061364</mesocyclone_shear_max>
      <mesocyclone_momentum_mean units="m/s/km">111.365800</mesocyclone_momentum_mean>
      <mesocyclone_momentum_max units="m/s/km">194.572835</mesocyclone_momentum_max>
      <mesocyclone_diameter units="km">11.250000</mesocyclone_diameter>
      <mesocyclone_diameter_equivalent units="km">5.986091</mesocyclone_diameter_equivalent>
      <mesocyclone_top units="km">6.162435</mesocyclone_top>
      <mesocyclone_base units="km">3.262309</mesocyclone_base>
      <mesocyclone_echotop units="km">7.580529</mesocyclone_echotop>
      <mesocyclone_vil units="kg/m*m">9.322305</mesocyclone_vil>
      <mesocyclone_shear_vectors>16</mesocyclone_shear_vectors>
      <mesocyclone_shear_features>2</mesocyclone_shear_features>
      <elevations>
        <elevation site="tur" units="&#176;">1.5</elevation>
        <elevation site="mem" units="&#176;">2.5</elevation>
      </elevations>
      <mean_dbz units="DBZ">39.25</mean_dbz>
      <max_dbz units="DBZ">55.02</max_dbz>
      <mesocyclone_velocity_max units="m/s">27.541836</mesocyclone_velocity_max>
      <mesocyclone_velocity_rotational_max units="m/s">15.484348</mesocyclone_velocity_rotational_max>
      <mesocyclone_velocity_rotational_mean units="m/s">8.531480</mesocyclone_velocity_rotational_mean>
      <mesocyclone_velocity_rotational_max_closest_to_ground units="m/s">9.342099</mesocyclone_velocity_rotational_max_closest_to_ground>
      <meso_intensity>2</meso_intensity>
    </nowcast-parameters>
  </event>
  <event ID="71">
    <time time-coordinate="UTC">2021-07-08T13:10:00</time>
    <location>
      <area>
        <ellipse>
          <moving-point>
            <latitude>47.756284</latitude>
            <longitude>12.201428</longitude>
            <polar_motion>
              <speed units="km/h">0.0</speed>
            </polar_motion>
          </moving-point>
          <major_axis units="km">16.25</major_axis>
          <minor_axis units="km">16.25</minor_axis>
          <orientation units="degrees true">0</orientation>
        </ellipse>
      </area>
    </location>
    <nowcast-parameters>
      <mesocyclone_shear_mean units="m/s/km">4.884076</mesocyclone_shear_mean>
      <mesocyclone_shear_max units="m/s/km">22.998717</mesocyclone_shear_max>
      <mesocyclone_momentum_mean units="m/s/km">90.092011</mesocyclone_momentum_mean>
      <mesocyclone_momentum_max units="m/s/km">419.843312</mesocyclone_momentum_max>
      <mesocyclone_diameter units="km">16.250000</mesocyclone_diameter>
      <mesocyclone_diameter_equivalent units="km">9.611761</mesocyclone_diameter_equivalent>
      <mesocyclone_top units="km">8.913918</mesocyclone_top>
      <mesocyclone_base units="km">1.405863</mesocyclone_base>
      <mesocyclone_echotop units="km">9.235265</mesocyclone_echotop>
      <mesocyclone_vil units="kg/m*m">40.540461</mesocyclone_vil>
      <mesocyclone_shear_vectors>52</mesocyclone_shear_vectors>
      <mesocyclone_shear_features>5</mesocyclone_shear_features>
      <elevations>
        <elevation site="isn" units="&#176;">2.5,8.0,12.0</elevation>
        <elevation site="mem" units="&#176;">0.5,1.5</elevation>
      </elevations>
      <mean_dbz units="DBZ">43.44</mean_dbz>
      <max_dbz units="DBZ">62.53</max_dbz>
      <mesocyclone_velocity_max units="m/s">32.101479</mesocyclone_velocity_max>
      <mesocyclone_velocity_rotational_max units="m/s">19.032494</mesocyclone_velocity_rotational_max>
      <mesocyclone_velocity_rotational_mean units="m/s">9.126358</mesocyclone_velocity_rotational_mean>
      <mesocyclone_velocity_rotational_max_closest_to_ground units="m/s">10.478301</mesocyclone_velocity_rotational_max_closest_to_ground>
      <meso_intensity>4</meso_intensity>
    </nowcast-parameters>
  </event>
  <event ID="60">
    <time time-coordinate="UTC">2021-07-08T13:10:00</time>
    <location>
      <area>
        <ellipse>
          <moving-point>
            <latitude>47.628262</latitude>
            <longitude>11.213761</longitude>
            <polar_motion>
              <speed units="km/h">0.0</speed>
            </polar_motion>
          </moving-point>
          <major_axis units="km">5.00</major_axis>
          <minor_axis units="km">5.00</minor_axis>
          <orientation units="degrees true">0</orientation>
        </ellipse>
      </area>
    </location>
    <nowcast-parameters>
      <mesocyclone_shear_mean units="m/s/km">4.471306</mesocyclone_shear_mean>
      <mesocyclone_shear_max units="m/s/km">6.649793</mesocyclone_shear_max>
      <mesocyclone_momentum_mean units="m/s/km">59.633579</mesocyclone_momentum_mean>
      <mesocyclone_momentum_max units="m/s/km">122.106058</mesocyclone_momentum_max>
      <mesocyclone_diameter units="km">5.000000</mesocyclone_diameter>
      <mesocyclone_diameter_equivalent units="km">3.825905</mesocyclone_diameter_equivalent>
      <mesocyclone_top units="km">6.680796</mesocyclone_top>
      <mesocyclone_base units="km">3.715948</mesocyclone_base>
      <mesocyclone_echotop units="km">8.122694</mesocyclone_echotop>
      <mesocyclone_vil units="kg/m*m">4.740278</mesocyclone_vil>
      <mesocyclone_shear_vectors>11</mesocyclone_shear_vectors>
      <mesocyclone_shear_features>2</mesocyclone_shear_features>
      <elevations>
        <elevation site="tur" units="&#176;">1.5</elevation>
        <elevation site="isn" units="&#176;">2.5</elevation>
      </elevations>
      <mean_dbz units="DBZ">33.71</mean_dbz>
      <max_dbz units="DBZ">46.68</max_dbz>
      <mesocyclone_velocity_max units="m/s">31.715559</mesocyclone_velocity_max>
      <mesocyclone_velocity_rotational_max units="m/s">9.855831</mesocyclone_velocity_rotational_max>
      <mesocyclone_velocity_rotational_mean units="m/s">7.735124</mesocyclone_velocity_rotational_mean>
      <mesocyclone_velocity_rotational_max_closest_to_ground units="m/s">9.855831</mesocyclone_velocity_rotational_max_closest_to_ground>
      <meso_intensity>1</meso_intensity>
    </nowcast-parameters>
  </event>
  <event ID="54">
    <time time-coordinate="UTC">2021-07-08T13:10:00</time>
    <location>
      <area>
        <ellipse>
          <moving-point>
            <latitude>47.593367</latitude>
            <longitude>11.419569</longitude>
            <polar_motion>
              <speed units="km/h">0.0</speed>
            </polar_motion>
          </moving-point>
          <major_axis units="km">12.75</major_axis>
          <minor_axis units="km">12.75</minor_axis>
          <orientation units="degrees true">0</orientation>
        </ellipse>
      </area>
    </location>
    <nowcast-parameters>
      <mesocyclone_shear_mean units="m/s/km">4.779549</mesocyclone_shear_mean>
      <mesocyclone_shear_max units="m/s/km">16.885943</mesocyclone_shear_max>
      <mesocyclone_momentum_mean units="m/s/km">114.942416</mesocyclone_momentum_mean>
      <mesocyclone_momentum_max units="m/s/km">557.255316</mesocyclone_momentum_max>
      <mesocyclone_diameter units="km">12.750000</mesocyclone_diameter>
      <mesocyclone_diameter_equivalent units="km">7.384077</mesocyclone_diameter_equivalent>
      <mesocyclone_top units="km">8.613415</mesocyclone_top>
      <mesocyclone_base units="km">1.430002</mesocyclone_base>
      <mesocyclone_echotop units="km">8.842939</mesocyclone_echotop>
      <mesocyclone_vil units="kg/m*m">20.256756</mesocyclone_vil>
      <mesocyclone_shear_vectors>31</mesocyclone_shear_vectors>
      <mesocyclone_shear_features>8</mesocyclone_shear_features>
      <elevations>
        <elevation site="tur" units="&#176;">0.5,1.5</elevation>
        <elevation site="isn" units="&#176;">2.5,3.5,4.5,5.5</elevation>
        <elevation site="mem" units="&#176;">1.5,2.5</elevation>
      </elevations>
      <mean_dbz units="DBZ">42.60</mean_dbz>
      <max_dbz units="DBZ">58.06</max_dbz>
      <mesocyclone_velocity_max units="m/s">31.715559</mesocyclone_velocity_max>
      <mesocyclone_velocity_rotational_max units="m/s">27.924854</mesocyclone_velocity_rotational_max>
      <mesocyclone_velocity_rotational_mean units="m/s">10.197564</mesocyclone_velocity_rotational_mean>
      <mesocyclone_velocity_rotational_max_closest_to_ground units="m/s">14.088219</mesocyclone_velocity_rotational_max_closest_to_ground>
      <meso_intensity>4</meso_intensity>
    </nowcast-parameters>
  </event>
  <event ID="90">
    <time time-coordinate="UTC">2021-07-08T13:10:00</time>
    <location>
      <area>
        <ellipse>
          <moving-point>
            <latitude>46.791104</latitude>
            <longitude>7.886308</longitude>
            <polar_motion>
              <speed units="km/h">0.0</speed>
            </polar_motion>
          </moving-point>
          <major_axis units="km">13.75</major_axis>
          <minor_axis units="km">13.75</minor_axis>
          <orientation units="degrees true">0</orientation>
        </ellipse>
      </area>
    </location>
    <nowcast-parameters>
      <mesocyclone_shear_mean units="m/s/km">2.832370</mesocyclone_shear_mean>
      <mesocyclone_shear_max units="m/s/km">7.009393</mesocyclone_shear_max>
      <mesocyclone_momentum_mean units="m/s/km">117.233479</mesocyclone_momentum_mean>
      <mesocyclone_momentum_max units="m/s/km">238.959009</mesocyclone_momentum_max>
      <mesocyclone_diameter units="km">13.750000</mesocyclone_diameter>
      <mesocyclone_diameter_equivalent units="km">6.782675</mesocyclone_diameter_equivalent>
      <mesocyclone_top units="km">7.304676</mesocyclone_top>
      <mesocyclone_base units="km">3.180358</mesocyclone_base>
      <mesocyclone_echotop units="km">6.630388</mesocyclone_echotop>
      <mesocyclone_vil units="kg/m*m">3.665423</mesocyclone_vil>
      <mesocyclone_shear_vectors>24</mesocyclone_shear_vectors>
      <mesocyclone_shear_features>2</mesocyclone_shear_features>
      <elevations>
        <elevation site="fbg" units="&#176;">1.5,2.5</elevation>
      </elevations>
      <mean_dbz units="DBZ">36.52</mean_dbz>
      <max_dbz units="DBZ">49.85</max_dbz>
      <mesocyclone_velocity_max units="m/s">29.458183</mesocyclone_velocity_max>
      <mesocyclone_velocity_rotational_max units="m/s">12.159336</mesocyclone_velocity_rotational_max>
      <mesocyclone_velocity_rotational_mean units="m/s">8.534517</mesocyclone_velocity_rotational_mean>
      <mesocyclone_velocity_rotational_max_closest_to_ground units="m/s">12.159336</mesocyclone_velocity_rotational_max_closest_to_ground>
      <meso_intensity>2</meso_intensity>
    </nowcast-parameters>
  </event>
</nowcast-data>
