<?xml version="1.0" encoding="UTF-8"?>
<nowcast-data>
  <radar-stations>ASB,BOO,ROS,HNR,UMD,PRO,ESS,FLD,DRS,NEU,NHB,OFT,EIS,TUR,ISN,FBG,MEM</radar-stations>
  <event ID="52">
    <time time-coordinate="UTC">2021-07-06T22:50:00</time>
    <location>
      <area>
        <ellipse>
          <moving-point>
            <latitude>47.020546</latitude>
            <longitude>9.750705</longitude>
            <polar_motion>
              <speed units="km/h">0.0</speed>
            </polar_motion>
          </moving-point>
          <major_axis units="km">7.50</major_axis>
          <minor_axis units="km">7.50</minor_axis>
          <orientation units="degrees true">0</orientation>
        </ellipse>
      </area>
    </location>
    <nowcast-parameters>
      <mesocyclone_shear_mean units="m/s/km">5.321262</mesocyclone_shear_mean>
      <mesocyclone_shear_max units="m/s/km">10.769424</mesocyclone_shear_max>
      <mesocyclone_momentum_mean units="m/s/km">68.591077</mesocyclone_momentum_mean>
      <mesocyclone_momentum_max units="m/s/km">180.145857</mesocyclone_momentum_max>
      <mesocyclone_diameter units="km">7.500000</mesocyclone_diameter>
      <mesocyclone_diameter_equivalent units="km">4.210475</mesocyclone_diameter_equivalent>
      <mesocyclone_top units="km">4.211155</mesocyclone_top>
      <mesocyclone_base units="km">-0.578026</mesocyclone_base>
      <mesocyclone_echotop units="km">5.706649</mesocyclone_echotop>
      <mesocyclone_vil units="kg/m*m">8.820969</mesocyclone_vil>
      <mesocyclone_shear_vectors>16</mesocyclone_shear_vectors>
      <mesocyclone_shear_features>2</mesocyclone_shear_features>
      <elevations>
        <elevation site="tur" units="&#176;">0.5</elevation>
        <elevation site="mem" units="&#176;">0.5</elevation>
      </elevations>
      <mean_dbz units="DBZ">40.55</mean_dbz>
      <max_dbz units="DBZ">52.86</max_dbz>
      <mesocyclone_velocity_max units="m/s">31.182415</mesocyclone_velocity_max>
      <mesocyclone_velocity_rotational_max units="m/s">15.484350</mesocyclone_velocity_rotational_max>
      <mesocyclone_velocity_rotational_mean units="m/s">8.710553</mesocyclone_velocity_rotational_mean>
      <mesocyclone_velocity_rotational_max_closest_to_ground units="m/s">10.983279</mesocyclone_velocity_rotational_max_closest_to_ground>
      <meso_intensity>2</meso_intensity>
    </nowcast-parameters>
  </event>
</nowcast-data>
