<?xml version="1.0" encoding="UTF-8"?>
<nowcast-data>
  <radar-stations>ASB,BOO,ROS,HNR,UMD,PRO,ESS,FLD,DRS,NEU,NHB,OFT,EIS,TUR,ISN,FBG,MEM</radar-stations>
  <event ID="25">
    <time time-coordinate="UTC">2021-07-08T07:20:00</time>
    <location>
      <area>
        <ellipse>
          <moving-point>
            <latitude>49.650594</latitude>
            <longitude>11.694178</longitude>
            <polar_motion>
              <speed units="km/h">0.0</speed>
            </polar_motion>
          </moving-point>
          <major_axis units="km">7.34</major_axis>
          <minor_axis units="km">7.34</minor_axis>
          <orientation units="degrees true">0</orientation>
        </ellipse>
      </area>
    </location>
    <nowcast-parameters>
      <mesocyclone_shear_mean units="m/s/km">3.205384</mesocyclone_shear_mean>
      <mesocyclone_shear_max units="m/s/km">5.509714</mesocyclone_shear_max>
      <mesocyclone_momentum_mean units="m/s/km">81.498983</mesocyclone_momentum_mean>
      <mesocyclone_momentum_max units="m/s/km">173.728412</mesocyclone_momentum_max>
      <mesocyclone_diameter units="km">7.336125</mesocyclone_diameter>
      <mesocyclone_diameter_equivalent units="km">3.946728</mesocyclone_diameter_equivalent>
      <mesocyclone_top units="km">4.680499</mesocyclone_top>
      <mesocyclone_base units="km">1.811417</mesocyclone_base>
      <mesocyclone_echotop units="km">5.432542</mesocyclone_echotop>
      <mesocyclone_vil units="kg/m*m">2.962854</mesocyclone_vil>
      <mesocyclone_shear_vectors>8</mesocyclone_shear_vectors>
      <mesocyclone_shear_features>2</mesocyclone_shear_features>
      <elevations>
        <elevation site="eis" units="&#176;">3.5</elevation>
        <elevation site="isn" units="&#176;">0.5</elevation>
      </elevations>
      <mean_dbz units="DBZ">31.76</mean_dbz>
      <max_dbz units="DBZ">44.90</max_dbz>
      <mesocyclone_velocity_max units="m/s">21.801590</mesocyclone_velocity_max>
      <mesocyclone_velocity_rotational_max units="m/s">12.980137</mesocyclone_velocity_rotational_max>
      <mesocyclone_velocity_rotational_mean units="m/s">7.293655</mesocyclone_velocity_rotational_mean>
      <mesocyclone_velocity_rotational_max_closest_to_ground units="m/s">8.718619</mesocyclone_velocity_rotational_max_closest_to_ground>
      <meso_intensity>2</meso_intensity>
    </nowcast-parameters>
  </event>
  <event ID="44">
    <time time-coordinate="UTC">2021-07-08T07:20:00</time>
    <location>
      <area>
        <ellipse>
          <moving-point>
            <latitude>46.423419</latitude>
            <longitude>8.840509</longitude>
            <polar_motion>
              <speed units="km/h">0.0</speed>
            </polar_motion>
          </moving-point>
          <major_axis units="km">6.15</major_axis>
          <minor_axis units="km">6.15</minor_axis>
          <orientation units="degrees true">0</orientation>
        </ellipse>
      </area>
    </location>
    <nowcast-parameters>
      <mesocyclone_shear_mean units="m/s/km">4.454994</mesocyclone_shear_mean>
      <mesocyclone_shear_max units="m/s/km">6.629229</mesocyclone_shear_max>
      <mesocyclone_momentum_mean units="m/s/km">72.001172</mesocyclone_momentum_mean>
      <mesocyclone_momentum_max units="m/s/km">222.539886</mesocyclone_momentum_max>
      <mesocyclone_diameter units="km">6.153356</mesocyclone_diameter>
      <mesocyclone_diameter_equivalent units="km">3.665797</mesocyclone_diameter_equivalent>
      <mesocyclone_top units="km">8.432103</mesocyclone_top>
      <mesocyclone_base units="km">2.596536</mesocyclone_base>
      <mesocyclone_echotop units="km">10.097296</mesocyclone_echotop>
      <mesocyclone_vil units="kg/m*m">15.132781</mesocyclone_vil>
      <mesocyclone_shear_vectors>11</mesocyclone_shear_vectors>
      <mesocyclone_shear_features>2</mesocyclone_shear_features>
      <elevations>
        <elevation site="fbg" units="&#176;">0.5,1.5</elevation>
      </elevations>
      <mean_dbz units="DBZ">45.72</mean_dbz>
      <max_dbz units="DBZ">55.85</max_dbz>
      <mesocyclone_velocity_max units="m/s">22.438362</mesocyclone_velocity_max>
      <mesocyclone_velocity_rotational_max units="m/s">11.407211</mesocyclone_velocity_rotational_max>
      <mesocyclone_velocity_rotational_mean units="m/s">8.099260</mesocyclone_velocity_rotational_mean>
      <mesocyclone_velocity_rotational_max_closest_to_ground units="m/s">9.276195</mesocyclone_velocity_rotational_max_closest_to_ground>
      <meso_intensity>1</meso_intensity>
    </nowcast-parameters>
  </event>
  <event ID="45">
    <time time-coordinate="UTC">2021-07-08T07:20:00</time>
    <location>
      <area>
        <ellipse>
          <moving-point>
            <latitude>46.344469</latitude>
            <longitude>8.739867</longitude>
            <polar_motion>
              <speed units="km/h">0.0</speed>
            </polar_motion>
          </moving-point>
          <major_axis units="km">7.66</major_axis>
          <minor_axis units="km">7.66</minor_axis>
          <orientation units="degrees true">0</orientation>
        </ellipse>
      </area>
    </location>
    <nowcast-parameters>
      <mesocyclone_shear_mean units="m/s/km">5.020063</mesocyclone_shear_mean>
      <mesocyclone_shear_max units="m/s/km">6.738628</mesocyclone_shear_max>
      <mesocyclone_momentum_mean units="m/s/km">89.658158</mesocyclone_momentum_mean>
      <mesocyclone_momentum_max units="m/s/km">255.227867</mesocyclone_momentum_max>
      <mesocyclone_diameter units="km">7.656115</mesocyclone_diameter>
      <mesocyclone_diameter_equivalent units="km">3.718323</mesocyclone_diameter_equivalent>
      <mesocyclone_top units="km">11.123685</mesocyclone_top>
      <mesocyclone_base units="km">0.968940</mesocyclone_base>
      <mesocyclone_echotop units="km">9.655228</mesocyclone_echotop>
      <mesocyclone_vil units="kg/m*m">8.808357</mesocyclone_vil>
      <mesocyclone_shear_vectors>9</mesocyclone_shear_vectors>
      <mesocyclone_shear_features>2</mesocyclone_shear_features>
      <elevations>
        <elevation site="fbg" units="&#176;">0.5,2.5</elevation>
      </elevations>
      <mean_dbz units="DBZ">43.13</mean_dbz>
      <max_dbz units="DBZ">51.62</max_dbz>
      <mesocyclone_velocity_max units="m/s">30.711723</mesocyclone_velocity_max>
      <mesocyclone_velocity_rotational_max units="m/s">19.429866</mesocyclone_velocity_rotational_max>
      <mesocyclone_velocity_rotational_mean units="m/s">9.501831</mesocyclone_velocity_rotational_mean>
      <mesocyclone_velocity_rotational_max_closest_to_ground units="m/s">11.783272</mesocyclone_velocity_rotational_max_closest_to_ground>
      <meso_intensity>2</meso_intensity>
    </nowcast-parameters>
  </event>
</nowcast-data>
