<?xml version="1.0" encoding="UTF-8"?>
<nowcast-data>
  <radar-stations>ASB,BOO,ROS,HNR,UMD,PRO,ESS,FLD,DRS,NEU,NHB,OFT,EIS,TUR,ISN,FBG,MEM</radar-stations>
  <event ID="40">
    <time time-coordinate="UTC">2021-07-08T12:50:00</time>
    <location>
      <area>
        <ellipse>
          <moving-point>
            <latitude>49.271780</latitude>
            <longitude>12.895798</longitude>
            <polar_motion>
              <speed units="km/h">0.0</speed>
            </polar_motion>
          </moving-point>
          <major_axis units="km">4.25</major_axis>
          <minor_axis units="km">4.25</minor_axis>
          <orientation units="degrees true">0</orientation>
        </ellipse>
      </area>
    </location>
    <nowcast-parameters>
      <mesocyclone_shear_mean units="m/s/km">5.464668</mesocyclone_shear_mean>
      <mesocyclone_shear_max units="m/s/km">13.864835</mesocyclone_shear_max>
      <mesocyclone_momentum_mean units="m/s/km">47.076386</mesocyclone_momentum_mean>
      <mesocyclone_momentum_max units="m/s/km">135.704134</mesocyclone_momentum_max>
      <mesocyclone_diameter units="km">4.250000</mesocyclone_diameter>
      <mesocyclone_diameter_equivalent units="km">3.433700</mesocyclone_diameter_equivalent>
      <mesocyclone_top units="km">4.256963</mesocyclone_top>
      <mesocyclone_base units="km">2.068496</mesocyclone_base>
      <mesocyclone_echotop units="km">7.494574</mesocyclone_echotop>
      <mesocyclone_vil units="kg/m*m">16.211234</mesocyclone_vil>
      <mesocyclone_shear_vectors>13</mesocyclone_shear_vectors>
      <mesocyclone_shear_features>3</mesocyclone_shear_features>
      <elevations>
        <elevation site="eis" units="&#176;">2.5,3.5,4.5</elevation>
      </elevations>
      <mean_dbz units="DBZ">43.13</mean_dbz>
      <max_dbz units="DBZ">55.91</max_dbz>
      <mesocyclone_velocity_max units="m/s">19.785259</mesocyclone_velocity_max>
      <mesocyclone_velocity_rotational_max units="m/s">14.618406</mesocyclone_velocity_rotational_max>
      <mesocyclone_velocity_rotational_mean units="m/s">7.736910</mesocyclone_velocity_rotational_mean>
      <mesocyclone_velocity_rotational_max_closest_to_ground units="m/s">8.821452</mesocyclone_velocity_rotational_max_closest_to_ground>
      <meso_intensity>2</meso_intensity>
    </nowcast-parameters>
  </event>
  <event ID="67">
    <time time-coordinate="UTC">2021-07-08T12:50:00</time>
    <location>
      <area>
        <ellipse>
          <moving-point>
            <latitude>47.624366</latitude>
            <longitude>11.905573</longitude>
            <polar_motion>
              <speed units="km/h">0.0</speed>
            </polar_motion>
          </moving-point>
          <major_axis units="km">18.25</major_axis>
          <minor_axis units="km">18.25</minor_axis>
          <orientation units="degrees true">0</orientation>
        </ellipse>
      </area>
    </location>
    <nowcast-parameters>
      <mesocyclone_shear_mean units="m/s/km">3.609424</mesocyclone_shear_mean>
      <mesocyclone_shear_max units="m/s/km">14.073573</mesocyclone_shear_max>
      <mesocyclone_momentum_mean units="m/s/km">137.236607</mesocyclone_momentum_mean>
      <mesocyclone_momentum_max units="m/s/km">331.293124</mesocyclone_momentum_max>
      <mesocyclone_diameter units="km">18.250000</mesocyclone_diameter>
      <mesocyclone_diameter_equivalent units="km">10.578979</mesocyclone_diameter_equivalent>
      <mesocyclone_top units="km">5.896752</mesocyclone_top>
      <mesocyclone_base units="km">0.111042</mesocyclone_base>
      <mesocyclone_echotop units="km">8.714365</mesocyclone_echotop>
      <mesocyclone_vil units="kg/m*m">40.155824</mesocyclone_vil>
      <mesocyclone_shear_vectors>47</mesocyclone_shear_vectors>
      <mesocyclone_shear_features>4</mesocyclone_shear_features>
      <elevations>
        <elevation site="isn" units="&#176;">3.5,4.5,5.5</elevation>
        <elevation site="mem" units="&#176;">0.5</elevation>
      </elevations>
      <mean_dbz units="DBZ">44.43</mean_dbz>
      <max_dbz units="DBZ">62.77</max_dbz>
      <mesocyclone_velocity_max units="m/s">31.968277</mesocyclone_velocity_max>
      <mesocyclone_velocity_rotational_max units="m/s">16.805453</mesocyclone_velocity_rotational_max>
      <mesocyclone_velocity_rotational_mean units="m/s">9.484725</mesocyclone_velocity_rotational_mean>
      <mesocyclone_velocity_rotational_max_closest_to_ground units="m/s">9.720834</mesocyclone_velocity_rotational_max_closest_to_ground>
      <meso_intensity>3</meso_intensity>
    </nowcast-parameters>
  </event>
  <event ID="75">
    <time time-coordinate="UTC">2021-07-08T12:50:00</time>
    <location>
      <area>
        <ellipse>
          <moving-point>
            <latitude>47.560319</latitude>
            <longitude>11.195512</longitude>
            <polar_motion>
              <speed units="km/h">0.0</speed>
            </polar_motion>
          </moving-point>
          <major_axis units="km">9.27</major_axis>
          <minor_axis units="km">9.27</minor_axis>
          <orientation units="degrees true">0</orientation>
        </ellipse>
      </area>
    </location>
    <nowcast-parameters>
      <mesocyclone_shear_mean units="m/s/km">3.652960</mesocyclone_shear_mean>
      <mesocyclone_shear_max units="m/s/km">12.893702</mesocyclone_shear_max>
      <mesocyclone_momentum_mean units="m/s/km">103.024529</mesocyclone_momentum_mean>
      <mesocyclone_momentum_max units="m/s/km">253.913802</mesocyclone_momentum_max>
      <mesocyclone_diameter units="km">9.271053</mesocyclone_diameter>
      <mesocyclone_diameter_equivalent units="km">4.585034</mesocyclone_diameter_equivalent>
      <mesocyclone_top units="km">9.838039</mesocyclone_top>
      <mesocyclone_base units="km">1.524173</mesocyclone_base>
      <mesocyclone_echotop units="km">8.898574</mesocyclone_echotop>
      <mesocyclone_vil units="kg/m*m">4.744123</mesocyclone_vil>
      <mesocyclone_shear_vectors>13</mesocyclone_shear_vectors>
      <mesocyclone_shear_features>3</mesocyclone_shear_features>
      <elevations>
        <elevation site="isn" units="&#176;">4.5,5.5</elevation>
        <elevation site="mem" units="&#176;">1.5</elevation>
      </elevations>
      <mean_dbz units="DBZ">30.30</mean_dbz>
      <max_dbz units="DBZ">47.25</max_dbz>
      <mesocyclone_velocity_max units="m/s">31.715559</mesocyclone_velocity_max>
      <mesocyclone_velocity_rotational_max units="m/s">14.910102</mesocyclone_velocity_rotational_max>
      <mesocyclone_velocity_rotational_mean units="m/s">8.467801</mesocyclone_velocity_rotational_mean>
      <mesocyclone_velocity_rotational_max_closest_to_ground units="m/s">11.362013</mesocyclone_velocity_rotational_max_closest_to_ground>
      <meso_intensity>2</meso_intensity>
    </nowcast-parameters>
  </event>
  <event ID="49">
    <time time-coordinate="UTC">2021-07-08T12:50:00</time>
    <location>
      <area>
        <ellipse>
          <moving-point>
            <latitude>47.471487</latitude>
            <longitude>11.112660</longitude>
            <polar_motion>
              <speed units="km/h">0.0</speed>
            </polar_motion>
          </moving-point>
          <major_axis units="km">16.50</major_axis>
          <minor_axis units="km">16.50</minor_axis>
          <orientation units="degrees true">0</orientation>
        </ellipse>
      </area>
    </location>
    <nowcast-parameters>
      <mesocyclone_shear_mean units="m/s/km">4.599271</mesocyclone_shear_mean>
      <mesocyclone_shear_max units="m/s/km">17.623494</mesocyclone_shear_max>
      <mesocyclone_momentum_mean units="m/s/km">111.104747</mesocyclone_momentum_mean>
      <mesocyclone_momentum_max units="m/s/km">343.822145</mesocyclone_momentum_max>
      <mesocyclone_diameter units="km">16.500000</mesocyclone_diameter>
      <mesocyclone_diameter_equivalent units="km">6.446438</mesocyclone_diameter_equivalent>
      <mesocyclone_top units="km">9.235120</mesocyclone_top>
      <mesocyclone_base units="km">2.108062</mesocyclone_base>
      <mesocyclone_echotop units="km">8.980841</mesocyclone_echotop>
      <mesocyclone_vil units="kg/m*m">25.914188</mesocyclone_vil>
      <mesocyclone_shear_vectors>23</mesocyclone_shear_vectors>
      <mesocyclone_shear_features>5</mesocyclone_shear_features>
      <elevations>
        <elevation site="tur" units="&#176;">1.5</elevation>
        <elevation site="isn" units="&#176;">2.5,3.5,4.5</elevation>
        <elevation site="mem" units="&#176;">1.5</elevation>
      </elevations>
      <mean_dbz units="DBZ">44.43</mean_dbz>
      <max_dbz units="DBZ">61.38</max_dbz>
      <mesocyclone_velocity_max units="m/s">31.968277</mesocyclone_velocity_max>
      <mesocyclone_velocity_rotational_max units="m/s">18.305465</mesocyclone_velocity_rotational_max>
      <mesocyclone_velocity_rotational_mean units="m/s">9.605197</mesocyclone_velocity_rotational_mean>
      <mesocyclone_velocity_rotational_max_closest_to_ground units="m/s">18.305465</mesocyclone_velocity_rotational_max_closest_to_ground>
      <meso_intensity>3</meso_intensity>
    </nowcast-parameters>
  </event>
</nowcast-data>
