<?xml version="1.0" encoding="UTF-8"?>
<nowcast-data>
  <radar-stations>ASB,BOO,ROS,HNR,UMD,PRO,ESS,FLD,DRS,NEU,NHB,OFT,EIS,TUR,ISN,FBG,MEM</radar-stations>
  <event ID="50">
    <time time-coordinate="UTC">2021-07-08T03:30:00</time>
    <location>
      <area>
        <ellipse>
          <moving-point>
            <latitude>48.025794</latitude>
            <longitude>9.883963</longitude>
            <polar_motion>
              <speed units="km/h">0.0</speed>
            </polar_motion>
          </moving-point>
          <major_axis units="km">3.83</major_axis>
          <minor_axis units="km">3.83</minor_axis>
          <orientation units="degrees true">0</orientation>
        </ellipse>
      </area>
    </location>
    <nowcast-parameters>
      <mesocyclone_shear_mean units="m/s/km">4.037836</mesocyclone_shear_mean>
      <mesocyclone_shear_max units="m/s/km">5.247864</mesocyclone_shear_max>
      <mesocyclone_momentum_mean units="m/s/km">45.520633</mesocyclone_momentum_mean>
      <mesocyclone_momentum_max units="m/s/km">68.514015</mesocyclone_momentum_max>
      <mesocyclone_diameter units="km">3.833907</mesocyclone_diameter>
      <mesocyclone_diameter_equivalent units="km">3.252927</mesocyclone_diameter_equivalent>
      <mesocyclone_top units="km">3.734237</mesocyclone_top>
      <mesocyclone_base units="km">2.277283</mesocyclone_base>
      <mesocyclone_echotop units="km">6.051002</mesocyclone_echotop>
      <mesocyclone_vil units="kg/m*m">4.522788</mesocyclone_vil>
      <mesocyclone_shear_vectors>9</mesocyclone_shear_vectors>
      <mesocyclone_shear_features>2</mesocyclone_shear_features>
      <elevations>
        <elevation site="mem" units="&#176;">5.5,8.0</elevation>
      </elevations>
      <mean_dbz units="DBZ">36.71</mean_dbz>
      <max_dbz units="DBZ">50.73</max_dbz>
      <mesocyclone_velocity_max units="m/s">15.023108</mesocyclone_velocity_max>
      <mesocyclone_velocity_rotational_max units="m/s">7.574677</mesocyclone_velocity_rotational_max>
      <mesocyclone_velocity_rotational_mean units="m/s">6.690963</mesocyclone_velocity_rotational_mean>
      <mesocyclone_velocity_rotational_max_closest_to_ground units="m/s">7.574677</mesocyclone_velocity_rotational_max_closest_to_ground>
      <meso_intensity>1</meso_intensity>
    </nowcast-parameters>
  </event>
</nowcast-data>
