<?xml version="1.0" encoding="UTF-8"?>
<nowcast-data>
  <radar-stations>ASB,BOO,ROS,HNR,UMD,PRO,ESS,FLD,DRS,NEU,NHB,OFT,EIS,TUR,ISN,FBG,MEM</radar-stations>
  <event ID="28">
    <time time-coordinate="UTC">2021-07-08T10:50:00</time>
    <location>
      <area>
        <ellipse>
          <moving-point>
            <latitude>49.814316</latitude>
            <longitude>12.226369</longitude>
            <polar_motion>
              <speed units="km/h">0.0</speed>
            </polar_motion>
          </moving-point>
          <major_axis units="km">12.00</major_axis>
          <minor_axis units="km">12.00</minor_axis>
          <orientation units="degrees true">0</orientation>
        </ellipse>
      </area>
    </location>
    <nowcast-parameters>
      <mesocyclone_shear_mean units="m/s/km">3.448258</mesocyclone_shear_mean>
      <mesocyclone_shear_max units="m/s/km">7.750906</mesocyclone_shear_max>
      <mesocyclone_momentum_mean units="m/s/km">112.849595</mesocyclone_momentum_mean>
      <mesocyclone_momentum_max units="m/s/km">241.487578</mesocyclone_momentum_max>
      <mesocyclone_diameter units="km">12.000000</mesocyclone_diameter>
      <mesocyclone_diameter_equivalent units="km">7.204907</mesocyclone_diameter_equivalent>
      <mesocyclone_top units="km">8.336854</mesocyclone_top>
      <mesocyclone_base units="km">4.649834</mesocyclone_base>
      <mesocyclone_echotop units="km">9.464228</mesocyclone_echotop>
      <mesocyclone_vil units="kg/m*m">20.779884</mesocyclone_vil>
      <mesocyclone_shear_vectors>30</mesocyclone_shear_vectors>
      <mesocyclone_shear_features>3</mesocyclone_shear_features>
      <elevations>
        <elevation site="eis" units="&#176;">8.0,12.0</elevation>
        <elevation site="isn" units="&#176;">1.5</elevation>
      </elevations>
      <mean_dbz units="DBZ">41.93</mean_dbz>
      <max_dbz units="DBZ">58.48</max_dbz>
      <mesocyclone_velocity_max units="m/s">31.509911</mesocyclone_velocity_max>
      <mesocyclone_velocity_rotational_max units="m/s">12.130253</mesocyclone_velocity_rotational_max>
      <mesocyclone_velocity_rotational_mean units="m/s">8.945533</mesocyclone_velocity_rotational_mean>
      <mesocyclone_velocity_rotational_max_closest_to_ground units="m/s">10.711763</mesocyclone_velocity_rotational_max_closest_to_ground>
      <meso_intensity>2</meso_intensity>
    </nowcast-parameters>
  </event>
  <event ID="24">
    <time time-coordinate="UTC">2021-07-08T10:50:00</time>
    <location>
      <area>
        <ellipse>
          <moving-point>
            <latitude>48.060933</latitude>
            <longitude>11.871805</longitude>
            <polar_motion>
              <speed units="km/h">0.0</speed>
            </polar_motion>
          </moving-point>
          <major_axis units="km">14.25</major_axis>
          <minor_axis units="km">14.25</minor_axis>
          <orientation units="degrees true">0</orientation>
        </ellipse>
      </area>
    </location>
    <nowcast-parameters>
      <mesocyclone_shear_mean units="m/s/km">5.090721</mesocyclone_shear_mean>
      <mesocyclone_shear_max units="m/s/km">8.102649</mesocyclone_shear_max>
      <mesocyclone_momentum_mean units="m/s/km">100.771242</mesocyclone_momentum_mean>
      <mesocyclone_momentum_max units="m/s/km">339.621891</mesocyclone_momentum_max>
      <mesocyclone_diameter units="km">14.250000</mesocyclone_diameter>
      <mesocyclone_diameter_equivalent units="km">5.784838</mesocyclone_diameter_equivalent>
      <mesocyclone_top units="km">5.761522</mesocyclone_top>
      <mesocyclone_base units="km">1.899984</mesocyclone_base>
      <mesocyclone_echotop units="km">6.441362</mesocyclone_echotop>
      <mesocyclone_vil units="kg/m*m">5.145826</mesocyclone_vil>
      <mesocyclone_shear_vectors>19</mesocyclone_shear_vectors>
      <mesocyclone_shear_features>3</mesocyclone_shear_features>
      <elevations>
        <elevation site="eis" units="&#176;">0.5</elevation>
        <elevation site="isn" units="&#176;">17.0,25.0</elevation>
      </elevations>
      <mean_dbz units="DBZ">31.85</mean_dbz>
      <max_dbz units="DBZ">46.79</max_dbz>
      <mesocyclone_velocity_max units="m/s">26.590380</mesocyclone_velocity_max>
      <mesocyclone_velocity_rotational_max units="m/s">18.903114</mesocyclone_velocity_rotational_max>
      <mesocyclone_velocity_rotational_mean units="m/s">10.051100</mesocyclone_velocity_rotational_mean>
      <mesocyclone_velocity_rotational_max_closest_to_ground units="m/s">18.903114</mesocyclone_velocity_rotational_max_closest_to_ground>
      <meso_intensity>3</meso_intensity>
    </nowcast-parameters>
  </event>
  <event ID="35">
    <time time-coordinate="UTC">2021-07-08T10:50:00</time>
    <location>
      <area>
        <ellipse>
          <moving-point>
            <latitude>47.739631</latitude>
            <longitude>10.319460</longitude>
            <polar_motion>
              <speed units="km/h">0.0</speed>
            </polar_motion>
          </moving-point>
          <major_axis units="km">7.98</major_axis>
          <minor_axis units="km">7.98</minor_axis>
          <orientation units="degrees true">0</orientation>
        </ellipse>
      </area>
    </location>
    <nowcast-parameters>
      <mesocyclone_shear_mean units="m/s/km">3.865993</mesocyclone_shear_mean>
      <mesocyclone_shear_max units="m/s/km">5.538086</mesocyclone_shear_max>
      <mesocyclone_momentum_mean units="m/s/km">84.285697</mesocyclone_momentum_mean>
      <mesocyclone_momentum_max units="m/s/km">232.313180</mesocyclone_momentum_max>
      <mesocyclone_diameter units="km">7.980966</mesocyclone_diameter>
      <mesocyclone_diameter_equivalent units="km">4.046417</mesocyclone_diameter_equivalent>
      <mesocyclone_top units="km">5.651093</mesocyclone_top>
      <mesocyclone_base units="km">2.498557</mesocyclone_base>
      <mesocyclone_echotop units="km">8.409582</mesocyclone_echotop>
      <mesocyclone_vil units="kg/m*m">4.308141</mesocyclone_vil>
      <mesocyclone_shear_vectors>14</mesocyclone_shear_vectors>
      <mesocyclone_shear_features>2</mesocyclone_shear_features>
      <elevations>
        <elevation site="tur" units="&#176;">1.5</elevation>
        <elevation site="fbg" units="&#176;">0.5</elevation>
      </elevations>
      <mean_dbz units="DBZ">32.92</mean_dbz>
      <max_dbz units="DBZ">46.92</max_dbz>
      <mesocyclone_velocity_max units="m/s">25.948273</mesocyclone_velocity_max>
      <mesocyclone_velocity_rotational_max units="m/s">12.410044</mesocyclone_velocity_rotational_max>
      <mesocyclone_velocity_rotational_mean units="m/s">8.119804</mesocyclone_velocity_rotational_mean>
      <mesocyclone_velocity_rotational_max_closest_to_ground units="m/s">10.788277</mesocyclone_velocity_rotational_max_closest_to_ground>
      <meso_intensity>2</meso_intensity>
    </nowcast-parameters>
  </event>
  <event ID="36">
    <time time-coordinate="UTC">2021-07-08T10:50:00</time>
    <location>
      <area>
        <ellipse>
          <moving-point>
            <latitude>47.418660</latitude>
            <longitude>10.161172</longitude>
            <polar_motion>
              <speed units="km/h">0.0</speed>
            </polar_motion>
          </moving-point>
          <major_axis units="km">17.00</major_axis>
          <minor_axis units="km">17.00</minor_axis>
          <orientation units="degrees true">0</orientation>
        </ellipse>
      </area>
    </location>
    <nowcast-parameters>
      <mesocyclone_shear_mean units="m/s/km">5.144600</mesocyclone_shear_mean>
      <mesocyclone_shear_max units="m/s/km">23.119237</mesocyclone_shear_max>
      <mesocyclone_momentum_mean units="m/s/km">100.719481</mesocyclone_momentum_mean>
      <mesocyclone_momentum_max units="m/s/km">618.431361</mesocyclone_momentum_max>
      <mesocyclone_diameter units="km">17.000000</mesocyclone_diameter>
      <mesocyclone_diameter_equivalent units="km">7.280382</mesocyclone_diameter_equivalent>
      <mesocyclone_top units="km">7.920114</mesocyclone_top>
      <mesocyclone_base units="km">1.869731</mesocyclone_base>
      <mesocyclone_echotop units="km">9.198728</mesocyclone_echotop>
      <mesocyclone_vil units="kg/m*m">7.850883</mesocyclone_vil>
      <mesocyclone_shear_vectors>30</mesocyclone_shear_vectors>
      <mesocyclone_shear_features>7</mesocyclone_shear_features>
      <elevations>
        <elevation site="tur" units="&#176;">1.5,2.5</elevation>
        <elevation site="isn" units="&#176;">1.5</elevation>
        <elevation site="fbg" units="&#176;">0.5,1.5</elevation>
        <elevation site="mem" units="&#176;">3.5,5.5</elevation>
      </elevations>
      <mean_dbz units="DBZ">32.72</mean_dbz>
      <max_dbz units="DBZ">49.58</max_dbz>
      <mesocyclone_velocity_max units="m/s">31.715561</mesocyclone_velocity_max>
      <mesocyclone_velocity_rotational_max units="m/s">22.591919</mesocyclone_velocity_rotational_max>
      <mesocyclone_velocity_rotational_mean units="m/s">9.532597</mesocyclone_velocity_rotational_mean>
      <mesocyclone_velocity_rotational_max_closest_to_ground units="m/s">10.153671</mesocyclone_velocity_rotational_max_closest_to_ground>
      <meso_intensity>4</meso_intensity>
    </nowcast-parameters>
  </event>
  <event ID="32">
    <time time-coordinate="UTC">2021-07-08T10:50:00</time>
    <location>
      <area>
        <ellipse>
          <moving-point>
            <latitude>47.321946</latitude>
            <longitude>10.757554</longitude>
            <polar_motion>
              <speed units="km/h">0.0</speed>
            </polar_motion>
          </moving-point>
          <major_axis units="km">6.52</major_axis>
          <minor_axis units="km">6.52</minor_axis>
          <orientation units="degrees true">0</orientation>
        </ellipse>
      </area>
    </location>
    <nowcast-parameters>
      <mesocyclone_shear_mean units="m/s/km">4.722155</mesocyclone_shear_mean>
      <mesocyclone_shear_max units="m/s/km">10.581634</mesocyclone_shear_max>
      <mesocyclone_momentum_mean units="m/s/km">91.736213</mesocyclone_momentum_mean>
      <mesocyclone_momentum_max units="m/s/km">270.151865</mesocyclone_momentum_max>
      <mesocyclone_diameter units="km">6.523858</mesocyclone_diameter>
      <mesocyclone_diameter_equivalent units="km">4.303507</mesocyclone_diameter_equivalent>
      <mesocyclone_top units="km">4.530308</mesocyclone_top>
      <mesocyclone_base units="km">0.038083</mesocyclone_base>
      <mesocyclone_echotop units="km">6.039296</mesocyclone_echotop>
      <mesocyclone_vil units="kg/m*m">5.487637</mesocyclone_vil>
      <mesocyclone_shear_vectors>13</mesocyclone_shear_vectors>
      <mesocyclone_shear_features>2</mesocyclone_shear_features>
      <elevations>
        <elevation site="tur" units="&#176;">0.5</elevation>
        <elevation site="isn" units="&#176;">1.5</elevation>
      </elevations>
      <mean_dbz units="DBZ">32.58</mean_dbz>
      <max_dbz units="DBZ">47.14</max_dbz>
      <mesocyclone_velocity_max units="m/s">31.715561</mesocyclone_velocity_max>
      <mesocyclone_velocity_rotational_max units="m/s">16.245875</mesocyclone_velocity_rotational_max>
      <mesocyclone_velocity_rotational_mean units="m/s">9.139597</mesocyclone_velocity_rotational_mean>
      <mesocyclone_velocity_rotational_max_closest_to_ground units="m/s">16.245875</mesocyclone_velocity_rotational_max_closest_to_ground>
      <meso_intensity>2</meso_intensity>
    </nowcast-parameters>
  </event>
  <event ID="64">
    <time time-coordinate="UTC">2021-07-08T10:50:00</time>
    <location>
      <area>
        <ellipse>
          <moving-point>
            <latitude>46.664274</latitude>
            <longitude>9.391921</longitude>
            <polar_motion>
              <speed units="km/h">0.0</speed>
            </polar_motion>
          </moving-point>
          <major_axis units="km">6.79</major_axis>
          <minor_axis units="km">6.79</minor_axis>
          <orientation units="degrees true">0</orientation>
        </ellipse>
      </area>
    </location>
    <nowcast-parameters>
      <mesocyclone_shear_mean units="m/s/km">5.635124</mesocyclone_shear_mean>
      <mesocyclone_shear_max units="m/s/km">10.187675</mesocyclone_shear_max>
      <mesocyclone_momentum_mean units="m/s/km">104.258461</mesocyclone_momentum_mean>
      <mesocyclone_momentum_max units="m/s/km">216.685164</mesocyclone_momentum_max>
      <mesocyclone_diameter units="km">6.790843</mesocyclone_diameter>
      <mesocyclone_diameter_equivalent units="km">3.333418</mesocyclone_diameter_equivalent>
      <mesocyclone_top units="km">6.209703</mesocyclone_top>
      <mesocyclone_base units="km">0.569919</mesocyclone_base>
      <mesocyclone_echotop units="km">7.845208</mesocyclone_echotop>
      <mesocyclone_vil units="kg/m*m">16.943409</mesocyclone_vil>
      <mesocyclone_shear_vectors>8</mesocyclone_shear_vectors>
      <mesocyclone_shear_features>2</mesocyclone_shear_features>
      <elevations>
        <elevation site="mem" units="&#176;">0.5,1.5</elevation>
      </elevations>
      <mean_dbz units="DBZ">45.61</mean_dbz>
      <max_dbz units="DBZ">52.88</max_dbz>
      <mesocyclone_velocity_max units="m/s">31.434904</mesocyclone_velocity_max>
      <mesocyclone_velocity_rotational_max units="m/s">14.770617</mesocyclone_velocity_rotational_max>
      <mesocyclone_velocity_rotational_mean units="m/s">10.938192</mesocyclone_velocity_rotational_mean>
      <mesocyclone_velocity_rotational_max_closest_to_ground units="m/s">13.886905</mesocyclone_velocity_rotational_max_closest_to_ground>
      <meso_intensity>2</meso_intensity>
    </nowcast-parameters>
  </event>
</nowcast-data>
