<?xml version="1.0" encoding="UTF-8"?>
<nowcast-data>
  <radar-stations>ASB,BOO,ROS,HNR,UMD,PRO,ESS,FLD,DRS,NEU,NHB,OFT,EIS,TUR,ISN,FBG,MEM</radar-stations>
  <event ID="33">
    <time time-coordinate="UTC">2021-07-06T23:30:00</time>
    <location>
      <area>
        <ellipse>
          <moving-point>
            <latitude>51.015746</latitude>
            <longitude>13.604144</longitude>
            <polar_motion>
              <speed units="km/h">0.0</speed>
            </polar_motion>
          </moving-point>
          <major_axis units="km">5.50</major_axis>
          <minor_axis units="km">5.50</minor_axis>
          <orientation units="degrees true">0</orientation>
        </ellipse>
      </area>
    </location>
    <nowcast-parameters>
      <mesocyclone_shear_mean units="m/s/km">5.426094</mesocyclone_shear_mean>
      <mesocyclone_shear_max units="m/s/km">8.753182</mesocyclone_shear_max>
      <mesocyclone_momentum_mean units="m/s/km">38.630071</mesocyclone_momentum_mean>
      <mesocyclone_momentum_max units="m/s/km">70.872121</mesocyclone_momentum_max>
      <mesocyclone_diameter units="km">5.500000</mesocyclone_diameter>
      <mesocyclone_diameter_equivalent units="km">3.282516</mesocyclone_diameter_equivalent>
      <mesocyclone_top units="km">4.797203</mesocyclone_top>
      <mesocyclone_base units="km">3.305553</mesocyclone_base>
      <mesocyclone_echotop units="km">5.210493</mesocyclone_echotop>
      <mesocyclone_vil units="kg/m*m">5.003223</mesocyclone_vil>
      <mesocyclone_shear_vectors>13</mesocyclone_shear_vectors>
      <mesocyclone_shear_features>2</mesocyclone_shear_features>
      <elevations>
        <elevation site="drs" units="&#176;">12.0,17.0</elevation>
      </elevations>
      <mean_dbz units="DBZ">31.88</mean_dbz>
      <max_dbz units="DBZ">48.85</max_dbz>
      <mesocyclone_velocity_max units="m/s">16.830597</mesocyclone_velocity_max>
      <mesocyclone_velocity_rotational_max units="m/s">8.731663</mesocyclone_velocity_rotational_max>
      <mesocyclone_velocity_rotational_mean units="m/s">7.110670</mesocyclone_velocity_rotational_mean>
      <mesocyclone_velocity_rotational_max_closest_to_ground units="m/s">8.731663</mesocyclone_velocity_rotational_max_closest_to_ground>
      <meso_intensity>1</meso_intensity>
    </nowcast-parameters>
  </event>
</nowcast-data>
