<?xml version="1.0" encoding="UTF-8"?>
<nowcast-data>
  <radar-stations>ASB,BOO,ROS,HNR,UMD,PRO,ESS,FLD,DRS,NEU,NHB,OFT,EIS,TUR,ISN,FBG,MEM</radar-stations>
  <event ID="27">
    <time time-coordinate="UTC">2021-07-08T09:00:00</time>
    <location>
      <area>
        <ellipse>
          <moving-point>
            <latitude>47.357233</latitude>
            <longitude>9.365769</longitude>
            <polar_motion>
              <speed units="km/h">0.0</speed>
            </polar_motion>
          </moving-point>
          <major_axis units="km">17.00</major_axis>
          <minor_axis units="km">17.00</minor_axis>
          <orientation units="degrees true">0</orientation>
        </ellipse>
      </area>
    </location>
    <nowcast-parameters>
      <mesocyclone_shear_mean units="m/s/km">4.499846</mesocyclone_shear_mean>
      <mesocyclone_shear_max units="m/s/km">7.553331</mesocyclone_shear_max>
      <mesocyclone_momentum_mean units="m/s/km">97.261920</mesocyclone_momentum_mean>
      <mesocyclone_momentum_max units="m/s/km">875.143284</mesocyclone_momentum_max>
      <mesocyclone_diameter units="km">17.000000</mesocyclone_diameter>
      <mesocyclone_diameter_equivalent units="km">6.715601</mesocyclone_diameter_equivalent>
      <mesocyclone_top units="km">5.822518</mesocyclone_top>
      <mesocyclone_base units="km">2.236976</mesocyclone_base>
      <mesocyclone_echotop units="km">8.158646</mesocyclone_echotop>
      <mesocyclone_vil units="kg/m*m">4.144104</mesocyclone_vil>
      <mesocyclone_shear_vectors>31</mesocyclone_shear_vectors>
      <mesocyclone_shear_features>3</mesocyclone_shear_features>
      <elevations>
        <elevation site="tur" units="&#176;">1.5</elevation>
        <elevation site="mem" units="&#176;">1.5,2.5</elevation>
      </elevations>
      <mean_dbz units="DBZ">31.62</mean_dbz>
      <max_dbz units="DBZ">46.58</max_dbz>
      <mesocyclone_velocity_max units="m/s">30.080250</mesocyclone_velocity_max>
      <mesocyclone_velocity_rotational_max units="m/s">34.014800</mesocyclone_velocity_rotational_max>
      <mesocyclone_velocity_rotational_mean units="m/s">9.014481</mesocyclone_velocity_rotational_mean>
      <mesocyclone_velocity_rotational_max_closest_to_ground units="m/s">10.099567</mesocyclone_velocity_rotational_max_closest_to_ground>
      <meso_intensity>3</meso_intensity>
    </nowcast-parameters>
  </event>
  <event ID="39">
    <time time-coordinate="UTC">2021-07-08T09:00:00</time>
    <location>
      <area>
        <ellipse>
          <moving-point>
            <latitude>46.596777</latitude>
            <longitude>9.160679</longitude>
            <polar_motion>
              <speed units="km/h">0.0</speed>
            </polar_motion>
          </moving-point>
          <major_axis units="km">9.36</major_axis>
          <minor_axis units="km">9.36</minor_axis>
          <orientation units="degrees true">0</orientation>
        </ellipse>
      </area>
    </location>
    <nowcast-parameters>
      <mesocyclone_shear_mean units="m/s/km">4.698003</mesocyclone_shear_mean>
      <mesocyclone_shear_max units="m/s/km">6.902526</mesocyclone_shear_max>
      <mesocyclone_momentum_mean units="m/s/km">81.851968</mesocyclone_momentum_mean>
      <mesocyclone_momentum_max units="m/s/km">335.080996</mesocyclone_momentum_max>
      <mesocyclone_diameter units="km">9.356577</mesocyclone_diameter>
      <mesocyclone_diameter_equivalent units="km">5.054918</mesocyclone_diameter_equivalent>
      <mesocyclone_top units="km">3.652882</mesocyclone_top>
      <mesocyclone_base units="km">0.221035</mesocyclone_base>
      <mesocyclone_echotop units="km">8.298806</mesocyclone_echotop>
      <mesocyclone_vil units="kg/m*m">21.328635</mesocyclone_vil>
      <mesocyclone_shear_vectors>21</mesocyclone_shear_vectors>
      <mesocyclone_shear_features>2</mesocyclone_shear_features>
      <elevations>
        <elevation site="fbg" units="&#176;">0.5</elevation>
        <elevation site="mem" units="&#176;">0.5</elevation>
      </elevations>
      <mean_dbz units="DBZ">44.74</mean_dbz>
      <max_dbz units="DBZ">56.54</max_dbz>
      <mesocyclone_velocity_max units="m/s">29.959600</mesocyclone_velocity_max>
      <mesocyclone_velocity_rotational_max units="m/s">13.381927</mesocyclone_velocity_rotational_max>
      <mesocyclone_velocity_rotational_mean units="m/s">8.303651</mesocyclone_velocity_rotational_mean>
      <mesocyclone_velocity_rotational_max_closest_to_ground units="m/s">13.381927</mesocyclone_velocity_rotational_max_closest_to_ground>
      <meso_intensity>2</meso_intensity>
    </nowcast-parameters>
  </event>
</nowcast-data>
