<?xml version="1.0" encoding="UTF-8"?>
<nowcast-data>
  <radar-stations>ASB,BOO,ROS,HNR,UMD,PRO,ESS,FLD,DRS,NEU,NHB,OFT,EIS,TUR,ISN,FBG,MEM</radar-stations>
  <event ID="26">
    <time time-coordinate="UTC">2021-07-08T05:05:00</time>
    <location>
      <area>
        <ellipse>
          <moving-point>
            <latitude>47.337366</latitude>
            <longitude>9.601497</longitude>
            <polar_motion>
              <speed units="km/h">0.0</speed>
            </polar_motion>
          </moving-point>
          <major_axis units="km">11.75</major_axis>
          <minor_axis units="km">11.75</minor_axis>
          <orientation units="degrees true">0</orientation>
        </ellipse>
      </area>
    </location>
    <nowcast-parameters>
      <mesocyclone_shear_mean units="m/s/km">4.751204</mesocyclone_shear_mean>
      <mesocyclone_shear_max units="m/s/km">13.462780</mesocyclone_shear_max>
      <mesocyclone_momentum_mean units="m/s/km">108.002551</mesocyclone_momentum_mean>
      <mesocyclone_momentum_max units="m/s/km">220.231642</mesocyclone_momentum_max>
      <mesocyclone_diameter units="km">11.750000</mesocyclone_diameter>
      <mesocyclone_diameter_equivalent units="km">6.947358</mesocyclone_diameter_equivalent>
      <mesocyclone_top units="km">4.021273</mesocyclone_top>
      <mesocyclone_base units="km">1.514142</mesocyclone_base>
      <mesocyclone_echotop units="km">5.842563</mesocyclone_echotop>
      <mesocyclone_vil units="kg/m*m">3.801855</mesocyclone_vil>
      <mesocyclone_shear_vectors>26</mesocyclone_shear_vectors>
      <mesocyclone_shear_features>2</mesocyclone_shear_features>
      <elevations>
        <elevation site="tur" units="&#176;">0.5</elevation>
        <elevation site="mem" units="&#176;">1.5</elevation>
      </elevations>
      <mean_dbz units="DBZ">30.33</mean_dbz>
      <max_dbz units="DBZ">47.68</max_dbz>
      <mesocyclone_velocity_max units="m/s">26.637609</mesocyclone_velocity_max>
      <mesocyclone_velocity_rotational_max units="m/s">15.865112</mesocyclone_velocity_rotational_max>
      <mesocyclone_velocity_rotational_mean units="m/s">9.393415</mesocyclone_velocity_rotational_mean>
      <mesocyclone_velocity_rotational_max_closest_to_ground units="m/s">15.865112</mesocyclone_velocity_rotational_max_closest_to_ground>
      <meso_intensity>2</meso_intensity>
    </nowcast-parameters>
  </event>
  <event ID="53">
    <time time-coordinate="UTC">2021-07-08T05:05:00</time>
    <location>
      <area>
        <ellipse>
          <moving-point>
            <latitude>46.626845</latitude>
            <longitude>9.234199</longitude>
            <polar_motion>
              <speed units="km/h">0.0</speed>
            </polar_motion>
          </moving-point>
          <major_axis units="km">14.00</major_axis>
          <minor_axis units="km">14.00</minor_axis>
          <orientation units="degrees true">0</orientation>
        </ellipse>
      </area>
    </location>
    <nowcast-parameters>
      <mesocyclone_shear_mean units="m/s/km">4.039325</mesocyclone_shear_mean>
      <mesocyclone_shear_max units="m/s/km">7.044324</mesocyclone_shear_max>
      <mesocyclone_momentum_mean units="m/s/km">101.636756</mesocyclone_momentum_mean>
      <mesocyclone_momentum_max units="m/s/km">798.927470</mesocyclone_momentum_max>
      <mesocyclone_diameter units="km">14.000000</mesocyclone_diameter>
      <mesocyclone_diameter_equivalent units="km">7.412249</mesocyclone_diameter_equivalent>
      <mesocyclone_top units="km">7.256638</mesocyclone_top>
      <mesocyclone_base units="km">-0.002961</mesocyclone_base>
      <mesocyclone_echotop units="km">9.229954</mesocyclone_echotop>
      <mesocyclone_vil units="kg/m*m">6.074793</mesocyclone_vil>
      <mesocyclone_shear_vectors>32</mesocyclone_shear_vectors>
      <mesocyclone_shear_features>2</mesocyclone_shear_features>
      <elevations>
        <elevation site="mem" units="&#176;">0.5,1.5</elevation>
      </elevations>
      <mean_dbz units="DBZ">35.31</mean_dbz>
      <max_dbz units="DBZ">48.31</max_dbz>
      <mesocyclone_velocity_max units="m/s">31.939877</mesocyclone_velocity_max>
      <mesocyclone_velocity_rotational_max units="m/s">31.182413</mesocyclone_velocity_rotational_max>
      <mesocyclone_velocity_rotational_mean units="m/s">8.658473</mesocyclone_velocity_rotational_mean>
      <mesocyclone_velocity_rotational_max_closest_to_ground units="m/s">31.182413</mesocyclone_velocity_rotational_max_closest_to_ground>
      <meso_intensity>4</meso_intensity>
    </nowcast-parameters>
  </event>
</nowcast-data>
