<?xml version="1.0" encoding="UTF-8"?>
<nowcast-data>
  <radar-stations>ASB,BOO,ROS,HNR,UMD,PRO,ESS,FLD,DRS,NEU,NHB,OFT,EIS,TUR,ISN,FBG,MEM</radar-stations>
  <event ID="36">
    <time time-coordinate="UTC">2021-07-08T08:45:00</time>
    <location>
      <area>
        <ellipse>
          <moving-point>
            <latitude>47.345176</latitude>
            <longitude>9.287041</longitude>
            <polar_motion>
              <speed units="km/h">0.0</speed>
            </polar_motion>
          </moving-point>
          <major_axis units="km">12.55</major_axis>
          <minor_axis units="km">12.55</minor_axis>
          <orientation units="degrees true">0</orientation>
        </ellipse>
      </area>
    </location>
    <nowcast-parameters>
      <mesocyclone_shear_mean units="m/s/km">4.908670</mesocyclone_shear_mean>
      <mesocyclone_shear_max units="m/s/km">11.045668</mesocyclone_shear_max>
      <mesocyclone_momentum_mean units="m/s/km">205.761194</mesocyclone_momentum_mean>
      <mesocyclone_momentum_max units="m/s/km">1095.809473</mesocyclone_momentum_max>
      <mesocyclone_diameter units="km">12.547629</mesocyclone_diameter>
      <mesocyclone_diameter_equivalent units="km">5.649038</mesocyclone_diameter_equivalent>
      <mesocyclone_top units="km">5.442805</mesocyclone_top>
      <mesocyclone_base units="km">2.058277</mesocyclone_base>
      <mesocyclone_echotop units="km">8.051826</mesocyclone_echotop>
      <mesocyclone_vil units="kg/m*m">7.572872</mesocyclone_vil>
      <mesocyclone_shear_vectors>17</mesocyclone_shear_vectors>
      <mesocyclone_shear_features>2</mesocyclone_shear_features>
      <elevations>
        <elevation site="fbg" units="&#176;">1.5</elevation>
        <elevation site="mem" units="&#176;">1.5</elevation>
      </elevations>
      <mean_dbz units="DBZ">36.70</mean_dbz>
      <max_dbz units="DBZ">54.11</max_dbz>
      <mesocyclone_velocity_max units="m/s">26.890099</mesocyclone_velocity_max>
      <mesocyclone_velocity_rotational_max units="m/s">36.232197</mesocyclone_velocity_rotational_max>
      <mesocyclone_velocity_rotational_mean units="m/s">12.225130</mesocyclone_velocity_rotational_mean>
      <mesocyclone_velocity_rotational_max_closest_to_ground units="m/s">36.232197</mesocyclone_velocity_rotational_max_closest_to_ground>
      <meso_intensity>3</meso_intensity>
    </nowcast-parameters>
  </event>
  <event ID="38">
    <time time-coordinate="UTC">2021-07-08T08:45:00</time>
    <location>
      <area>
        <ellipse>
          <moving-point>
            <latitude>46.622541</latitude>
            <longitude>9.226612</longitude>
            <polar_motion>
              <speed units="km/h">0.0</speed>
            </polar_motion>
          </moving-point>
          <major_axis units="km">9.37</major_axis>
          <minor_axis units="km">9.37</minor_axis>
          <orientation units="degrees true">0</orientation>
        </ellipse>
      </area>
    </location>
    <nowcast-parameters>
      <mesocyclone_shear_mean units="m/s/km">4.014364</mesocyclone_shear_mean>
      <mesocyclone_shear_max units="m/s/km">6.205593</mesocyclone_shear_max>
      <mesocyclone_momentum_mean units="m/s/km">87.867594</mesocyclone_momentum_mean>
      <mesocyclone_momentum_max units="m/s/km">336.172903</mesocyclone_momentum_max>
      <mesocyclone_diameter units="km">9.369116</mesocyclone_diameter>
      <mesocyclone_diameter_equivalent units="km">3.449102</mesocyclone_diameter_equivalent>
      <mesocyclone_top units="km">6.631133</mesocyclone_top>
      <mesocyclone_base units="km">3.502365</mesocyclone_base>
      <mesocyclone_echotop units="km">5.243877</mesocyclone_echotop>
      <mesocyclone_vil units="kg/m*m">3.157134</mesocyclone_vil>
      <mesocyclone_shear_vectors>8</mesocyclone_shear_vectors>
      <mesocyclone_shear_features>2</mesocyclone_shear_features>
      <elevations>
        <elevation site="fbg" units="&#176;">1.5</elevation>
        <elevation site="mem" units="&#176;">1.5</elevation>
      </elevations>
      <mean_dbz units="DBZ">33.48</mean_dbz>
      <max_dbz units="DBZ">43.00</max_dbz>
      <mesocyclone_velocity_max units="m/s">31.939877</mesocyclone_velocity_max>
      <mesocyclone_velocity_rotational_max units="m/s">16.421371</mesocyclone_velocity_rotational_max>
      <mesocyclone_velocity_rotational_mean units="m/s">8.147610</mesocyclone_velocity_rotational_mean>
      <mesocyclone_velocity_rotational_max_closest_to_ground units="m/s">16.421371</mesocyclone_velocity_rotational_max_closest_to_ground>
      <meso_intensity>2</meso_intensity>
    </nowcast-parameters>
  </event>
</nowcast-data>
