<?xml version="1.0" encoding="UTF-8"?>
<nowcast-data>
  <radar-stations>ASB,BOO,ROS,HNR,UMD,PRO,ESS,FLD,DRS,NEU,NHB,OFT,EIS,TUR,ISN,FBG,MEM</radar-stations>
  <event ID="21">
    <time time-coordinate="UTC">2021-07-08T08:50:00</time>
    <location>
      <area>
        <ellipse>
          <moving-point>
            <latitude>48.919528</latitude>
            <longitude>11.369944</longitude>
            <polar_motion>
              <speed units="km/h">0.0</speed>
            </polar_motion>
          </moving-point>
          <major_axis units="km">7.10</major_axis>
          <minor_axis units="km">7.10</minor_axis>
          <orientation units="degrees true">0</orientation>
        </ellipse>
      </area>
    </location>
    <nowcast-parameters>
      <mesocyclone_shear_mean units="m/s/km">4.180086</mesocyclone_shear_mean>
      <mesocyclone_shear_max units="m/s/km">8.180577</mesocyclone_shear_max>
      <mesocyclone_momentum_mean units="m/s/km">92.183515</mesocyclone_momentum_mean>
      <mesocyclone_momentum_max units="m/s/km">175.895025</mesocyclone_momentum_max>
      <mesocyclone_diameter units="km">7.104931</mesocyclone_diameter>
      <mesocyclone_diameter_equivalent units="km">4.631808</mesocyclone_diameter_equivalent>
      <mesocyclone_top units="km">3.566956</mesocyclone_top>
      <mesocyclone_base units="km">1.237731</mesocyclone_base>
      <mesocyclone_echotop units="km">8.385864</mesocyclone_echotop>
      <mesocyclone_vil units="kg/m*m">4.262171</mesocyclone_vil>
      <mesocyclone_shear_vectors>14</mesocyclone_shear_vectors>
      <mesocyclone_shear_features>2</mesocyclone_shear_features>
      <elevations>
        <elevation site="tur" units="&#176;">0.5</elevation>
        <elevation site="mem" units="&#176;">0.5</elevation>
      </elevations>
      <mean_dbz units="DBZ">31.51</mean_dbz>
      <max_dbz units="DBZ">47.28</max_dbz>
      <mesocyclone_velocity_max units="m/s">20.830357</mesocyclone_velocity_max>
      <mesocyclone_velocity_rotational_max units="m/s">12.750704</mesocyclone_velocity_rotational_max>
      <mesocyclone_velocity_rotational_mean units="m/s">8.723843</mesocyclone_velocity_rotational_mean>
      <mesocyclone_velocity_rotational_max_closest_to_ground units="m/s">11.930563</mesocyclone_velocity_rotational_max_closest_to_ground>
      <meso_intensity>2</meso_intensity>
    </nowcast-parameters>
  </event>
  <event ID="41">
    <time time-coordinate="UTC">2021-07-08T08:50:00</time>
    <location>
      <area>
        <ellipse>
          <moving-point>
            <latitude>47.284472</latitude>
            <longitude>9.345900</longitude>
            <polar_motion>
              <speed units="km/h">0.0</speed>
            </polar_motion>
          </moving-point>
          <major_axis units="km">7.14</major_axis>
          <minor_axis units="km">7.14</minor_axis>
          <orientation units="degrees true">0</orientation>
        </ellipse>
      </area>
    </location>
    <nowcast-parameters>
      <mesocyclone_shear_mean units="m/s/km">5.699702</mesocyclone_shear_mean>
      <mesocyclone_shear_max units="m/s/km">13.435316</mesocyclone_shear_max>
      <mesocyclone_momentum_mean units="m/s/km">119.771268</mesocyclone_momentum_mean>
      <mesocyclone_momentum_max units="m/s/km">374.034177</mesocyclone_momentum_max>
      <mesocyclone_diameter units="km">7.139715</mesocyclone_diameter>
      <mesocyclone_diameter_equivalent units="km">5.835676</mesocyclone_diameter_equivalent>
      <mesocyclone_top units="km">5.569713</mesocyclone_top>
      <mesocyclone_base units="km">1.965654</mesocyclone_base>
      <mesocyclone_echotop units="km">7.764084</mesocyclone_echotop>
      <mesocyclone_vil units="kg/m*m">7.001874</mesocyclone_vil>
      <mesocyclone_shear_vectors>20</mesocyclone_shear_vectors>
      <mesocyclone_shear_features>2</mesocyclone_shear_features>
      <elevations>
        <elevation site="fbg" units="&#176;">1.5</elevation>
        <elevation site="mem" units="&#176;">1.5</elevation>
      </elevations>
      <mean_dbz units="DBZ">33.83</mean_dbz>
      <max_dbz units="DBZ">52.32</max_dbz>
      <mesocyclone_velocity_max units="m/s">26.449692</mesocyclone_velocity_max>
      <mesocyclone_velocity_rotational_max units="m/s">18.677743</mesocyclone_velocity_rotational_max>
      <mesocyclone_velocity_rotational_mean units="m/s">11.490113</mesocyclone_velocity_rotational_mean>
      <mesocyclone_velocity_rotational_max_closest_to_ground units="m/s">10.857034</mesocyclone_velocity_rotational_max_closest_to_ground>
      <meso_intensity>3</meso_intensity>
    </nowcast-parameters>
  </event>
  <event ID="38">
    <time time-coordinate="UTC">2021-07-08T08:50:00</time>
    <location>
      <area>
        <ellipse>
          <moving-point>
            <latitude>46.624839</latitude>
            <longitude>8.944063</longitude>
            <polar_motion>
              <speed units="km/h">0.0</speed>
            </polar_motion>
          </moving-point>
          <major_axis units="km">13.96</major_axis>
          <minor_axis units="km">13.96</minor_axis>
          <orientation units="degrees true">0</orientation>
        </ellipse>
      </area>
    </location>
    <nowcast-parameters>
      <mesocyclone_shear_mean units="m/s/km">4.364775</mesocyclone_shear_mean>
      <mesocyclone_shear_max units="m/s/km">10.073117</mesocyclone_shear_max>
      <mesocyclone_momentum_mean units="m/s/km">133.885884</mesocyclone_momentum_mean>
      <mesocyclone_momentum_max units="m/s/km">680.396317</mesocyclone_momentum_max>
      <mesocyclone_diameter units="km">13.959630</mesocyclone_diameter>
      <mesocyclone_diameter_equivalent units="km">6.375609</mesocyclone_diameter_equivalent>
      <mesocyclone_top units="km">5.839018</mesocyclone_top>
      <mesocyclone_base units="km">0.262493</mesocyclone_base>
      <mesocyclone_echotop units="km">7.928805</mesocyclone_echotop>
      <mesocyclone_vil units="kg/m*m">5.453391</mesocyclone_vil>
      <mesocyclone_shear_vectors>27</mesocyclone_shear_vectors>
      <mesocyclone_shear_features>2</mesocyclone_shear_features>
      <elevations>
        <elevation site="fbg" units="&#176;">0.5,1.5</elevation>
      </elevations>
      <mean_dbz units="DBZ">38.36</mean_dbz>
      <max_dbz units="DBZ">46.85</max_dbz>
      <mesocyclone_velocity_max units="m/s">31.714558</mesocyclone_velocity_max>
      <mesocyclone_velocity_rotational_max units="m/s">20.181989</mesocyclone_velocity_rotational_max>
      <mesocyclone_velocity_rotational_mean units="m/s">10.346785</mesocyclone_velocity_rotational_mean>
      <mesocyclone_velocity_rotational_max_closest_to_ground units="m/s">17.674911</mesocyclone_velocity_rotational_max_closest_to_ground>
      <meso_intensity>3</meso_intensity>
    </nowcast-parameters>
  </event>
</nowcast-data>
