<?xml version="1.0" encoding="UTF-8"?>
<nowcast-data>
  <radar-stations>ASB,BOO,ROS,HNR,UMD,PRO,ESS,FLD,DRS,NEU,NHB,OFT,EIS,TUR,ISN,FBG,MEM</radar-stations>
  <event ID="38">
    <time time-coordinate="UTC">2021-07-08T13:30:00</time>
    <location>
      <area>
        <ellipse>
          <moving-point>
            <latitude>51.491525</latitude>
            <longitude>13.322884</longitude>
            <polar_motion>
              <speed units="km/h">0.0</speed>
            </polar_motion>
          </moving-point>
          <major_axis units="km">5.75</major_axis>
          <minor_axis units="km">5.75</minor_axis>
          <orientation units="degrees true">0</orientation>
        </ellipse>
      </area>
    </location>
    <nowcast-parameters>
      <mesocyclone_shear_mean units="m/s/km">3.663290</mesocyclone_shear_mean>
      <mesocyclone_shear_max units="m/s/km">5.412510</mesocyclone_shear_max>
      <mesocyclone_momentum_mean units="m/s/km">43.260292</mesocyclone_momentum_mean>
      <mesocyclone_momentum_max units="m/s/km">116.306897</mesocyclone_momentum_max>
      <mesocyclone_diameter units="km">5.750000</mesocyclone_diameter>
      <mesocyclone_diameter_equivalent units="km">3.774488</mesocyclone_diameter_equivalent>
      <mesocyclone_top units="km">3.737909</mesocyclone_top>
      <mesocyclone_base units="km">2.139934</mesocyclone_base>
      <mesocyclone_echotop units="km">7.188359</mesocyclone_echotop>
      <mesocyclone_vil units="kg/m*m">6.286101</mesocyclone_vil>
      <mesocyclone_shear_vectors>12</mesocyclone_shear_vectors>
      <mesocyclone_shear_features>2</mesocyclone_shear_features>
      <elevations>
        <elevation site="drs" units="&#176;">2.5,3.5</elevation>
      </elevations>
      <mean_dbz units="DBZ">35.90</mean_dbz>
      <max_dbz units="DBZ">47.36</max_dbz>
      <mesocyclone_velocity_max units="m/s">12.224010</mesocyclone_velocity_max>
      <mesocyclone_velocity_rotational_max units="m/s">6.805121</mesocyclone_velocity_rotational_max>
      <mesocyclone_velocity_rotational_mean units="m/s">6.062261</mesocyclone_velocity_rotational_mean>
      <mesocyclone_velocity_rotational_max_closest_to_ground units="m/s">6.805121</mesocyclone_velocity_rotational_max_closest_to_ground>
      <meso_intensity>1</meso_intensity>
    </nowcast-parameters>
  </event>
  <event ID="44">
    <time time-coordinate="UTC">2021-07-08T13:30:00</time>
    <location>
      <area>
        <ellipse>
          <moving-point>
            <latitude>49.567744</latitude>
            <longitude>13.148912</longitude>
            <polar_motion>
              <speed units="km/h">0.0</speed>
            </polar_motion>
          </moving-point>
          <major_axis units="km">10.31</major_axis>
          <minor_axis units="km">10.31</minor_axis>
          <orientation units="degrees true">0</orientation>
        </ellipse>
      </area>
    </location>
    <nowcast-parameters>
      <mesocyclone_shear_mean units="m/s/km">3.681083</mesocyclone_shear_mean>
      <mesocyclone_shear_max units="m/s/km">7.063416</mesocyclone_shear_max>
      <mesocyclone_momentum_mean units="m/s/km">124.757632</mesocyclone_momentum_mean>
      <mesocyclone_momentum_max units="m/s/km">377.620650</mesocyclone_momentum_max>
      <mesocyclone_diameter units="km">10.310023</mesocyclone_diameter>
      <mesocyclone_diameter_equivalent units="km">3.708190</mesocyclone_diameter_equivalent>
      <mesocyclone_top units="km">5.376719</mesocyclone_top>
      <mesocyclone_base units="km">1.935332</mesocyclone_base>
      <mesocyclone_echotop units="km">7.000096</mesocyclone_echotop>
      <mesocyclone_vil units="kg/m*m">22.057361</mesocyclone_vil>
      <mesocyclone_shear_vectors>7</mesocyclone_shear_vectors>
      <mesocyclone_shear_features>2</mesocyclone_shear_features>
      <elevations>
        <elevation site="neu" units="&#176;">0.5</elevation>
        <elevation site="isn" units="&#176;">0.5</elevation>
      </elevations>
      <mean_dbz units="DBZ">46.44</mean_dbz>
      <max_dbz units="DBZ">59.62</max_dbz>
      <mesocyclone_velocity_max units="m/s">19.332592</mesocyclone_velocity_max>
      <mesocyclone_velocity_rotational_max units="m/s">12.762039</mesocyclone_velocity_rotational_max>
      <mesocyclone_velocity_rotational_mean units="m/s">9.146289</mesocyclone_velocity_rotational_mean>
      <mesocyclone_velocity_rotational_max_closest_to_ground units="m/s">11.498469</mesocyclone_velocity_rotational_max_closest_to_ground>
      <meso_intensity>2</meso_intensity>
    </nowcast-parameters>
  </event>
  <event ID="58">
    <time time-coordinate="UTC">2021-07-08T13:30:00</time>
    <location>
      <area>
        <ellipse>
          <moving-point>
            <latitude>48.794749</latitude>
            <longitude>12.330412</longitude>
            <polar_motion>
              <speed units="km/h">0.0</speed>
            </polar_motion>
          </moving-point>
          <major_axis units="km">20.75</major_axis>
          <minor_axis units="km">20.75</minor_axis>
          <orientation units="degrees true">0</orientation>
        </ellipse>
      </area>
    </location>
    <nowcast-parameters>
      <mesocyclone_shear_mean units="m/s/km">3.343712</mesocyclone_shear_mean>
      <mesocyclone_shear_max units="m/s/km">19.424583</mesocyclone_shear_max>
      <mesocyclone_momentum_mean units="m/s/km">153.972587</mesocyclone_momentum_mean>
      <mesocyclone_momentum_max units="m/s/km">2178.679058</mesocyclone_momentum_max>
      <mesocyclone_diameter units="km">20.750000</mesocyclone_diameter>
      <mesocyclone_diameter_equivalent units="km">11.412930</mesocyclone_diameter_equivalent>
      <mesocyclone_top units="km">5.985286</mesocyclone_top>
      <mesocyclone_base units="km">2.341192</mesocyclone_base>
      <mesocyclone_echotop units="km">8.048399</mesocyclone_echotop>
      <mesocyclone_vil units="kg/m*m">11.477221</mesocyclone_vil>
      <mesocyclone_shear_vectors>59</mesocyclone_shear_vectors>
      <mesocyclone_shear_features>6</mesocyclone_shear_features>
      <elevations>
        <elevation site="eis" units="&#176;">1.5,2.5,3.5</elevation>
        <elevation site="isn" units="&#176;">2.5,3.5,4.5</elevation>
      </elevations>
      <mean_dbz units="DBZ">37.96</mean_dbz>
      <max_dbz units="DBZ">57.68</max_dbz>
      <mesocyclone_velocity_max units="m/s">30.875080</mesocyclone_velocity_max>
      <mesocyclone_velocity_rotational_max units="m/s">39.170609</mesocyclone_velocity_rotational_max>
      <mesocyclone_velocity_rotational_mean units="m/s">9.797428</mesocyclone_velocity_rotational_mean>
      <mesocyclone_velocity_rotational_max_closest_to_ground units="m/s">10.837784</mesocyclone_velocity_rotational_max_closest_to_ground>
      <meso_intensity>3</meso_intensity>
    </nowcast-parameters>
  </event>
  <event ID="50">
    <time time-coordinate="UTC">2021-07-08T13:30:00</time>
    <location>
      <area>
        <ellipse>
          <moving-point>
            <latitude>48.511407</latitude>
            <longitude>12.286661</longitude>
            <polar_motion>
              <speed units="km/h">0.0</speed>
            </polar_motion>
          </moving-point>
          <major_axis units="km">13.25</major_axis>
          <minor_axis units="km">13.25</minor_axis>
          <orientation units="degrees true">0</orientation>
        </ellipse>
      </area>
    </location>
    <nowcast-parameters>
      <mesocyclone_shear_mean units="m/s/km">4.110430</mesocyclone_shear_mean>
      <mesocyclone_shear_max units="m/s/km">15.342461</mesocyclone_shear_max>
      <mesocyclone_momentum_mean units="m/s/km">103.419101</mesocyclone_momentum_mean>
      <mesocyclone_momentum_max units="m/s/km">355.241099</mesocyclone_momentum_max>
      <mesocyclone_diameter units="km">13.250000</mesocyclone_diameter>
      <mesocyclone_diameter_equivalent units="km">7.876811</mesocyclone_diameter_equivalent>
      <mesocyclone_top units="km">5.472412</mesocyclone_top>
      <mesocyclone_base units="km">1.157107</mesocyclone_base>
      <mesocyclone_echotop units="km">6.863436</mesocyclone_echotop>
      <mesocyclone_vil units="kg/m*m">6.850974</mesocyclone_vil>
      <mesocyclone_shear_vectors>28</mesocyclone_shear_vectors>
      <mesocyclone_shear_features>5</mesocyclone_shear_features>
      <elevations>
        <elevation site="eis" units="&#176;">0.5</elevation>
        <elevation site="isn" units="&#176;">4.5,5.5,8.0</elevation>
        <elevation site="mem" units="&#176;">0.5</elevation>
      </elevations>
      <mean_dbz units="DBZ">33.11</mean_dbz>
      <max_dbz units="DBZ">52.28</max_dbz>
      <mesocyclone_velocity_max units="m/s">31.968277</mesocyclone_velocity_max>
      <mesocyclone_velocity_rotational_max units="m/s">16.679098</mesocyclone_velocity_rotational_max>
      <mesocyclone_velocity_rotational_mean units="m/s">8.776222</mesocyclone_velocity_rotational_mean>
      <mesocyclone_velocity_rotational_max_closest_to_ground units="m/s">15.878615</mesocyclone_velocity_rotational_max_closest_to_ground>
      <meso_intensity>3</meso_intensity>
    </nowcast-parameters>
  </event>
  <event ID="56">
    <time time-coordinate="UTC">2021-07-08T13:30:00</time>
    <location>
      <area>
        <ellipse>
          <moving-point>
            <latitude>47.981103</latitude>
            <longitude>12.419225</longitude>
            <polar_motion>
              <speed units="km/h">0.0</speed>
            </polar_motion>
          </moving-point>
          <major_axis units="km">18.75</major_axis>
          <minor_axis units="km">18.75</minor_axis>
          <orientation units="degrees true">0</orientation>
        </ellipse>
      </area>
    </location>
    <nowcast-parameters>
      <mesocyclone_shear_mean units="m/s/km">4.542555</mesocyclone_shear_mean>
      <mesocyclone_shear_max units="m/s/km">16.624236</mesocyclone_shear_max>
      <mesocyclone_momentum_mean units="m/s/km">102.789585</mesocyclone_momentum_mean>
      <mesocyclone_momentum_max units="m/s/km">430.117511</mesocyclone_momentum_max>
      <mesocyclone_diameter units="km">18.750000</mesocyclone_diameter>
      <mesocyclone_diameter_equivalent units="km">10.942871</mesocyclone_diameter_equivalent>
      <mesocyclone_top units="km">10.421927</mesocyclone_top>
      <mesocyclone_base units="km">1.656003</mesocyclone_base>
      <mesocyclone_echotop units="km">9.144320</mesocyclone_echotop>
      <mesocyclone_vil units="kg/m*m">30.152045</mesocyclone_vil>
      <mesocyclone_shear_vectors>73</mesocyclone_shear_vectors>
      <mesocyclone_shear_features>7</mesocyclone_shear_features>
      <elevations>
        <elevation site="eis" units="&#176;">0.5</elevation>
        <elevation site="isn" units="&#176;">3.5,4.5,5.5,12.0</elevation>
        <elevation site="mem" units="&#176;">0.5,2.5</elevation>
      </elevations>
      <mean_dbz units="DBZ">42.40</mean_dbz>
      <max_dbz units="DBZ">60.60</max_dbz>
      <mesocyclone_velocity_max units="m/s">30.424948</mesocyclone_velocity_max>
      <mesocyclone_velocity_rotational_max units="m/s">20.975229</mesocyclone_velocity_rotational_max>
      <mesocyclone_velocity_rotational_mean units="m/s">9.635789</mesocyclone_velocity_rotational_mean>
      <mesocyclone_velocity_rotational_max_closest_to_ground units="m/s">13.255682</mesocyclone_velocity_rotational_max_closest_to_ground>
      <meso_intensity>4</meso_intensity>
    </nowcast-parameters>
  </event>
  <event ID="90">
    <time time-coordinate="UTC">2021-07-08T13:30:00</time>
    <location>
      <area>
        <ellipse>
          <moving-point>
            <latitude>47.767485</latitude>
            <longitude>11.669801</longitude>
            <polar_motion>
              <speed units="km/h">0.0</speed>
            </polar_motion>
          </moving-point>
          <major_axis units="km">12.25</major_axis>
          <minor_axis units="km">12.25</minor_axis>
          <orientation units="degrees true">0</orientation>
        </ellipse>
      </area>
    </location>
    <nowcast-parameters>
      <mesocyclone_shear_mean units="m/s/km">4.116534</mesocyclone_shear_mean>
      <mesocyclone_shear_max units="m/s/km">11.633163</mesocyclone_shear_max>
      <mesocyclone_momentum_mean units="m/s/km">91.624252</mesocyclone_momentum_mean>
      <mesocyclone_momentum_max units="m/s/km">272.083848</mesocyclone_momentum_max>
      <mesocyclone_diameter units="km">12.250000</mesocyclone_diameter>
      <mesocyclone_diameter_equivalent units="km">5.958136</mesocyclone_diameter_equivalent>
      <mesocyclone_top units="km">6.550797</mesocyclone_top>
      <mesocyclone_base units="km">2.575292</mesocyclone_base>
      <mesocyclone_echotop units="km">7.737318</mesocyclone_echotop>
      <mesocyclone_vil units="kg/m*m">8.224618</mesocyclone_vil>
      <mesocyclone_shear_vectors>21</mesocyclone_shear_vectors>
      <mesocyclone_shear_features>4</mesocyclone_shear_features>
      <elevations>
        <elevation site="isn" units="&#176;">3.5,4.5</elevation>
        <elevation site="mem" units="&#176;">1.5,2.5</elevation>
      </elevations>
      <mean_dbz units="DBZ">36.13</mean_dbz>
      <max_dbz units="DBZ">53.31</max_dbz>
      <mesocyclone_velocity_max units="m/s">31.462849</mesocyclone_velocity_max>
      <mesocyclone_velocity_rotational_max units="m/s">17.674243</mesocyclone_velocity_rotational_max>
      <mesocyclone_velocity_rotational_mean units="m/s">8.744242</mesocyclone_velocity_rotational_mean>
      <mesocyclone_velocity_rotational_max_closest_to_ground units="m/s">17.674243</mesocyclone_velocity_rotational_max_closest_to_ground>
      <meso_intensity>3</meso_intensity>
    </nowcast-parameters>
  </event>
  <event ID="87">
    <time time-coordinate="UTC">2021-07-08T13:30:00</time>
    <location>
      <area>
        <ellipse>
          <moving-point>
            <latitude>47.450469</latitude>
            <longitude>11.488318</longitude>
            <polar_motion>
              <speed units="km/h">0.0</speed>
            </polar_motion>
          </moving-point>
          <major_axis units="km">10.00</major_axis>
          <minor_axis units="km">10.00</minor_axis>
          <orientation units="degrees true">0</orientation>
        </ellipse>
      </area>
    </location>
    <nowcast-parameters>
      <mesocyclone_shear_mean units="m/s/km">3.527868</mesocyclone_shear_mean>
      <mesocyclone_shear_max units="m/s/km">8.057279</mesocyclone_shear_max>
      <mesocyclone_momentum_mean units="m/s/km">156.309566</mesocyclone_momentum_mean>
      <mesocyclone_momentum_max units="m/s/km">422.252377</mesocyclone_momentum_max>
      <mesocyclone_diameter units="km">10.000000</mesocyclone_diameter>
      <mesocyclone_diameter_equivalent units="km">6.730035</mesocyclone_diameter_equivalent>
      <mesocyclone_top units="km">6.214564</mesocyclone_top>
      <mesocyclone_base units="km">3.157203</mesocyclone_base>
      <mesocyclone_echotop units="km">9.633314</mesocyclone_echotop>
      <mesocyclone_vil units="kg/m*m">42.550761</mesocyclone_vil>
      <mesocyclone_shear_vectors>19</mesocyclone_shear_vectors>
      <mesocyclone_shear_features>2</mesocyclone_shear_features>
      <elevations>
        <elevation site="isn" units="&#176;">2.5,3.5</elevation>
      </elevations>
      <mean_dbz units="DBZ">45.98</mean_dbz>
      <max_dbz units="DBZ">61.98</max_dbz>
      <mesocyclone_velocity_max units="m/s">31.462849</mesocyclone_velocity_max>
      <mesocyclone_velocity_rotational_max units="m/s">22.112441</mesocyclone_velocity_rotational_max>
      <mesocyclone_velocity_rotational_mean units="m/s">10.541767</mesocyclone_velocity_rotational_mean>
      <mesocyclone_velocity_rotational_max_closest_to_ground units="m/s">22.112441</mesocyclone_velocity_rotational_max_closest_to_ground>
      <meso_intensity>3</meso_intensity>
    </nowcast-parameters>
  </event>
  <event ID="76">
    <time time-coordinate="UTC">2021-07-08T13:30:00</time>
    <location>
      <area>
        <ellipse>
          <moving-point>
            <latitude>46.955264</latitude>
            <longitude>10.934972</longitude>
            <polar_motion>
              <speed units="km/h">0.0</speed>
            </polar_motion>
          </moving-point>
          <major_axis units="km">12.70</major_axis>
          <minor_axis units="km">12.70</minor_axis>
          <orientation units="degrees true">0</orientation>
        </ellipse>
      </area>
    </location>
    <nowcast-parameters>
      <mesocyclone_shear_mean units="m/s/km">4.223231</mesocyclone_shear_mean>
      <mesocyclone_shear_max units="m/s/km">9.947961</mesocyclone_shear_max>
      <mesocyclone_momentum_mean units="m/s/km">157.337458</mesocyclone_momentum_mean>
      <mesocyclone_momentum_max units="m/s/km">1141.613791</mesocyclone_momentum_max>
      <mesocyclone_diameter units="km">12.699161</mesocyclone_diameter>
      <mesocyclone_diameter_equivalent units="km">6.974291</mesocyclone_diameter_equivalent>
      <mesocyclone_top units="km">7.087143</mesocyclone_top>
      <mesocyclone_base units="km">-0.452974</mesocyclone_base>
      <mesocyclone_echotop units="km">7.350423</mesocyclone_echotop>
      <mesocyclone_vil units="kg/m*m">5.539325</mesocyclone_vil>
      <mesocyclone_shear_vectors>33</mesocyclone_shear_vectors>
      <mesocyclone_shear_features>4</mesocyclone_shear_features>
      <elevations>
        <elevation site="isn" units="&#176;">0.5,1.5,2.5</elevation>
        <elevation site="mem" units="&#176;">0.5</elevation>
      </elevations>
      <mean_dbz units="DBZ">32.78</mean_dbz>
      <max_dbz units="DBZ">48.33</max_dbz>
      <mesocyclone_velocity_max units="m/s">31.210133</mesocyclone_velocity_max>
      <mesocyclone_velocity_rotational_max units="m/s">33.833549</mesocyclone_velocity_rotational_max>
      <mesocyclone_velocity_rotational_mean units="m/s">10.796387</mesocyclone_velocity_rotational_mean>
      <mesocyclone_velocity_rotational_max_closest_to_ground units="m/s">33.833549</mesocyclone_velocity_rotational_max_closest_to_ground>
      <meso_intensity>4</meso_intensity>
    </nowcast-parameters>
  </event>
</nowcast-data>
