<?xml version="1.0" encoding="UTF-8"?>
<nowcast-data>
  <radar-stations>ASB,BOO,ROS,HNR,UMD,PRO,ESS,FLD,DRS,NEU,NHB,OFT,eis,TUR,ISN,FBG,MEM</radar-stations>
  <event ID="54">
    <time time-coordinate="UTC">2021-07-08T08:10:00</time>
    <location>
      <area>
        <ellipse>
          <moving-point>
            <latitude>47.342731</latitude>
            <longitude>9.737825</longitude>
            <polar_motion>
              <speed units="km/h">0.0</speed>
            </polar_motion>
          </moving-point>
          <major_axis units="km">7.17</major_axis>
          <minor_axis units="km">7.17</minor_axis>
          <orientation units="degrees true">0</orientation>
        </ellipse>
      </area>
    </location>
    <nowcast-parameters>
      <mesocyclone_shear_mean units="m/s/km">3.287674</mesocyclone_shear_mean>
      <mesocyclone_shear_max units="m/s/km">7.840631</mesocyclone_shear_max>
      <mesocyclone_momentum_mean units="m/s/km">86.730353</mesocyclone_momentum_mean>
      <mesocyclone_momentum_max units="m/s/km">189.193778</mesocyclone_momentum_max>
      <mesocyclone_diameter units="km">7.172711</mesocyclone_diameter>
      <mesocyclone_diameter_equivalent units="km">5.877124</mesocyclone_diameter_equivalent>
      <mesocyclone_top units="km">8.299709</mesocyclone_top>
      <mesocyclone_base units="km">2.768573</mesocyclone_base>
      <mesocyclone_echotop units="km">8.166012</mesocyclone_echotop>
      <mesocyclone_vil units="kg/m*m">10.931567</mesocyclone_vil>
      <mesocyclone_shear_vectors>20</mesocyclone_shear_vectors>
      <mesocyclone_shear_features>3</mesocyclone_shear_features>
      <elevations>
        <elevation site="mem" units="&#176;">2.5,3.5,4.5</elevation>
      </elevations>
      <mean_dbz units="DBZ">35.44</mean_dbz>
      <max_dbz units="DBZ">56.32</max_dbz>
      <mesocyclone_velocity_max units="m/s">31.687393</mesocyclone_velocity_max>
      <mesocyclone_velocity_rotational_max units="m/s">17.295509</mesocyclone_velocity_rotational_max>
      <mesocyclone_velocity_rotational_mean units="m/s">7.803909</mesocyclone_velocity_rotational_mean>
      <mesocyclone_velocity_rotational_max_closest_to_ground units="m/s">17.295509</mesocyclone_velocity_rotational_max_closest_to_ground>
      <meso_intensity>3</meso_intensity>
    </nowcast-parameters>
  </event>
  <event ID="47">
    <time time-coordinate="UTC">2021-07-08T08:10:00</time>
    <location>
      <area>
        <ellipse>
          <moving-point>
            <latitude>46.850287</latitude>
            <longitude>8.968622</longitude>
            <polar_motion>
              <speed units="km/h">0.0</speed>
            </polar_motion>
          </moving-point>
          <major_axis units="km">11.74</major_axis>
          <minor_axis units="km">11.74</minor_axis>
          <orientation units="degrees true">0</orientation>
        </ellipse>
      </area>
    </location>
    <nowcast-parameters>
      <mesocyclone_shear_mean units="m/s/km">3.821425</mesocyclone_shear_mean>
      <mesocyclone_shear_max units="m/s/km">6.298096</mesocyclone_shear_max>
      <mesocyclone_momentum_mean units="m/s/km">146.616079</mesocyclone_momentum_mean>
      <mesocyclone_momentum_max units="m/s/km">460.707557</mesocyclone_momentum_max>
      <mesocyclone_diameter units="km">11.743676</mesocyclone_diameter>
      <mesocyclone_diameter_equivalent units="km">4.446660</mesocyclone_diameter_equivalent>
      <mesocyclone_top units="km">5.718527</mesocyclone_top>
      <mesocyclone_base units="km">0.291825</mesocyclone_base>
      <mesocyclone_echotop units="km">7.388842</mesocyclone_echotop>
      <mesocyclone_vil units="kg/m*m">4.964113</mesocyclone_vil>
      <mesocyclone_shear_vectors>9</mesocyclone_shear_vectors>
      <mesocyclone_shear_features>2</mesocyclone_shear_features>
      <elevations>
        <elevation site="mem" units="&#176;">0.5,1.5</elevation>
      </elevations>
      <mean_dbz units="DBZ">33.73</mean_dbz>
      <max_dbz units="DBZ">48.13</max_dbz>
      <mesocyclone_velocity_max units="m/s">30.677437</mesocyclone_velocity_max>
      <mesocyclone_velocity_rotational_max units="m/s">16.411797</mesocyclone_velocity_rotational_max>
      <mesocyclone_velocity_rotational_mean units="m/s">9.616867</mesocyclone_velocity_rotational_mean>
      <mesocyclone_velocity_rotational_max_closest_to_ground units="m/s">12.371970</mesocyclone_velocity_rotational_max_closest_to_ground>
      <meso_intensity>2</meso_intensity>
    </nowcast-parameters>
  </event>
  <event ID="38">
    <time time-coordinate="UTC">2021-07-08T08:10:00</time>
    <location>
      <area>
        <ellipse>
          <moving-point>
            <latitude>46.573843</latitude>
            <longitude>8.725538</longitude>
            <polar_motion>
              <speed units="km/h">0.0</speed>
            </polar_motion>
          </moving-point>
          <major_axis units="km">17.25</major_axis>
          <minor_axis units="km">17.25</minor_axis>
          <orientation units="degrees true">0</orientation>
        </ellipse>
      </area>
    </location>
    <nowcast-parameters>
      <mesocyclone_shear_mean units="m/s/km">4.285996</mesocyclone_shear_mean>
      <mesocyclone_shear_max units="m/s/km">9.752209</mesocyclone_shear_max>
      <mesocyclone_momentum_mean units="m/s/km">89.036743</mesocyclone_momentum_mean>
      <mesocyclone_momentum_max units="m/s/km">367.912171</mesocyclone_momentum_max>
      <mesocyclone_diameter units="km">17.250000</mesocyclone_diameter>
      <mesocyclone_diameter_equivalent units="km">7.532237</mesocyclone_diameter_equivalent>
      <mesocyclone_top units="km">5.757006</mesocyclone_top>
      <mesocyclone_base units="km">1.111539</mesocyclone_base>
      <mesocyclone_echotop units="km">7.570646</mesocyclone_echotop>
      <mesocyclone_vil units="kg/m*m">14.538981</mesocyclone_vil>
      <mesocyclone_shear_vectors>31</mesocyclone_shear_vectors>
      <mesocyclone_shear_features>2</mesocyclone_shear_features>
      <elevations>
        <elevation site="fbg" units="&#176;">0.5,1.5</elevation>
      </elevations>
      <mean_dbz units="DBZ">38.06</mean_dbz>
      <max_dbz units="DBZ">51.96</max_dbz>
      <mesocyclone_velocity_max units="m/s">31.213142</mesocyclone_velocity_max>
      <mesocyclone_velocity_rotational_max units="m/s">17.549554</mesocyclone_velocity_rotational_max>
      <mesocyclone_velocity_rotational_mean units="m/s">8.398716</mesocyclone_velocity_rotational_mean>
      <mesocyclone_velocity_rotational_max_closest_to_ground units="m/s">17.048141</mesocyclone_velocity_rotational_max_closest_to_ground>
      <meso_intensity>3</meso_intensity>
    </nowcast-parameters>
  </event>
  <event ID="43">
    <time time-coordinate="UTC">2021-07-08T08:10:00</time>
    <location>
      <area>
        <ellipse>
          <moving-point>
            <latitude>46.411125</latitude>
            <longitude>8.793913</longitude>
            <polar_motion>
              <speed units="km/h">0.0</speed>
            </polar_motion>
          </moving-point>
          <major_axis units="km">8.28</major_axis>
          <minor_axis units="km">8.28</minor_axis>
          <orientation units="degrees true">0</orientation>
        </ellipse>
      </area>
    </location>
    <nowcast-parameters>
      <mesocyclone_shear_mean units="m/s/km">4.872933</mesocyclone_shear_mean>
      <mesocyclone_shear_max units="m/s/km">6.614966</mesocyclone_shear_max>
      <mesocyclone_momentum_mean units="m/s/km">95.015236</mesocyclone_momentum_mean>
      <mesocyclone_momentum_max units="m/s/km">603.209724</mesocyclone_momentum_max>
      <mesocyclone_diameter units="km">8.279206</mesocyclone_diameter>
      <mesocyclone_diameter_equivalent units="km">3.807230</mesocyclone_diameter_equivalent>
      <mesocyclone_top units="km">11.193364</mesocyclone_top>
      <mesocyclone_base units="km">1.616428</mesocyclone_base>
      <mesocyclone_echotop units="km">9.745328</mesocyclone_echotop>
      <mesocyclone_vil units="kg/m*m">15.898712</mesocyclone_vil>
      <mesocyclone_shear_vectors>10</mesocyclone_shear_vectors>
      <mesocyclone_shear_features>2</mesocyclone_shear_features>
      <elevations>
        <elevation site="fbg" units="&#176;">0.5,2.5</elevation>
      </elevations>
      <mean_dbz units="DBZ">45.31</mean_dbz>
      <max_dbz units="DBZ">55.13</max_dbz>
      <mesocyclone_velocity_max units="m/s">30.461016</mesocyclone_velocity_max>
      <mesocyclone_velocity_rotational_max units="m/s">24.820086</mesocyclone_velocity_rotational_max>
      <mesocyclone_velocity_rotational_mean units="m/s">9.393713</mesocyclone_velocity_rotational_mean>
      <mesocyclone_velocity_rotational_max_closest_to_ground units="m/s">24.820086</mesocyclone_velocity_rotational_max_closest_to_ground>
      <meso_intensity>2</meso_intensity>
    </nowcast-parameters>
  </event>
</nowcast-data>
