<?xml version="1.0" encoding="UTF-8"?>
<nowcast-data>
  <radar-stations>ASB,BOO,ROS,HNR,UMD,PRO,ESS,FLD,DRS,NEU,NHB,OFT,EIS,TUR,ISN,FBG,MEM</radar-stations>
  <event ID="21">
    <time time-coordinate="UTC">2021-07-08T06:55:00</time>
    <location>
      <area>
        <ellipse>
          <moving-point>
            <latitude>49.539922</latitude>
            <longitude>11.612402</longitude>
            <polar_motion>
              <speed units="km/h">0.0</speed>
            </polar_motion>
          </moving-point>
          <major_axis units="km">11.00</major_axis>
          <minor_axis units="km">11.00</minor_axis>
          <orientation units="degrees true">0</orientation>
        </ellipse>
      </area>
    </location>
    <nowcast-parameters>
      <mesocyclone_shear_mean units="m/s/km">3.318841</mesocyclone_shear_mean>
      <mesocyclone_shear_max units="m/s/km">5.024650</mesocyclone_shear_max>
      <mesocyclone_momentum_mean units="m/s/km">86.492900</mesocyclone_momentum_mean>
      <mesocyclone_momentum_max units="m/s/km">365.208709</mesocyclone_momentum_max>
      <mesocyclone_diameter units="km">11.000000</mesocyclone_diameter>
      <mesocyclone_diameter_equivalent units="km">8.806992</mesocyclone_diameter_equivalent>
      <mesocyclone_top units="km">5.090552</mesocyclone_top>
      <mesocyclone_base units="km">2.060510</mesocyclone_base>
      <mesocyclone_echotop units="km">6.517238</mesocyclone_echotop>
      <mesocyclone_vil units="kg/m*m">6.644137</mesocyclone_vil>
      <mesocyclone_shear_vectors>40</mesocyclone_shear_vectors>
      <mesocyclone_shear_features>3</mesocyclone_shear_features>
      <elevations>
        <elevation site="eis" units="&#176;">2.5,3.5</elevation>
        <elevation site="tur" units="&#176;">0.5</elevation>
      </elevations>
      <mean_dbz units="DBZ">37.45</mean_dbz>
      <max_dbz units="DBZ">50.81</max_dbz>
      <mesocyclone_velocity_max units="m/s">18.911213</mesocyclone_velocity_max>
      <mesocyclone_velocity_rotational_max units="m/s">12.184405</mesocyclone_velocity_rotational_max>
      <mesocyclone_velocity_rotational_mean units="m/s">7.299167</mesocyclone_velocity_rotational_mean>
      <mesocyclone_velocity_rotational_max_closest_to_ground units="m/s">12.184405</mesocyclone_velocity_rotational_max_closest_to_ground>
      <meso_intensity>2</meso_intensity>
    </nowcast-parameters>
  </event>
  <event ID="31">
    <time time-coordinate="UTC">2021-07-08T06:55:00</time>
    <location>
      <area>
        <ellipse>
          <moving-point>
            <latitude>46.660081</latitude>
            <longitude>9.101671</longitude>
            <polar_motion>
              <speed units="km/h">0.0</speed>
            </polar_motion>
          </moving-point>
          <major_axis units="km">13.10</major_axis>
          <minor_axis units="km">13.10</minor_axis>
          <orientation units="degrees true">0</orientation>
        </ellipse>
      </area>
    </location>
    <nowcast-parameters>
      <mesocyclone_shear_mean units="m/s/km">5.527224</mesocyclone_shear_mean>
      <mesocyclone_shear_max units="m/s/km">10.383797</mesocyclone_shear_max>
      <mesocyclone_momentum_mean units="m/s/km">101.374042</mesocyclone_momentum_mean>
      <mesocyclone_momentum_max units="m/s/km">420.101813</mesocyclone_momentum_max>
      <mesocyclone_diameter units="km">13.099525</mesocyclone_diameter>
      <mesocyclone_diameter_equivalent units="km">4.035069</mesocyclone_diameter_equivalent>
      <mesocyclone_top units="km">6.330666</mesocyclone_top>
      <mesocyclone_base units="km">0.638260</mesocyclone_base>
      <mesocyclone_echotop units="km">5.037517</mesocyclone_echotop>
      <mesocyclone_vil units="kg/m*m">3.099998</mesocyclone_vil>
      <mesocyclone_shear_vectors>13</mesocyclone_shear_vectors>
      <mesocyclone_shear_features>3</mesocyclone_shear_features>
      <elevations>
        <elevation site="fbg" units="&#176;">0.5</elevation>
        <elevation site="mem" units="&#176;">0.5,1.5</elevation>
      </elevations>
      <mean_dbz units="DBZ">30.86</mean_dbz>
      <max_dbz units="DBZ">40.24</max_dbz>
      <mesocyclone_velocity_max units="m/s">31.687393</mesocyclone_velocity_max>
      <mesocyclone_velocity_rotational_max units="m/s">14.415706</mesocyclone_velocity_rotational_max>
      <mesocyclone_velocity_rotational_mean units="m/s">10.277137</mesocyclone_velocity_rotational_mean>
      <mesocyclone_velocity_rotational_max_closest_to_ground units="m/s">14.415706</mesocyclone_velocity_rotational_max_closest_to_ground>
      <meso_intensity>2</meso_intensity>
    </nowcast-parameters>
  </event>
</nowcast-data>
