<?xml version="1.0" encoding="UTF-8"?>
<nowcast-data>
  <radar-stations>ASB,BOO,ROS,HNR,UMD,PRO,ESS,FLD,DRS,NEU,NHB,OFT,EIS,TUR,ISN,FBG,MEM</radar-stations>
  <event ID="45">
    <time time-coordinate="UTC">2021-07-08T07:40:00</time>
    <location>
      <area>
        <ellipse>
          <moving-point>
            <latitude>47.125723</latitude>
            <longitude>9.561083</longitude>
            <polar_motion>
              <speed units="km/h">0.0</speed>
            </polar_motion>
          </moving-point>
          <major_axis units="km">8.78</major_axis>
          <minor_axis units="km">8.78</minor_axis>
          <orientation units="degrees true">0</orientation>
        </ellipse>
      </area>
    </location>
    <nowcast-parameters>
      <mesocyclone_shear_mean units="m/s/km">3.643743</mesocyclone_shear_mean>
      <mesocyclone_shear_max units="m/s/km">9.486487</mesocyclone_shear_max>
      <mesocyclone_momentum_mean units="m/s/km">108.847289</mesocyclone_momentum_mean>
      <mesocyclone_momentum_max units="m/s/km">252.958127</mesocyclone_momentum_max>
      <mesocyclone_diameter units="km">8.778523</mesocyclone_diameter>
      <mesocyclone_diameter_equivalent units="km">5.342896</mesocyclone_diameter_equivalent>
      <mesocyclone_top units="km">6.862019</mesocyclone_top>
      <mesocyclone_base units="km">1.057962</mesocyclone_base>
      <mesocyclone_echotop units="km">9.073713</mesocyclone_echotop>
      <mesocyclone_vil units="kg/m*m">5.954998</mesocyclone_vil>
      <mesocyclone_shear_vectors>13</mesocyclone_shear_vectors>
      <mesocyclone_shear_features>3</mesocyclone_shear_features>
      <elevations>
        <elevation site="fbg" units="&#176;">0.5</elevation>
        <elevation site="mem" units="&#176;">0.5,2.5</elevation>
      </elevations>
      <mean_dbz units="DBZ">32.11</mean_dbz>
      <max_dbz units="DBZ">48.46</max_dbz>
      <mesocyclone_velocity_max units="m/s">29.414989</mesocyclone_velocity_max>
      <mesocyclone_velocity_rotational_max units="m/s">11.235768</mesocyclone_velocity_rotational_max>
      <mesocyclone_velocity_rotational_mean units="m/s">8.683290</mesocyclone_velocity_rotational_mean>
      <mesocyclone_velocity_rotational_max_closest_to_ground units="m/s">9.973323</mesocyclone_velocity_rotational_max_closest_to_ground>
      <meso_intensity>2</meso_intensity>
    </nowcast-parameters>
  </event>
</nowcast-data>
