<?xml version="1.0" encoding="UTF-8"?>
<nowcast-data>
  <radar-stations>ASB,BOO,ROS,HNR,UMD,PRO,ESS,FLD,DRS,NEU,NHB,OFT,EIS,TUR,ISN,FBG,MEM</radar-stations>
  <event ID="15">
    <time time-coordinate="UTC">2021-07-08T11:55:00</time>
    <location>
      <area>
        <ellipse>
          <moving-point>
            <latitude>50.381365</latitude>
            <longitude>12.599147</longitude>
            <polar_motion>
              <speed units="km/h">0.0</speed>
            </polar_motion>
          </moving-point>
          <major_axis units="km">15.25</major_axis>
          <minor_axis units="km">15.25</minor_axis>
          <orientation units="degrees true">0</orientation>
        </ellipse>
      </area>
    </location>
    <nowcast-parameters>
      <mesocyclone_shear_mean units="m/s/km">2.866706</mesocyclone_shear_mean>
      <mesocyclone_shear_max units="m/s/km">8.520067</mesocyclone_shear_max>
      <mesocyclone_momentum_mean units="m/s/km">120.700018</mesocyclone_momentum_mean>
      <mesocyclone_momentum_max units="m/s/km">305.102913</mesocyclone_momentum_max>
      <mesocyclone_diameter units="km">15.250000</mesocyclone_diameter>
      <mesocyclone_diameter_equivalent units="km">8.985216</mesocyclone_diameter_equivalent>
      <mesocyclone_top units="km">8.407480</mesocyclone_top>
      <mesocyclone_base units="km">3.774352</mesocyclone_base>
      <mesocyclone_echotop units="km">8.742567</mesocyclone_echotop>
      <mesocyclone_vil units="kg/m*m">6.900625</mesocyclone_vil>
      <mesocyclone_shear_vectors>34</mesocyclone_shear_vectors>
      <mesocyclone_shear_features>3</mesocyclone_shear_features>
      <elevations>
        <elevation site="drs" units="&#176;">3.5</elevation>
        <elevation site="eis" units="&#176;">2.5,3.5</elevation>
      </elevations>
      <mean_dbz units="DBZ">36.07</mean_dbz>
      <max_dbz units="DBZ">51.93</max_dbz>
      <mesocyclone_velocity_max units="m/s">31.631207</mesocyclone_velocity_max>
      <mesocyclone_velocity_rotational_max units="m/s">18.903111</mesocyclone_velocity_rotational_max>
      <mesocyclone_velocity_rotational_mean units="m/s">8.274771</mesocyclone_velocity_rotational_mean>
      <mesocyclone_velocity_rotational_max_closest_to_ground units="m/s">7.939308</mesocyclone_velocity_rotational_max_closest_to_ground>
      <meso_intensity>3</meso_intensity>
    </nowcast-parameters>
  </event>
  <event ID="62">
    <time time-coordinate="UTC">2021-07-08T11:55:00</time>
    <location>
      <area>
        <ellipse>
          <moving-point>
            <latitude>47.884499</latitude>
            <longitude>11.301528</longitude>
            <polar_motion>
              <speed units="km/h">0.0</speed>
            </polar_motion>
          </moving-point>
          <major_axis units="km">17.00</major_axis>
          <minor_axis units="km">17.00</minor_axis>
          <orientation units="degrees true">0</orientation>
        </ellipse>
      </area>
    </location>
    <nowcast-parameters>
      <mesocyclone_shear_mean units="m/s/km">3.100632</mesocyclone_shear_mean>
      <mesocyclone_shear_max units="m/s/km">16.278544</mesocyclone_shear_max>
      <mesocyclone_momentum_mean units="m/s/km">106.617473</mesocyclone_momentum_mean>
      <mesocyclone_momentum_max units="m/s/km">294.537684</mesocyclone_momentum_max>
      <mesocyclone_diameter units="km">17.000000</mesocyclone_diameter>
      <mesocyclone_diameter_equivalent units="km">6.278522</mesocyclone_diameter_equivalent>
      <mesocyclone_top units="km">6.098363</mesocyclone_top>
      <mesocyclone_base units="km">2.788644</mesocyclone_base>
      <mesocyclone_echotop units="km">7.982757</mesocyclone_echotop>
      <mesocyclone_vil units="kg/m*m">20.309207</mesocyclone_vil>
      <mesocyclone_shear_vectors>18</mesocyclone_shear_vectors>
      <mesocyclone_shear_features>4</mesocyclone_shear_features>
      <elevations>
        <elevation site="isn" units="&#176;">2.5,3.5,4.5</elevation>
        <elevation site="mem" units="&#176;">2.5</elevation>
      </elevations>
      <mean_dbz units="DBZ">44.55</mean_dbz>
      <max_dbz units="DBZ">59.99</max_dbz>
      <mesocyclone_velocity_max units="m/s">25.903145</mesocyclone_velocity_max>
      <mesocyclone_velocity_rotational_max units="m/s">11.740747</mesocyclone_velocity_rotational_max>
      <mesocyclone_velocity_rotational_mean units="m/s">7.706781</mesocyclone_velocity_rotational_mean>
      <mesocyclone_velocity_rotational_max_closest_to_ground units="m/s">10.740329</mesocyclone_velocity_rotational_max_closest_to_ground>
      <meso_intensity>3</meso_intensity>
    </nowcast-parameters>
  </event>
  <event ID="63">
    <time time-coordinate="UTC">2021-07-08T11:55:00</time>
    <location>
      <area>
        <ellipse>
          <moving-point>
            <latitude>47.577349</latitude>
            <longitude>11.116245</longitude>
            <polar_motion>
              <speed units="km/h">0.0</speed>
            </polar_motion>
          </moving-point>
          <major_axis units="km">10.75</major_axis>
          <minor_axis units="km">10.75</minor_axis>
          <orientation units="degrees true">0</orientation>
        </ellipse>
      </area>
    </location>
    <nowcast-parameters>
      <mesocyclone_shear_mean units="m/s/km">3.708808</mesocyclone_shear_mean>
      <mesocyclone_shear_max units="m/s/km">12.959452</mesocyclone_shear_max>
      <mesocyclone_momentum_mean units="m/s/km">130.227522</mesocyclone_momentum_mean>
      <mesocyclone_momentum_max units="m/s/km">900.316815</mesocyclone_momentum_max>
      <mesocyclone_diameter units="km">10.750000</mesocyclone_diameter>
      <mesocyclone_diameter_equivalent units="km">6.990291</mesocyclone_diameter_equivalent>
      <mesocyclone_top units="km">8.825110</mesocyclone_top>
      <mesocyclone_base units="km">3.892967</mesocyclone_base>
      <mesocyclone_echotop units="km">8.435789</mesocyclone_echotop>
      <mesocyclone_vil units="kg/m*m">22.871291</mesocyclone_vil>
      <mesocyclone_shear_vectors>25</mesocyclone_shear_vectors>
      <mesocyclone_shear_features>3</mesocyclone_shear_features>
      <elevations>
        <elevation site="isn" units="&#176;">2.5,3.5,4.5</elevation>
      </elevations>
      <mean_dbz units="DBZ">41.98</mean_dbz>
      <max_dbz units="DBZ">60.19</max_dbz>
      <mesocyclone_velocity_max units="m/s">31.715561</mesocyclone_velocity_max>
      <mesocyclone_velocity_rotational_max units="m/s">38.917896</mesocyclone_velocity_rotational_max>
      <mesocyclone_velocity_rotational_mean units="m/s">9.699743</mesocyclone_velocity_rotational_mean>
      <mesocyclone_velocity_rotational_max_closest_to_ground units="m/s">38.917896</mesocyclone_velocity_rotational_max_closest_to_ground>
      <meso_intensity>3</meso_intensity>
    </nowcast-parameters>
  </event>
  <event ID="52">
    <time time-coordinate="UTC">2021-07-08T11:55:00</time>
    <location>
      <area>
        <ellipse>
          <moving-point>
            <latitude>47.179565</latitude>
            <longitude>11.368693</longitude>
            <polar_motion>
              <speed units="km/h">0.0</speed>
            </polar_motion>
          </moving-point>
          <major_axis units="km">10.21</major_axis>
          <minor_axis units="km">10.21</minor_axis>
          <orientation units="degrees true">0</orientation>
        </ellipse>
      </area>
    </location>
    <nowcast-parameters>
      <mesocyclone_shear_mean units="m/s/km">5.710343</mesocyclone_shear_mean>
      <mesocyclone_shear_max units="m/s/km">9.860523</mesocyclone_shear_max>
      <mesocyclone_momentum_mean units="m/s/km">137.824653</mesocyclone_momentum_mean>
      <mesocyclone_momentum_max units="m/s/km">560.667109</mesocyclone_momentum_max>
      <mesocyclone_diameter units="km">10.207552</mesocyclone_diameter>
      <mesocyclone_diameter_equivalent units="km">4.480164</mesocyclone_diameter_equivalent>
      <mesocyclone_top units="km">4.766009</mesocyclone_top>
      <mesocyclone_base units="km">0.026229</mesocyclone_base>
      <mesocyclone_echotop units="km">7.688104</mesocyclone_echotop>
      <mesocyclone_vil units="kg/m*m">7.892751</mesocyclone_vil>
      <mesocyclone_shear_vectors>8</mesocyclone_shear_vectors>
      <mesocyclone_shear_features>3</mesocyclone_shear_features>
      <elevations>
        <elevation site="isn" units="&#176;">0.5,1.5</elevation>
        <elevation site="mem" units="&#176;">0.5</elevation>
      </elevations>
      <mean_dbz units="DBZ">38.05</mean_dbz>
      <max_dbz units="DBZ">50.74</max_dbz>
      <mesocyclone_velocity_max units="m/s">29.188421</mesocyclone_velocity_max>
      <mesocyclone_velocity_rotational_max units="m/s">22.870581</mesocyclone_velocity_rotational_max>
      <mesocyclone_velocity_rotational_mean units="m/s">11.079416</mesocyclone_velocity_rotational_mean>
      <mesocyclone_velocity_rotational_max_closest_to_ground units="m/s">10.866684</mesocyclone_velocity_rotational_max_closest_to_ground>
      <meso_intensity>2</meso_intensity>
    </nowcast-parameters>
  </event>
  <event ID="38">
    <time time-coordinate="UTC">2021-07-08T11:55:00</time>
    <location>
      <area>
        <ellipse>
          <moving-point>
            <latitude>47.083380</latitude>
            <longitude>10.651586</longitude>
            <polar_motion>
              <speed units="km/h">0.0</speed>
            </polar_motion>
          </moving-point>
          <major_axis units="km">9.07</major_axis>
          <minor_axis units="km">9.07</minor_axis>
          <orientation units="degrees true">0</orientation>
        </ellipse>
      </area>
    </location>
    <nowcast-parameters>
      <mesocyclone_shear_mean units="m/s/km">4.592108</mesocyclone_shear_mean>
      <mesocyclone_shear_max units="m/s/km">11.511407</mesocyclone_shear_max>
      <mesocyclone_momentum_mean units="m/s/km">80.064716</mesocyclone_momentum_mean>
      <mesocyclone_momentum_max units="m/s/km">356.017907</mesocyclone_momentum_max>
      <mesocyclone_diameter units="km">9.071933</mesocyclone_diameter>
      <mesocyclone_diameter_equivalent units="km">3.669259</mesocyclone_diameter_equivalent>
      <mesocyclone_top units="km">6.150273</mesocyclone_top>
      <mesocyclone_base units="km">1.324579</mesocyclone_base>
      <mesocyclone_echotop units="km">9.183620</mesocyclone_echotop>
      <mesocyclone_vil units="kg/m*m">14.122139</mesocyclone_vil>
      <mesocyclone_shear_vectors>9</mesocyclone_shear_vectors>
      <mesocyclone_shear_features>3</mesocyclone_shear_features>
      <elevations>
        <elevation site="tur" units="&#176;">0.5</elevation>
        <elevation site="isn" units="&#176;">1.5</elevation>
        <elevation site="mem" units="&#176;">2.5</elevation>
      </elevations>
      <mean_dbz units="DBZ">44.20</mean_dbz>
      <max_dbz units="DBZ">58.77</max_dbz>
      <mesocyclone_velocity_max units="m/s">31.939882</mesocyclone_velocity_max>
      <mesocyclone_velocity_rotational_max units="m/s">12.762036</mesocyclone_velocity_rotational_max>
      <mesocyclone_velocity_rotational_mean units="m/s">8.360979</mesocyclone_velocity_rotational_mean>
      <mesocyclone_velocity_rotational_max_closest_to_ground units="m/s">11.930565</mesocyclone_velocity_rotational_max_closest_to_ground>
      <meso_intensity>2</meso_intensity>
    </nowcast-parameters>
  </event>
</nowcast-data>
