<?xml version="1.0" encoding="UTF-8"?>
<nowcast-data>
  <radar-stations>ASB,BOO,ROS,HNR,UMD,PRO,ESS,FLD,DRS,NEU,NHB,OFT,EIS,TUR,ISN,FBG,MEM</radar-stations>
  <event ID="12">
    <time time-coordinate="UTC">2021-07-08T10:05:00</time>
    <location>
      <area>
        <ellipse>
          <moving-point>
            <latitude>49.482443</latitude>
            <longitude>11.948999</longitude>
            <polar_motion>
              <speed units="km/h">0.0</speed>
            </polar_motion>
          </moving-point>
          <major_axis units="km">17.50</major_axis>
          <minor_axis units="km">17.50</minor_axis>
          <orientation units="degrees true">0</orientation>
        </ellipse>
      </area>
    </location>
    <nowcast-parameters>
      <mesocyclone_shear_mean units="m/s/km">3.669142</mesocyclone_shear_mean>
      <mesocyclone_shear_max units="m/s/km">12.935693</mesocyclone_shear_max>
      <mesocyclone_momentum_mean units="m/s/km">101.249828</mesocyclone_momentum_mean>
      <mesocyclone_momentum_max units="m/s/km">423.844882</mesocyclone_momentum_max>
      <mesocyclone_diameter units="km">17.500000</mesocyclone_diameter>
      <mesocyclone_diameter_equivalent units="km">6.138619</mesocyclone_diameter_equivalent>
      <mesocyclone_top units="km">9.602685</mesocyclone_top>
      <mesocyclone_base units="km">1.846536</mesocyclone_base>
      <mesocyclone_echotop units="km">8.901328</mesocyclone_echotop>
      <mesocyclone_vil units="kg/m*m">36.919234</mesocyclone_vil>
      <mesocyclone_shear_vectors>18</mesocyclone_shear_vectors>
      <mesocyclone_shear_features>8</mesocyclone_shear_features>
      <elevations>
        <elevation site="neu" units="&#176;">1.5</elevation>
        <elevation site="eis" units="&#176;">2.5,3.5,4.5,5.5,8.0,17.0</elevation>
        <elevation site="isn" units="&#176;">1.5</elevation>
      </elevations>
      <mean_dbz units="DBZ">47.90</mean_dbz>
      <max_dbz units="DBZ">63.84</max_dbz>
      <mesocyclone_velocity_max units="m/s">29.441139</mesocyclone_velocity_max>
      <mesocyclone_velocity_rotational_max units="m/s">15.312045</mesocyclone_velocity_rotational_max>
      <mesocyclone_velocity_rotational_mean units="m/s">8.535548</mesocyclone_velocity_rotational_mean>
      <mesocyclone_velocity_rotational_max_closest_to_ground units="m/s">8.191348</mesocyclone_velocity_rotational_max_closest_to_ground>
      <meso_intensity>3</meso_intensity>
    </nowcast-parameters>
  </event>
  <event ID="30">
    <time time-coordinate="UTC">2021-07-08T10:05:00</time>
    <location>
      <area>
        <ellipse>
          <moving-point>
            <latitude>47.405312</latitude>
            <longitude>10.048729</longitude>
            <polar_motion>
              <speed units="km/h">0.0</speed>
            </polar_motion>
          </moving-point>
          <major_axis units="km">14.50</major_axis>
          <minor_axis units="km">14.50</minor_axis>
          <orientation units="degrees true">0</orientation>
        </ellipse>
      </area>
    </location>
    <nowcast-parameters>
      <mesocyclone_shear_mean units="m/s/km">5.009284</mesocyclone_shear_mean>
      <mesocyclone_shear_max units="m/s/km">11.534414</mesocyclone_shear_max>
      <mesocyclone_momentum_mean units="m/s/km">137.965332</mesocyclone_momentum_mean>
      <mesocyclone_momentum_max units="m/s/km">791.049571</mesocyclone_momentum_max>
      <mesocyclone_diameter units="km">14.500000</mesocyclone_diameter>
      <mesocyclone_diameter_equivalent units="km">7.204630</mesocyclone_diameter_equivalent>
      <mesocyclone_top units="km">5.292838</mesocyclone_top>
      <mesocyclone_base units="km">1.084074</mesocyclone_base>
      <mesocyclone_echotop units="km">7.588601</mesocyclone_echotop>
      <mesocyclone_vil units="kg/m*m">12.030219</mesocyclone_vil>
      <mesocyclone_shear_vectors>24</mesocyclone_shear_vectors>
      <mesocyclone_shear_features>4</mesocyclone_shear_features>
      <elevations>
        <elevation site="tur" units="&#176;">1.5</elevation>
        <elevation site="isn" units="&#176;">0.5</elevation>
        <elevation site="mem" units="&#176;">2.5,3.5</elevation>
      </elevations>
      <mean_dbz units="DBZ">37.27</mean_dbz>
      <max_dbz units="DBZ">55.64</max_dbz>
      <mesocyclone_velocity_max units="m/s">31.095621</mesocyclone_velocity_max>
      <mesocyclone_velocity_rotational_max units="m/s">29.953332</mesocyclone_velocity_rotational_max>
      <mesocyclone_velocity_rotational_mean units="m/s">10.996355</mesocyclone_velocity_rotational_mean>
      <mesocyclone_velocity_rotational_max_closest_to_ground units="m/s">18.069023</mesocyclone_velocity_rotational_max_closest_to_ground>
      <meso_intensity>3</meso_intensity>
    </nowcast-parameters>
  </event>
  <event ID="32">
    <time time-coordinate="UTC">2021-07-08T10:05:00</time>
    <location>
      <area>
        <ellipse>
          <moving-point>
            <latitude>47.205526</latitude>
            <longitude>9.701652</longitude>
            <polar_motion>
              <speed units="km/h">0.0</speed>
            </polar_motion>
          </moving-point>
          <major_axis units="km">13.00</major_axis>
          <minor_axis units="km">13.00</minor_axis>
          <orientation units="degrees true">0</orientation>
        </ellipse>
      </area>
    </location>
    <nowcast-parameters>
      <mesocyclone_shear_mean units="m/s/km">3.991305</mesocyclone_shear_mean>
      <mesocyclone_shear_max units="m/s/km">7.517656</mesocyclone_shear_max>
      <mesocyclone_momentum_mean units="m/s/km">123.670710</mesocyclone_momentum_mean>
      <mesocyclone_momentum_max units="m/s/km">342.664461</mesocyclone_momentum_max>
      <mesocyclone_diameter units="km">13.000000</mesocyclone_diameter>
      <mesocyclone_diameter_equivalent units="km">6.554135</mesocyclone_diameter_equivalent>
      <mesocyclone_top units="km">7.281617</mesocyclone_top>
      <mesocyclone_base units="km">4.111688</mesocyclone_base>
      <mesocyclone_echotop units="km">8.762828</mesocyclone_echotop>
      <mesocyclone_vil units="kg/m*m">9.924681</mesocyclone_vil>
      <mesocyclone_shear_vectors>19</mesocyclone_shear_vectors>
      <mesocyclone_shear_features>3</mesocyclone_shear_features>
      <elevations>
        <elevation site="tur" units="&#176;">1.5</elevation>
        <elevation site="fbg" units="&#176;">1.5</elevation>
        <elevation site="mem" units="&#176;">2.5</elevation>
      </elevations>
      <mean_dbz units="DBZ">38.98</mean_dbz>
      <max_dbz units="DBZ">50.40</max_dbz>
      <mesocyclone_velocity_max units="m/s">32.110985</mesocyclone_velocity_max>
      <mesocyclone_velocity_rotational_max units="m/s">22.062299</mesocyclone_velocity_rotational_max>
      <mesocyclone_velocity_rotational_mean units="m/s">9.762448</mesocyclone_velocity_rotational_mean>
      <mesocyclone_velocity_rotational_max_closest_to_ground units="m/s">15.906818</mesocyclone_velocity_rotational_max_closest_to_ground>
      <meso_intensity>3</meso_intensity>
    </nowcast-parameters>
  </event>
  <event ID="33">
    <time time-coordinate="UTC">2021-07-08T10:05:00</time>
    <location>
      <area>
        <ellipse>
          <moving-point>
            <latitude>47.068824</latitude>
            <longitude>9.683166</longitude>
            <polar_motion>
              <speed units="km/h">0.0</speed>
            </polar_motion>
          </moving-point>
          <major_axis units="km">10.25</major_axis>
          <minor_axis units="km">10.25</minor_axis>
          <orientation units="degrees true">0</orientation>
        </ellipse>
      </area>
    </location>
    <nowcast-parameters>
      <mesocyclone_shear_mean units="m/s/km">5.339659</mesocyclone_shear_mean>
      <mesocyclone_shear_max units="m/s/km">11.905445</mesocyclone_shear_max>
      <mesocyclone_momentum_mean units="m/s/km">120.443016</mesocyclone_momentum_mean>
      <mesocyclone_momentum_max units="m/s/km">431.039882</mesocyclone_momentum_max>
      <mesocyclone_diameter units="km">10.250000</mesocyclone_diameter>
      <mesocyclone_diameter_equivalent units="km">7.714666</mesocyclone_diameter_equivalent>
      <mesocyclone_top units="km">8.630518</mesocyclone_top>
      <mesocyclone_base units="km">1.277912</mesocyclone_base>
      <mesocyclone_echotop units="km">7.372779</mesocyclone_echotop>
      <mesocyclone_vil units="kg/m*m">12.419899</mesocyclone_vil>
      <mesocyclone_shear_vectors>29</mesocyclone_shear_vectors>
      <mesocyclone_shear_features>4</mesocyclone_shear_features>
      <elevations>
        <elevation site="fbg" units="&#176;">0.5,1.5,2.5</elevation>
        <elevation site="mem" units="&#176;">2.5</elevation>
      </elevations>
      <mean_dbz units="DBZ">40.14</mean_dbz>
      <max_dbz units="DBZ">51.32</max_dbz>
      <mesocyclone_velocity_max units="m/s">31.939882</mesocyclone_velocity_max>
      <mesocyclone_velocity_rotational_max units="m/s">18.427035</mesocyclone_velocity_rotational_max>
      <mesocyclone_velocity_rotational_mean units="m/s">10.649125</mesocyclone_velocity_rotational_mean>
      <mesocyclone_velocity_rotational_max_closest_to_ground units="m/s">12.410044</mesocyclone_velocity_rotational_max_closest_to_ground>
      <meso_intensity>3</meso_intensity>
    </nowcast-parameters>
  </event>
  <event ID="25">
    <time time-coordinate="UTC">2021-07-08T10:05:00</time>
    <location>
      <area>
        <ellipse>
          <moving-point>
            <latitude>46.973411</latitude>
            <longitude>9.710845</longitude>
            <polar_motion>
              <speed units="km/h">0.0</speed>
            </polar_motion>
          </moving-point>
          <major_axis units="km">6.90</major_axis>
          <minor_axis units="km">6.90</minor_axis>
          <orientation units="degrees true">0</orientation>
        </ellipse>
      </area>
    </location>
    <nowcast-parameters>
      <mesocyclone_shear_mean units="m/s/km">5.504853</mesocyclone_shear_mean>
      <mesocyclone_shear_max units="m/s/km">13.386608</mesocyclone_shear_max>
      <mesocyclone_momentum_mean units="m/s/km">92.520935</mesocyclone_momentum_mean>
      <mesocyclone_momentum_max units="m/s/km">169.375890</mesocyclone_momentum_max>
      <mesocyclone_diameter units="km">6.897262</mesocyclone_diameter>
      <mesocyclone_diameter_equivalent units="km">3.645450</mesocyclone_diameter_equivalent>
      <mesocyclone_top units="km">5.200468</mesocyclone_top>
      <mesocyclone_base units="km">1.659390</mesocyclone_base>
      <mesocyclone_echotop units="km">6.599926</mesocyclone_echotop>
      <mesocyclone_vil units="kg/m*m">4.210783</mesocyclone_vil>
      <mesocyclone_shear_vectors>9</mesocyclone_shear_vectors>
      <mesocyclone_shear_features>2</mesocyclone_shear_features>
      <elevations>
        <elevation site="tur" units="&#176;">0.5</elevation>
        <elevation site="mem" units="&#176;">1.5</elevation>
      </elevations>
      <mean_dbz units="DBZ">33.52</mean_dbz>
      <max_dbz units="DBZ">44.08</max_dbz>
      <mesocyclone_velocity_max units="m/s">29.162502</mesocyclone_velocity_max>
      <mesocyclone_velocity_rotational_max units="m/s">14.770617</mesocyclone_velocity_rotational_max>
      <mesocyclone_velocity_rotational_mean units="m/s">10.060987</mesocyclone_velocity_rotational_mean>
      <mesocyclone_velocity_rotational_max_closest_to_ground units="m/s">11.930565</mesocyclone_velocity_rotational_max_closest_to_ground>
      <meso_intensity>2</meso_intensity>
    </nowcast-parameters>
  </event>
  <event ID="52">
    <time time-coordinate="UTC">2021-07-08T10:05:00</time>
    <location>
      <area>
        <ellipse>
          <moving-point>
            <latitude>46.607716</latitude>
            <longitude>9.261720</longitude>
            <polar_motion>
              <speed units="km/h">0.0</speed>
            </polar_motion>
          </moving-point>
          <major_axis units="km">14.19</major_axis>
          <minor_axis units="km">14.19</minor_axis>
          <orientation units="degrees true">0</orientation>
        </ellipse>
      </area>
    </location>
    <nowcast-parameters>
      <mesocyclone_shear_mean units="m/s/km">4.111111</mesocyclone_shear_mean>
      <mesocyclone_shear_max units="m/s/km">8.539950</mesocyclone_shear_max>
      <mesocyclone_momentum_mean units="m/s/km">129.189919</mesocyclone_momentum_mean>
      <mesocyclone_momentum_max units="m/s/km">717.556442</mesocyclone_momentum_max>
      <mesocyclone_diameter units="km">14.188826</mesocyclone_diameter>
      <mesocyclone_diameter_equivalent units="km">5.847941</mesocyclone_diameter_equivalent>
      <mesocyclone_top units="km">6.576944</mesocyclone_top>
      <mesocyclone_base units="km">-0.038446</mesocyclone_base>
      <mesocyclone_echotop units="km">8.223220</mesocyclone_echotop>
      <mesocyclone_vil units="kg/m*m">4.447739</mesocyclone_vil>
      <mesocyclone_shear_vectors>16</mesocyclone_shear_vectors>
      <mesocyclone_shear_features>3</mesocyclone_shear_features>
      <elevations>
        <elevation site="fbg" units="&#176;">0.5</elevation>
        <elevation site="mem" units="&#176;">0.5,1.5</elevation>
      </elevations>
      <mean_dbz units="DBZ">34.68</mean_dbz>
      <max_dbz units="DBZ">45.82</max_dbz>
      <mesocyclone_velocity_max units="m/s">31.939882</mesocyclone_velocity_max>
      <mesocyclone_velocity_rotational_max units="m/s">17.549555</mesocyclone_velocity_rotational_max>
      <mesocyclone_velocity_rotational_mean units="m/s">9.411640</mesocyclone_velocity_rotational_mean>
      <mesocyclone_velocity_rotational_max_closest_to_ground units="m/s">16.033062</mesocyclone_velocity_rotational_max_closest_to_ground>
      <meso_intensity>3</meso_intensity>
    </nowcast-parameters>
  </event>
</nowcast-data>
