<?xml version="1.0" encoding="UTF-8"?>
<nowcast-data>
  <radar-stations>ASB,BOO,ROS,HNR,UMD,PRO,ESS,FLD,DRS,NEU,NHB,OFT,EIS,TUR,ISN,FBG,MEM</radar-stations>
  <event ID="6">
    <time time-coordinate="UTC">2021-07-08T15:00:00</time>
    <location>
      <area>
        <ellipse>
          <moving-point>
            <latitude>51.254462</latitude>
            <longitude>9.577416</longitude>
            <polar_motion>
              <speed units="km/h">0.0</speed>
            </polar_motion>
          </moving-point>
          <major_axis units="km">13.79</major_axis>
          <minor_axis units="km">13.79</minor_axis>
          <orientation units="degrees true">0</orientation>
        </ellipse>
      </area>
    </location>
    <nowcast-parameters>
      <mesocyclone_shear_mean units="m/s/km">4.316813</mesocyclone_shear_mean>
      <mesocyclone_shear_max units="m/s/km">7.512592</mesocyclone_shear_max>
      <mesocyclone_momentum_mean units="m/s/km">116.425770</mesocyclone_momentum_mean>
      <mesocyclone_momentum_max units="m/s/km">688.897076</mesocyclone_momentum_max>
      <mesocyclone_diameter units="km">13.788353</mesocyclone_diameter>
      <mesocyclone_diameter_equivalent units="km">6.067971</mesocyclone_diameter_equivalent>
      <mesocyclone_top units="km">6.933915</mesocyclone_top>
      <mesocyclone_base units="km">3.633589</mesocyclone_base>
      <mesocyclone_echotop units="km">8.241734</mesocyclone_echotop>
      <mesocyclone_vil units="kg/m*m">23.331640</mesocyclone_vil>
      <mesocyclone_shear_vectors>22</mesocyclone_shear_vectors>
      <mesocyclone_shear_features>2</mesocyclone_shear_features>
      <elevations>
        <elevation site="umd" units="&#176;">1.5</elevation>
        <elevation site="oft" units="&#176;">1.5</elevation>
      </elevations>
      <mean_dbz units="DBZ">39.53</mean_dbz>
      <max_dbz units="DBZ">58.33</max_dbz>
      <mesocyclone_velocity_max units="m/s">30.118958</mesocyclone_velocity_max>
      <mesocyclone_velocity_rotational_max units="m/s">19.155153</mesocyclone_velocity_rotational_max>
      <mesocyclone_velocity_rotational_mean units="m/s">9.172510</mesocyclone_velocity_rotational_mean>
      <mesocyclone_velocity_rotational_max_closest_to_ground units="m/s">19.155153</mesocyclone_velocity_rotational_max_closest_to_ground>
      <meso_intensity>3</meso_intensity>
    </nowcast-parameters>
  </event>
  <event ID="7">
    <time time-coordinate="UTC">2021-07-08T15:00:00</time>
    <location>
      <area>
        <ellipse>
          <moving-point>
            <latitude>51.058436</latitude>
            <longitude>9.335494</longitude>
            <polar_motion>
              <speed units="km/h">0.0</speed>
            </polar_motion>
          </moving-point>
          <major_axis units="km">8.80</major_axis>
          <minor_axis units="km">8.80</minor_axis>
          <orientation units="degrees true">0</orientation>
        </ellipse>
      </area>
    </location>
    <nowcast-parameters>
      <mesocyclone_shear_mean units="m/s/km">4.692593</mesocyclone_shear_mean>
      <mesocyclone_shear_max units="m/s/km">10.537876</mesocyclone_shear_max>
      <mesocyclone_momentum_mean units="m/s/km">182.811652</mesocyclone_momentum_mean>
      <mesocyclone_momentum_max units="m/s/km">527.012747</mesocyclone_momentum_max>
      <mesocyclone_diameter units="km">8.801019</mesocyclone_diameter>
      <mesocyclone_diameter_equivalent units="km">6.213488</mesocyclone_diameter_equivalent>
      <mesocyclone_top units="km">7.966233</mesocyclone_top>
      <mesocyclone_base units="km">3.097454</mesocyclone_base>
      <mesocyclone_echotop units="km">8.300344</mesocyclone_echotop>
      <mesocyclone_vil units="kg/m*m">10.701762</mesocyclone_vil>
      <mesocyclone_shear_vectors>19</mesocyclone_shear_vectors>
      <mesocyclone_shear_features>3</mesocyclone_shear_features>
      <elevations>
        <elevation site="hnr" units="&#176;">1.5</elevation>
        <elevation site="umd" units="&#176;">1.5</elevation>
        <elevation site="oft" units="&#176;">1.5</elevation>
      </elevations>
      <mean_dbz units="DBZ">36.11</mean_dbz>
      <max_dbz units="DBZ">53.45</max_dbz>
      <mesocyclone_velocity_max units="m/s">31.631208</mesocyclone_velocity_max>
      <mesocyclone_velocity_rotational_max units="m/s">19.155155</mesocyclone_velocity_rotational_max>
      <mesocyclone_velocity_rotational_mean units="m/s">13.024098</mesocyclone_velocity_rotational_mean>
      <mesocyclone_velocity_rotational_max_closest_to_ground units="m/s">19.155155</mesocyclone_velocity_rotational_max_closest_to_ground>
      <meso_intensity>3</meso_intensity>
    </nowcast-parameters>
  </event>
  <event ID="44">
    <time time-coordinate="UTC">2021-07-08T15:00:00</time>
    <location>
      <area>
        <ellipse>
          <moving-point>
            <latitude>50.478494</latitude>
            <longitude>9.182717</longitude>
            <polar_motion>
              <speed units="km/h">0.0</speed>
            </polar_motion>
          </moving-point>
          <major_axis units="km">8.00</major_axis>
          <minor_axis units="km">8.00</minor_axis>
          <orientation units="degrees true">0</orientation>
        </ellipse>
      </area>
    </location>
    <nowcast-parameters>
      <mesocyclone_shear_mean units="m/s/km">5.215759</mesocyclone_shear_mean>
      <mesocyclone_shear_max units="m/s/km">8.609387</mesocyclone_shear_max>
      <mesocyclone_momentum_mean units="m/s/km">54.278869</mesocyclone_momentum_mean>
      <mesocyclone_momentum_max units="m/s/km">188.510727</mesocyclone_momentum_max>
      <mesocyclone_diameter units="km">8.000000</mesocyclone_diameter>
      <mesocyclone_diameter_equivalent units="km">3.602404</mesocyclone_diameter_equivalent>
      <mesocyclone_top units="km">6.560602</mesocyclone_top>
      <mesocyclone_base units="km">1.205328</mesocyclone_base>
      <mesocyclone_echotop units="km">5.451706</mesocyclone_echotop>
      <mesocyclone_vil units="kg/m*m">12.106815</mesocyclone_vil>
      <mesocyclone_shear_vectors>11</mesocyclone_shear_vectors>
      <mesocyclone_shear_features>2</mesocyclone_shear_features>
      <elevations>
        <elevation site="neu" units="&#176;">1.5</elevation>
        <elevation site="oft" units="&#176;">1.5</elevation>
      </elevations>
      <mean_dbz units="DBZ">41.76</mean_dbz>
      <max_dbz units="DBZ">55.59</max_dbz>
      <mesocyclone_velocity_max units="m/s">23.123295</mesocyclone_velocity_max>
      <mesocyclone_velocity_rotational_max units="m/s">19.206234</mesocyclone_velocity_rotational_max>
      <mesocyclone_velocity_rotational_mean units="m/s">8.084468</mesocyclone_velocity_rotational_mean>
      <mesocyclone_velocity_rotational_max_closest_to_ground units="m/s">7.183182</mesocyclone_velocity_rotational_max_closest_to_ground>
      <meso_intensity>2</meso_intensity>
    </nowcast-parameters>
  </event>
  <event ID="43">
    <time time-coordinate="UTC">2021-07-08T15:00:00</time>
    <location>
      <area>
        <ellipse>
          <moving-point>
            <latitude>49.432886</latitude>
            <longitude>13.111205</longitude>
            <polar_motion>
              <speed units="km/h">0.0</speed>
            </polar_motion>
          </moving-point>
          <major_axis units="km">8.75</major_axis>
          <minor_axis units="km">8.75</minor_axis>
          <orientation units="degrees true">0</orientation>
        </ellipse>
      </area>
    </location>
    <nowcast-parameters>
      <mesocyclone_shear_mean units="m/s/km">4.718548</mesocyclone_shear_mean>
      <mesocyclone_shear_max units="m/s/km">9.359967</mesocyclone_shear_max>
      <mesocyclone_momentum_mean units="m/s/km">82.674093</mesocyclone_momentum_mean>
      <mesocyclone_momentum_max units="m/s/km">299.855341</mesocyclone_momentum_max>
      <mesocyclone_diameter units="km">8.750000</mesocyclone_diameter>
      <mesocyclone_diameter_equivalent units="km">4.792637</mesocyclone_diameter_equivalent>
      <mesocyclone_top units="km">12.139101</mesocyclone_top>
      <mesocyclone_base units="km">2.308853</mesocyclone_base>
      <mesocyclone_echotop units="km">11.040443</mesocyclone_echotop>
      <mesocyclone_vil units="kg/m*m">16.024791</mesocyclone_vil>
      <mesocyclone_shear_vectors>17</mesocyclone_shear_vectors>
      <mesocyclone_shear_features>4</mesocyclone_shear_features>
      <elevations>
        <elevation site="neu" units="&#176;">0.5</elevation>
        <elevation site="isn" units="&#176;">1.5,2.5,3.5</elevation>
      </elevations>
      <mean_dbz units="DBZ">41.14</mean_dbz>
      <max_dbz units="DBZ">51.02</max_dbz>
      <mesocyclone_velocity_max units="m/s">31.968277</mesocyclone_velocity_max>
      <mesocyclone_velocity_rotational_max units="m/s">13.646533</mesocyclone_velocity_rotational_max>
      <mesocyclone_velocity_rotational_mean units="m/s">8.478233</mesocyclone_velocity_rotational_mean>
      <mesocyclone_velocity_rotational_max_closest_to_ground units="m/s">7.075982</mesocyclone_velocity_rotational_max_closest_to_ground>
      <meso_intensity>2</meso_intensity>
    </nowcast-parameters>
  </event>
  <event ID="58">
    <time time-coordinate="UTC">2021-07-08T15:00:00</time>
    <location>
      <area>
        <ellipse>
          <moving-point>
            <latitude>48.206026</latitude>
            <longitude>13.777160</longitude>
            <polar_motion>
              <speed units="km/h">0.0</speed>
            </polar_motion>
          </moving-point>
          <major_axis units="km">10.50</major_axis>
          <minor_axis units="km">10.50</minor_axis>
          <orientation units="degrees true">0</orientation>
        </ellipse>
      </area>
    </location>
    <nowcast-parameters>
      <mesocyclone_shear_mean units="m/s/km">5.756931</mesocyclone_shear_mean>
      <mesocyclone_shear_max units="m/s/km">10.122463</mesocyclone_shear_max>
      <mesocyclone_momentum_mean units="m/s/km">82.852693</mesocyclone_momentum_mean>
      <mesocyclone_momentum_max units="m/s/km">238.892064</mesocyclone_momentum_max>
      <mesocyclone_diameter units="km">10.500000</mesocyclone_diameter>
      <mesocyclone_diameter_equivalent units="km">4.930742</mesocyclone_diameter_equivalent>
      <mesocyclone_top units="km">5.498696</mesocyclone_top>
      <mesocyclone_base units="km">2.274023</mesocyclone_base>
      <mesocyclone_echotop units="km">6.896512</mesocyclone_echotop>
      <mesocyclone_vil units="kg/m*m">6.585724</mesocyclone_vil>
      <mesocyclone_shear_vectors>20</mesocyclone_shear_vectors>
      <mesocyclone_shear_features>2</mesocyclone_shear_features>
      <elevations>
        <elevation site="eis" units="&#176;">0.5</elevation>
        <elevation site="isn" units="&#176;">1.5</elevation>
      </elevations>
      <mean_dbz units="DBZ">40.20</mean_dbz>
      <max_dbz units="DBZ">53.78</max_dbz>
      <mesocyclone_velocity_max units="m/s">31.631207</mesocyclone_velocity_max>
      <mesocyclone_velocity_rotational_max units="m/s">19.659237</mesocyclone_velocity_rotational_max>
      <mesocyclone_velocity_rotational_mean units="m/s">10.105964</mesocyclone_velocity_rotational_mean>
      <mesocyclone_velocity_rotational_max_closest_to_ground units="m/s">19.659237</mesocyclone_velocity_rotational_max_closest_to_ground>
      <meso_intensity>2</meso_intensity>
    </nowcast-parameters>
  </event>
  <event ID="67">
    <time time-coordinate="UTC">2021-07-08T15:00:00</time>
    <location>
      <area>
        <ellipse>
          <moving-point>
            <latitude>47.609349</latitude>
            <longitude>11.542179</longitude>
            <polar_motion>
              <speed units="km/h">0.0</speed>
            </polar_motion>
          </moving-point>
          <major_axis units="km">24.75</major_axis>
          <minor_axis units="km">24.75</minor_axis>
          <orientation units="degrees true">0</orientation>
        </ellipse>
      </area>
    </location>
    <nowcast-parameters>
      <mesocyclone_shear_mean units="m/s/km">2.925984</mesocyclone_shear_mean>
      <mesocyclone_shear_max units="m/s/km">10.905953</mesocyclone_shear_max>
      <mesocyclone_momentum_mean units="m/s/km">167.333958</mesocyclone_momentum_mean>
      <mesocyclone_momentum_max units="m/s/km">394.580778</mesocyclone_momentum_max>
      <mesocyclone_diameter units="km">24.750000</mesocyclone_diameter>
      <mesocyclone_diameter_equivalent units="km">13.638105</mesocyclone_diameter_equivalent>
      <mesocyclone_top units="km">6.637781</mesocyclone_top>
      <mesocyclone_base units="km">1.686425</mesocyclone_base>
      <mesocyclone_echotop units="km">9.304752</mesocyclone_echotop>
      <mesocyclone_vil units="kg/m*m">5.481533</mesocyclone_vil>
      <mesocyclone_shear_vectors>63</mesocyclone_shear_vectors>
      <mesocyclone_shear_features>3</mesocyclone_shear_features>
      <elevations>
        <elevation site="tur" units="&#176;">0.5</elevation>
        <elevation site="isn" units="&#176;">4.5</elevation>
        <elevation site="mem" units="&#176;">1.5</elevation>
      </elevations>
      <mean_dbz units="DBZ">28.85</mean_dbz>
      <max_dbz units="DBZ">47.64</max_dbz>
      <mesocyclone_velocity_max units="m/s">32.110989</mesocyclone_velocity_max>
      <mesocyclone_velocity_rotational_max units="m/s">15.794601</mesocyclone_velocity_rotational_max>
      <mesocyclone_velocity_rotational_mean units="m/s">9.733784</mesocyclone_velocity_rotational_mean>
      <mesocyclone_velocity_rotational_max_closest_to_ground units="m/s">14.088220</mesocyclone_velocity_rotational_max_closest_to_ground>
      <meso_intensity>3</meso_intensity>
    </nowcast-parameters>
  </event>
  <event ID="70">
    <time time-coordinate="UTC">2021-07-08T15:00:00</time>
    <location>
      <area>
        <ellipse>
          <moving-point>
            <latitude>47.448724</latitude>
            <longitude>8.656996</longitude>
            <polar_motion>
              <speed units="km/h">0.0</speed>
            </polar_motion>
          </moving-point>
          <major_axis units="km">10.25</major_axis>
          <minor_axis units="km">10.25</minor_axis>
          <orientation units="degrees true">0</orientation>
        </ellipse>
      </area>
    </location>
    <nowcast-parameters>
      <mesocyclone_shear_mean units="m/s/km">5.696835</mesocyclone_shear_mean>
      <mesocyclone_shear_max units="m/s/km">9.533230</mesocyclone_shear_max>
      <mesocyclone_momentum_mean units="m/s/km">60.775395</mesocyclone_momentum_mean>
      <mesocyclone_momentum_max units="m/s/km">219.559237</mesocyclone_momentum_max>
      <mesocyclone_diameter units="km">10.250000</mesocyclone_diameter>
      <mesocyclone_diameter_equivalent units="km">5.621357</mesocyclone_diameter_equivalent>
      <mesocyclone_top units="km">9.353596</mesocyclone_top>
      <mesocyclone_base units="km">4.083448</mesocyclone_base>
      <mesocyclone_echotop units="km">8.135953</mesocyclone_echotop>
      <mesocyclone_vil units="kg/m*m">10.880951</mesocyclone_vil>
      <mesocyclone_shear_vectors>30</mesocyclone_shear_vectors>
      <mesocyclone_shear_features>3</mesocyclone_shear_features>
      <elevations>
        <elevation site="tur" units="&#176;">1.5,2.5</elevation>
        <elevation site="mem" units="&#176;">2.5</elevation>
      </elevations>
      <mean_dbz units="DBZ">42.80</mean_dbz>
      <max_dbz units="DBZ">56.84</max_dbz>
      <mesocyclone_velocity_max units="m/s">31.349463</mesocyclone_velocity_max>
      <mesocyclone_velocity_rotational_max units="m/s">12.819011</mesocyclone_velocity_rotational_max>
      <mesocyclone_velocity_rotational_mean units="m/s">8.455497</mesocyclone_velocity_rotational_mean>
      <mesocyclone_velocity_rotational_max_closest_to_ground units="m/s">12.819011</mesocyclone_velocity_rotational_max_closest_to_ground>
      <meso_intensity>2</meso_intensity>
    </nowcast-parameters>
  </event>
  <event ID="96">
    <time time-coordinate="UTC">2021-07-08T15:00:00</time>
    <location>
      <area>
        <ellipse>
          <moving-point>
            <latitude>47.442712</latitude>
            <longitude>12.051218</longitude>
            <polar_motion>
              <speed units="km/h">0.0</speed>
            </polar_motion>
          </moving-point>
          <major_axis units="km">14.00</major_axis>
          <minor_axis units="km">14.00</minor_axis>
          <orientation units="degrees true">0</orientation>
        </ellipse>
      </area>
    </location>
    <nowcast-parameters>
      <mesocyclone_shear_mean units="m/s/km">3.628768</mesocyclone_shear_mean>
      <mesocyclone_shear_max units="m/s/km">14.670509</mesocyclone_shear_max>
      <mesocyclone_momentum_mean units="m/s/km">91.041382</mesocyclone_momentum_mean>
      <mesocyclone_momentum_max units="m/s/km">229.679714</mesocyclone_momentum_max>
      <mesocyclone_diameter units="km">14.000000</mesocyclone_diameter>
      <mesocyclone_diameter_equivalent units="km">7.513601</mesocyclone_diameter_equivalent>
      <mesocyclone_top units="km">7.229219</mesocyclone_top>
      <mesocyclone_base units="km">2.929001</mesocyclone_base>
      <mesocyclone_echotop units="km">8.668337</mesocyclone_echotop>
      <mesocyclone_vil units="kg/m*m">8.460831</mesocyclone_vil>
      <mesocyclone_shear_vectors>30</mesocyclone_shear_vectors>
      <mesocyclone_shear_features>3</mesocyclone_shear_features>
      <elevations>
        <elevation site="isn" units="&#176;">2.5,3.5,4.5</elevation>
      </elevations>
      <mean_dbz units="DBZ">35.11</mean_dbz>
      <max_dbz units="DBZ">50.28</max_dbz>
      <mesocyclone_velocity_max units="m/s">31.968271</mesocyclone_velocity_max>
      <mesocyclone_velocity_rotational_max units="m/s">15.794599</mesocyclone_velocity_rotational_max>
      <mesocyclone_velocity_rotational_mean units="m/s">8.275262</mesocyclone_velocity_rotational_mean>
      <mesocyclone_velocity_rotational_max_closest_to_ground units="m/s">15.794599</mesocyclone_velocity_rotational_max_closest_to_ground>
      <meso_intensity>3</meso_intensity>
    </nowcast-parameters>
  </event>
  <event ID="74">
    <time time-coordinate="UTC">2021-07-08T15:00:00</time>
    <location>
      <area>
        <ellipse>
          <moving-point>
            <latitude>47.365030</latitude>
            <longitude>11.889730</longitude>
            <polar_motion>
              <speed units="km/h">0.0</speed>
            </polar_motion>
          </moving-point>
          <major_axis units="km">4.32</major_axis>
          <minor_axis units="km">4.32</minor_axis>
          <orientation units="degrees true">0</orientation>
        </ellipse>
      </area>
    </location>
    <nowcast-parameters>
      <mesocyclone_shear_mean units="m/s/km">7.350497</mesocyclone_shear_mean>
      <mesocyclone_shear_max units="m/s/km">18.523189</mesocyclone_shear_max>
      <mesocyclone_momentum_mean units="m/s/km">68.845312</mesocyclone_momentum_mean>
      <mesocyclone_momentum_max units="m/s/km">133.034135</mesocyclone_momentum_max>
      <mesocyclone_diameter units="km">4.320955</mesocyclone_diameter>
      <mesocyclone_diameter_equivalent units="km">3.641146</mesocyclone_diameter_equivalent>
      <mesocyclone_top units="km">2.718913</mesocyclone_top>
      <mesocyclone_base units="km">0.020206</mesocyclone_base>
      <mesocyclone_echotop units="km">6.929109</mesocyclone_echotop>
      <mesocyclone_vil units="kg/m*m">4.559695</mesocyclone_vil>
      <mesocyclone_shear_vectors>13</mesocyclone_shear_vectors>
      <mesocyclone_shear_features>2</mesocyclone_shear_features>
      <elevations>
        <elevation site="isn" units="&#176;">0.5,1.5</elevation>
      </elevations>
      <mean_dbz units="DBZ">35.18</mean_dbz>
      <max_dbz units="DBZ">48.40</max_dbz>
      <mesocyclone_velocity_max units="m/s">31.968277</mesocyclone_velocity_max>
      <mesocyclone_velocity_rotational_max units="m/s">18.321739</mesocyclone_velocity_rotational_max>
      <mesocyclone_velocity_rotational_mean units="m/s">10.646935</mesocyclone_velocity_rotational_mean>
      <mesocyclone_velocity_rotational_max_closest_to_ground units="m/s">18.321739</mesocyclone_velocity_rotational_max_closest_to_ground>
      <meso_intensity>2</meso_intensity>
    </nowcast-parameters>
  </event>
  <event ID="94">
    <time time-coordinate="UTC">2021-07-08T15:00:00</time>
    <location>
      <area>
        <ellipse>
          <moving-point>
            <latitude>46.895313</latitude>
            <longitude>10.923431</longitude>
            <polar_motion>
              <speed units="km/h">0.0</speed>
            </polar_motion>
          </moving-point>
          <major_axis units="km">14.80</major_axis>
          <minor_axis units="km">14.80</minor_axis>
          <orientation units="degrees true">0</orientation>
        </ellipse>
      </area>
    </location>
    <nowcast-parameters>
      <mesocyclone_shear_mean units="m/s/km">5.364315</mesocyclone_shear_mean>
      <mesocyclone_shear_max units="m/s/km">8.311688</mesocyclone_shear_max>
      <mesocyclone_momentum_mean units="m/s/km">76.382634</mesocyclone_momentum_mean>
      <mesocyclone_momentum_max units="m/s/km">968.429258</mesocyclone_momentum_max>
      <mesocyclone_diameter units="km">14.798442</mesocyclone_diameter>
      <mesocyclone_diameter_equivalent units="km">5.136444</mesocyclone_diameter_equivalent>
      <mesocyclone_top units="km">8.217641</mesocyclone_top>
      <mesocyclone_base units="km">2.065046</mesocyclone_base>
      <mesocyclone_echotop units="km">6.519485</mesocyclone_echotop>
      <mesocyclone_vil units="kg/m*m">3.468151</mesocyclone_vil>
      <mesocyclone_shear_vectors>16</mesocyclone_shear_vectors>
      <mesocyclone_shear_features>4</mesocyclone_shear_features>
      <elevations>
        <elevation site="isn" units="&#176;">1.5</elevation>
        <elevation site="mem" units="&#176;">1.5,2.5,3.5</elevation>
      </elevations>
      <mean_dbz units="DBZ">32.01</mean_dbz>
      <max_dbz units="DBZ">44.18</max_dbz>
      <mesocyclone_velocity_max units="m/s">31.434904</mesocyclone_velocity_max>
      <mesocyclone_velocity_rotational_max units="m/s">20.975230</mesocyclone_velocity_rotational_max>
      <mesocyclone_velocity_rotational_mean units="m/s">7.981239</mesocyclone_velocity_rotational_mean>
      <mesocyclone_velocity_rotational_max_closest_to_ground units="m/s">20.975230</mesocyclone_velocity_rotational_max_closest_to_ground>
      <meso_intensity>4</meso_intensity>
    </nowcast-parameters>
  </event>
  <event ID="116">
    <time time-coordinate="UTC">2021-07-08T15:00:00</time>
    <location>
      <area>
        <ellipse>
          <moving-point>
            <latitude>46.630143</latitude>
            <longitude>9.716546</longitude>
            <polar_motion>
              <speed units="km/h">0.0</speed>
            </polar_motion>
          </moving-point>
          <major_axis units="km">8.25</major_axis>
          <minor_axis units="km">8.25</minor_axis>
          <orientation units="degrees true">0</orientation>
        </ellipse>
      </area>
    </location>
    <nowcast-parameters>
      <mesocyclone_shear_mean units="m/s/km">4.442718</mesocyclone_shear_mean>
      <mesocyclone_shear_max units="m/s/km">6.324388</mesocyclone_shear_max>
      <mesocyclone_momentum_mean units="m/s/km">60.297232</mesocyclone_momentum_mean>
      <mesocyclone_momentum_max units="m/s/km">174.333055</mesocyclone_momentum_max>
      <mesocyclone_diameter units="km">8.250000</mesocyclone_diameter>
      <mesocyclone_diameter_equivalent units="km">5.338361</mesocyclone_diameter_equivalent>
      <mesocyclone_top units="km">5.689044</mesocyclone_top>
      <mesocyclone_base units="km">0.642694</mesocyclone_base>
      <mesocyclone_echotop units="km">7.177377</mesocyclone_echotop>
      <mesocyclone_vil units="kg/m*m">4.892106</mesocyclone_vil>
      <mesocyclone_shear_vectors>21</mesocyclone_shear_vectors>
      <mesocyclone_shear_features>2</mesocyclone_shear_features>
      <elevations>
        <elevation site="mem" units="&#176;">0.5,1.5</elevation>
      </elevations>
      <mean_dbz units="DBZ">36.34</mean_dbz>
      <max_dbz units="DBZ">43.68</max_dbz>
      <mesocyclone_velocity_max units="m/s">31.939882</mesocyclone_velocity_max>
      <mesocyclone_velocity_rotational_max units="m/s">12.750704</mesocyclone_velocity_rotational_max>
      <mesocyclone_velocity_rotational_mean units="m/s">7.415701</mesocyclone_velocity_rotational_mean>
      <mesocyclone_velocity_rotational_max_closest_to_ground units="m/s">12.750704</mesocyclone_velocity_rotational_max_closest_to_ground>
      <meso_intensity>2</meso_intensity>
    </nowcast-parameters>
  </event>
</nowcast-data>
