<?xml version="1.0" encoding="UTF-8"?>
<nowcast-data>
  <radar-stations>ASB,BOO,ROS,HNR,UMD,PRO,ESS,FLD,DRS,NEU,NHB,OFT,eis,TUR,ISN,FBG,MEM</radar-stations>
  <event ID="27">
    <time time-coordinate="UTC">2021-07-08T08:00:00</time>
    <location>
      <area>
        <ellipse>
          <moving-point>
            <latitude>47.196256</latitude>
            <longitude>9.609314</longitude>
            <polar_motion>
              <speed units="km/h">0.0</speed>
            </polar_motion>
          </moving-point>
          <major_axis units="km">11.00</major_axis>
          <minor_axis units="km">11.00</minor_axis>
          <orientation units="degrees true">0</orientation>
        </ellipse>
      </area>
    </location>
    <nowcast-parameters>
      <mesocyclone_shear_mean units="m/s/km">4.897563</mesocyclone_shear_mean>
      <mesocyclone_shear_max units="m/s/km">17.564250</mesocyclone_shear_max>
      <mesocyclone_momentum_mean units="m/s/km">126.472025</mesocyclone_momentum_mean>
      <mesocyclone_momentum_max units="m/s/km">341.153244</mesocyclone_momentum_max>
      <mesocyclone_diameter units="km">11.000000</mesocyclone_diameter>
      <mesocyclone_diameter_equivalent units="km">5.585199</mesocyclone_diameter_equivalent>
      <mesocyclone_top units="km">9.526347</mesocyclone_top>
      <mesocyclone_base units="km">3.542195</mesocyclone_base>
      <mesocyclone_echotop units="km">8.625939</mesocyclone_echotop>
      <mesocyclone_vil units="kg/m*m">12.377438</mesocyclone_vil>
      <mesocyclone_shear_vectors>16</mesocyclone_shear_vectors>
      <mesocyclone_shear_features>4</mesocyclone_shear_features>
      <elevations>
        <elevation site="tur" units="&#176;">1.5,2.5</elevation>
        <elevation site="mem" units="&#176;">2.5,3.5</elevation>
      </elevations>
      <mean_dbz units="DBZ">39.27</mean_dbz>
      <max_dbz units="DBZ">52.31</max_dbz>
      <mesocyclone_velocity_max units="m/s">31.939877</mesocyclone_velocity_max>
      <mesocyclone_velocity_rotational_max units="m/s">20.830357</mesocyclone_velocity_rotational_max>
      <mesocyclone_velocity_rotational_mean units="m/s">10.932811</mesocyclone_velocity_rotational_mean>
      <mesocyclone_velocity_rotational_max_closest_to_ground units="m/s">20.830357</mesocyclone_velocity_rotational_max_closest_to_ground>
      <meso_intensity>3</meso_intensity>
    </nowcast-parameters>
  </event>
  <event ID="35">
    <time time-coordinate="UTC">2021-07-08T08:00:00</time>
    <location>
      <area>
        <ellipse>
          <moving-point>
            <latitude>46.449143</latitude>
            <longitude>8.630769</longitude>
            <polar_motion>
              <speed units="km/h">0.0</speed>
            </polar_motion>
          </moving-point>
          <major_axis units="km">7.00</major_axis>
          <minor_axis units="km">7.00</minor_axis>
          <orientation units="degrees true">0</orientation>
        </ellipse>
      </area>
    </location>
    <nowcast-parameters>
      <mesocyclone_shear_mean units="m/s/km">4.386919</mesocyclone_shear_mean>
      <mesocyclone_shear_max units="m/s/km">8.566177</mesocyclone_shear_max>
      <mesocyclone_momentum_mean units="m/s/km">57.537266</mesocyclone_momentum_mean>
      <mesocyclone_momentum_max units="m/s/km">227.573812</mesocyclone_momentum_max>
      <mesocyclone_diameter units="km">7.000000</mesocyclone_diameter>
      <mesocyclone_diameter_equivalent units="km">4.940055</mesocyclone_diameter_equivalent>
      <mesocyclone_top units="km">7.080359</mesocyclone_top>
      <mesocyclone_base units="km">1.509569</mesocyclone_base>
      <mesocyclone_echotop units="km">8.716424</mesocyclone_echotop>
      <mesocyclone_vil units="kg/m*m">12.978571</mesocyclone_vil>
      <mesocyclone_shear_vectors>21</mesocyclone_shear_vectors>
      <mesocyclone_shear_features>2</mesocyclone_shear_features>
      <elevations>
        <elevation site="fbg" units="&#176;">0.5,1.5</elevation>
      </elevations>
      <mean_dbz units="DBZ">43.47</mean_dbz>
      <max_dbz units="DBZ">49.38</max_dbz>
      <mesocyclone_velocity_max units="m/s">31.213142</mesocyclone_velocity_max>
      <mesocyclone_velocity_rotational_max units="m/s">12.284689</mesocyclone_velocity_rotational_max>
      <mesocyclone_velocity_rotational_mean units="m/s">7.109361</mesocyclone_velocity_rotational_mean>
      <mesocyclone_velocity_rotational_max_closest_to_ground units="m/s">12.284689</mesocyclone_velocity_rotational_max_closest_to_ground>
      <meso_intensity>2</meso_intensity>
    </nowcast-parameters>
  </event>
</nowcast-data>
