<?xml version="1.0" encoding="UTF-8"?>
<nowcast-data>
  <radar-stations>ASB,BOO,ROS,HNR,UMD,PRO,ESS,FLD,DRS,NEU,NHB,OFT,EIS,TUR,ISN,FBG,MEM</radar-stations>
  <event ID="18">
    <time time-coordinate="UTC">2021-07-08T09:45:00</time>
    <location>
      <area>
        <ellipse>
          <moving-point>
            <latitude>49.372753</latitude>
            <longitude>11.776545</longitude>
            <polar_motion>
              <speed units="km/h">0.0</speed>
            </polar_motion>
          </moving-point>
          <major_axis units="km">8.30</major_axis>
          <minor_axis units="km">8.30</minor_axis>
          <orientation units="degrees true">0</orientation>
        </ellipse>
      </area>
    </location>
    <nowcast-parameters>
      <mesocyclone_shear_mean units="m/s/km">4.606947</mesocyclone_shear_mean>
      <mesocyclone_shear_max units="m/s/km">11.523054</mesocyclone_shear_max>
      <mesocyclone_momentum_mean units="m/s/km">70.750297</mesocyclone_momentum_mean>
      <mesocyclone_momentum_max units="m/s/km">265.814025</mesocyclone_momentum_max>
      <mesocyclone_diameter units="km">8.296420</mesocyclone_diameter>
      <mesocyclone_diameter_equivalent units="km">5.305161</mesocyclone_diameter_equivalent>
      <mesocyclone_top units="km">8.398355</mesocyclone_top>
      <mesocyclone_base units="km">1.472064</mesocyclone_base>
      <mesocyclone_echotop units="km">9.653682</mesocyclone_echotop>
      <mesocyclone_vil units="kg/m*m">31.620494</mesocyclone_vil>
      <mesocyclone_shear_vectors>11</mesocyclone_shear_vectors>
      <mesocyclone_shear_features>4</mesocyclone_shear_features>
      <elevations>
        <elevation site="eis" units="&#176;">1.5,2.5</elevation>
        <elevation site="isn" units="&#176;">1.5,2.5</elevation>
      </elevations>
      <mean_dbz units="DBZ">45.17</mean_dbz>
      <max_dbz units="DBZ">64.36</max_dbz>
      <mesocyclone_velocity_max units="m/s">30.199280</mesocyclone_velocity_max>
      <mesocyclone_velocity_rotational_max units="m/s">27.672140</mesocyclone_velocity_rotational_max>
      <mesocyclone_velocity_rotational_mean units="m/s">7.943313</mesocyclone_velocity_rotational_mean>
      <mesocyclone_velocity_rotational_max_closest_to_ground units="m/s">6.553080</mesocyclone_velocity_rotational_max_closest_to_ground>
      <meso_intensity>4</meso_intensity>
    </nowcast-parameters>
  </event>
  <event ID="30">
    <time time-coordinate="UTC">2021-07-08T09:45:00</time>
    <location>
      <area>
        <ellipse>
          <moving-point>
            <latitude>47.537505</latitude>
            <longitude>9.725817</longitude>
            <polar_motion>
              <speed units="km/h">0.0</speed>
            </polar_motion>
          </moving-point>
          <major_axis units="km">13.50</major_axis>
          <minor_axis units="km">13.50</minor_axis>
          <orientation units="degrees true">0</orientation>
        </ellipse>
      </area>
    </location>
    <nowcast-parameters>
      <mesocyclone_shear_mean units="m/s/km">2.691784</mesocyclone_shear_mean>
      <mesocyclone_shear_max units="m/s/km">6.259786</mesocyclone_shear_max>
      <mesocyclone_momentum_mean units="m/s/km">119.668834</mesocyclone_momentum_mean>
      <mesocyclone_momentum_max units="m/s/km">432.259098</mesocyclone_momentum_max>
      <mesocyclone_diameter units="km">13.500000</mesocyclone_diameter>
      <mesocyclone_diameter_equivalent units="km">6.718423</mesocyclone_diameter_equivalent>
      <mesocyclone_top units="km">6.507880</mesocyclone_top>
      <mesocyclone_base units="km">4.500961</mesocyclone_base>
      <mesocyclone_echotop units="km">8.126025</mesocyclone_echotop>
      <mesocyclone_vil units="kg/m*m">8.738320</mesocyclone_vil>
      <mesocyclone_shear_vectors>20</mesocyclone_shear_vectors>
      <mesocyclone_shear_features>4</mesocyclone_shear_features>
      <elevations>
        <elevation site="tur" units="&#176;">2.5</elevation>
        <elevation site="mem" units="&#176;">3.5,4.5,5.5</elevation>
      </elevations>
      <mean_dbz units="DBZ">36.40</mean_dbz>
      <max_dbz units="DBZ">53.08</max_dbz>
      <mesocyclone_velocity_max units="m/s">31.434902</mesocyclone_velocity_max>
      <mesocyclone_velocity_rotational_max units="m/s">13.707457</mesocyclone_velocity_rotational_max>
      <mesocyclone_velocity_rotational_mean units="m/s">8.193416</mesocyclone_velocity_rotational_mean>
      <mesocyclone_velocity_rotational_max_closest_to_ground units="m/s">8.963367</mesocyclone_velocity_rotational_max_closest_to_ground>
      <meso_intensity>2</meso_intensity>
    </nowcast-parameters>
  </event>
  <event ID="27">
    <time time-coordinate="UTC">2021-07-08T09:45:00</time>
    <location>
      <area>
        <ellipse>
          <moving-point>
            <latitude>47.031618</latitude>
            <longitude>9.495080</longitude>
            <polar_motion>
              <speed units="km/h">0.0</speed>
            </polar_motion>
          </moving-point>
          <major_axis units="km">12.25</major_axis>
          <minor_axis units="km">12.25</minor_axis>
          <orientation units="degrees true">0</orientation>
        </ellipse>
      </area>
    </location>
    <nowcast-parameters>
      <mesocyclone_shear_mean units="m/s/km">3.800881</mesocyclone_shear_mean>
      <mesocyclone_shear_max units="m/s/km">7.877785</mesocyclone_shear_max>
      <mesocyclone_momentum_mean units="m/s/km">86.947446</mesocyclone_momentum_mean>
      <mesocyclone_momentum_max units="m/s/km">332.325594</mesocyclone_momentum_max>
      <mesocyclone_diameter units="km">12.250000</mesocyclone_diameter>
      <mesocyclone_diameter_equivalent units="km">5.032469</mesocyclone_diameter_equivalent>
      <mesocyclone_top units="km">7.827408</mesocyclone_top>
      <mesocyclone_base units="km">2.019155</mesocyclone_base>
      <mesocyclone_echotop units="km">9.890315</mesocyclone_echotop>
      <mesocyclone_vil units="kg/m*m">8.181871</mesocyclone_vil>
      <mesocyclone_shear_vectors>19</mesocyclone_shear_vectors>
      <mesocyclone_shear_features>3</mesocyclone_shear_features>
      <elevations>
        <elevation site="tur" units="&#176;">0.5,1.5</elevation>
        <elevation site="mem" units="&#176;">2.5</elevation>
      </elevations>
      <mean_dbz units="DBZ">36.09</mean_dbz>
      <max_dbz units="DBZ">50.87</max_dbz>
      <mesocyclone_velocity_max units="m/s">31.857147</mesocyclone_velocity_max>
      <mesocyclone_velocity_rotational_max units="m/s">18.305465</mesocyclone_velocity_rotational_max>
      <mesocyclone_velocity_rotational_mean units="m/s">8.041202</mesocyclone_velocity_rotational_mean>
      <mesocyclone_velocity_rotational_max_closest_to_ground units="m/s">11.549802</mesocyclone_velocity_rotational_max_closest_to_ground>
      <meso_intensity>3</meso_intensity>
    </nowcast-parameters>
  </event>
  <event ID="56">
    <time time-coordinate="UTC">2021-07-08T09:45:00</time>
    <location>
      <area>
        <ellipse>
          <moving-point>
            <latitude>46.839608</latitude>
            <longitude>9.467260</longitude>
            <polar_motion>
              <speed units="km/h">0.0</speed>
            </polar_motion>
          </moving-point>
          <major_axis units="km">20.75</major_axis>
          <minor_axis units="km">20.75</minor_axis>
          <orientation units="degrees true">0</orientation>
        </ellipse>
      </area>
    </location>
    <nowcast-parameters>
      <mesocyclone_shear_mean units="m/s/km">4.901677</mesocyclone_shear_mean>
      <mesocyclone_shear_max units="m/s/km">12.701673</mesocyclone_shear_max>
      <mesocyclone_momentum_mean units="m/s/km">177.185276</mesocyclone_momentum_mean>
      <mesocyclone_momentum_max units="m/s/km">1524.406661</mesocyclone_momentum_max>
      <mesocyclone_diameter units="km">20.750000</mesocyclone_diameter>
      <mesocyclone_diameter_equivalent units="km">9.227091</mesocyclone_diameter_equivalent>
      <mesocyclone_top units="km">8.475279</mesocyclone_top>
      <mesocyclone_base units="km">2.684827</mesocyclone_base>
      <mesocyclone_echotop units="km">7.469336</mesocyclone_echotop>
      <mesocyclone_vil units="kg/m*m">13.692828</mesocyclone_vil>
      <mesocyclone_shear_vectors>44</mesocyclone_shear_vectors>
      <mesocyclone_shear_features>2</mesocyclone_shear_features>
      <elevations>
        <elevation site="mem" units="&#176;">1.5,2.5</elevation>
      </elevations>
      <mean_dbz units="DBZ">40.61</mean_dbz>
      <max_dbz units="DBZ">52.10</max_dbz>
      <mesocyclone_velocity_max units="m/s">31.687393</mesocyclone_velocity_max>
      <mesocyclone_velocity_rotational_max units="m/s">39.009578</mesocyclone_velocity_rotational_max>
      <mesocyclone_velocity_rotational_mean units="m/s">11.655774</mesocyclone_velocity_rotational_mean>
      <mesocyclone_velocity_rotational_max_closest_to_ground units="m/s">39.009578</mesocyclone_velocity_rotational_max_closest_to_ground>
      <meso_intensity>3</meso_intensity>
    </nowcast-parameters>
  </event>
</nowcast-data>
