<?xml version="1.0" encoding="UTF-8"?>
<nowcast-data>
  <radar-stations>ASB,BOO,ROS,HNR,UMD,PRO,ESS,FLD,DRS,NEU,NHB,OFT,EIS,TUR,ISN,FBG,MEM</radar-stations>
  <event ID="49">
    <time time-coordinate="UTC">2021-07-08T09:20:00</time>
    <location>
      <area>
        <ellipse>
          <moving-point>
            <latitude>48.301449</latitude>
            <longitude>8.486709</longitude>
            <polar_motion>
              <speed units="km/h">0.0</speed>
            </polar_motion>
          </moving-point>
          <major_axis units="km">7.75</major_axis>
          <minor_axis units="km">7.75</minor_axis>
          <orientation units="degrees true">0</orientation>
        </ellipse>
      </area>
    </location>
    <nowcast-parameters>
      <mesocyclone_shear_mean units="m/s/km">3.315352</mesocyclone_shear_mean>
      <mesocyclone_shear_max units="m/s/km">4.647872</mesocyclone_shear_max>
      <mesocyclone_momentum_mean units="m/s/km">72.719932</mesocyclone_momentum_mean>
      <mesocyclone_momentum_max units="m/s/km">167.506239</mesocyclone_momentum_max>
      <mesocyclone_diameter units="km">7.750000</mesocyclone_diameter>
      <mesocyclone_diameter_equivalent units="km">4.604390</mesocyclone_diameter_equivalent>
      <mesocyclone_top units="km">7.248142</mesocyclone_top>
      <mesocyclone_base units="km">4.128676</mesocyclone_base>
      <mesocyclone_echotop units="km">8.880646</mesocyclone_echotop>
      <mesocyclone_vil units="kg/m*m">9.465136</mesocyclone_vil>
      <mesocyclone_shear_vectors>15</mesocyclone_shear_vectors>
      <mesocyclone_shear_features>3</mesocyclone_shear_features>
      <elevations>
        <elevation site="fbg" units="&#176;">3.5,4.5,5.5</elevation>
      </elevations>
      <mean_dbz units="DBZ">38.94</mean_dbz>
      <max_dbz units="DBZ">54.24</max_dbz>
      <mesocyclone_velocity_max units="m/s">25.948273</mesocyclone_velocity_max>
      <mesocyclone_velocity_rotational_max units="m/s">11.908628</mesocyclone_velocity_rotational_max>
      <mesocyclone_velocity_rotational_mean units="m/s">7.353000</mesocyclone_velocity_rotational_mean>
      <mesocyclone_velocity_rotational_max_closest_to_ground units="m/s">8.900131</mesocyclone_velocity_rotational_max_closest_to_ground>
      <meso_intensity>1</meso_intensity>
    </nowcast-parameters>
  </event>
  <event ID="26">
    <time time-coordinate="UTC">2021-07-08T09:20:00</time>
    <location>
      <area>
        <ellipse>
          <moving-point>
            <latitude>47.485121</latitude>
            <longitude>9.562995</longitude>
            <polar_motion>
              <speed units="km/h">0.0</speed>
            </polar_motion>
          </moving-point>
          <major_axis units="km">12.00</major_axis>
          <minor_axis units="km">12.00</minor_axis>
          <orientation units="degrees true">0</orientation>
        </ellipse>
      </area>
    </location>
    <nowcast-parameters>
      <mesocyclone_shear_mean units="m/s/km">4.551155</mesocyclone_shear_mean>
      <mesocyclone_shear_max units="m/s/km">14.542013</mesocyclone_shear_max>
      <mesocyclone_momentum_mean units="m/s/km">93.355422</mesocyclone_momentum_mean>
      <mesocyclone_momentum_max units="m/s/km">390.444425</mesocyclone_momentum_max>
      <mesocyclone_diameter units="km">12.000000</mesocyclone_diameter>
      <mesocyclone_diameter_equivalent units="km">7.243614</mesocyclone_diameter_equivalent>
      <mesocyclone_top units="km">7.642585</mesocyclone_top>
      <mesocyclone_base units="km">3.428870</mesocyclone_base>
      <mesocyclone_echotop units="km">9.519265</mesocyclone_echotop>
      <mesocyclone_vil units="kg/m*m">6.158375</mesocyclone_vil>
      <mesocyclone_shear_vectors>22</mesocyclone_shear_vectors>
      <mesocyclone_shear_features>3</mesocyclone_shear_features>
      <elevations>
        <elevation site="tur" units="&#176;">1.5</elevation>
        <elevation site="mem" units="&#176;">2.5,4.5</elevation>
      </elevations>
      <mean_dbz units="DBZ">31.45</mean_dbz>
      <max_dbz units="DBZ">49.50</max_dbz>
      <mesocyclone_velocity_max units="m/s">30.080254</mesocyclone_velocity_max>
      <mesocyclone_velocity_rotational_max units="m/s">28.937964</mesocyclone_velocity_rotational_max>
      <mesocyclone_velocity_rotational_mean units="m/s">8.881087</mesocyclone_velocity_rotational_mean>
      <mesocyclone_velocity_rotational_max_closest_to_ground units="m/s">28.937964</mesocyclone_velocity_rotational_max_closest_to_ground>
      <meso_intensity>3</meso_intensity>
    </nowcast-parameters>
  </event>
  <event ID="45">
    <time time-coordinate="UTC">2021-07-08T09:20:00</time>
    <location>
      <area>
        <ellipse>
          <moving-point>
            <latitude>46.686282</latitude>
            <longitude>9.294048</longitude>
            <polar_motion>
              <speed units="km/h">0.0</speed>
            </polar_motion>
          </moving-point>
          <major_axis units="km">11.75</major_axis>
          <minor_axis units="km">11.75</minor_axis>
          <orientation units="degrees true">0</orientation>
        </ellipse>
      </area>
    </location>
    <nowcast-parameters>
      <mesocyclone_shear_mean units="m/s/km">4.204353</mesocyclone_shear_mean>
      <mesocyclone_shear_max units="m/s/km">6.653798</mesocyclone_shear_max>
      <mesocyclone_momentum_mean units="m/s/km">60.094232</mesocyclone_momentum_mean>
      <mesocyclone_momentum_max units="m/s/km">307.563502</mesocyclone_momentum_max>
      <mesocyclone_diameter units="km">11.750000</mesocyclone_diameter>
      <mesocyclone_diameter_equivalent units="km">5.836439</mesocyclone_diameter_equivalent>
      <mesocyclone_top units="km">8.949444</mesocyclone_top>
      <mesocyclone_base units="km">0.651312</mesocyclone_base>
      <mesocyclone_echotop units="km">7.704743</mesocyclone_echotop>
      <mesocyclone_vil units="kg/m*m">7.436097</mesocyclone_vil>
      <mesocyclone_shear_vectors>22</mesocyclone_shear_vectors>
      <mesocyclone_shear_features>4</mesocyclone_shear_features>
      <elevations>
        <elevation site="fbg" units="&#176;">1.5</elevation>
        <elevation site="mem" units="&#176;">0.5,1.5,2.5</elevation>
      </elevations>
      <mean_dbz units="DBZ">39.17</mean_dbz>
      <max_dbz units="DBZ">48.71</max_dbz>
      <mesocyclone_velocity_max units="m/s">31.434904</mesocyclone_velocity_max>
      <mesocyclone_velocity_rotational_max units="m/s">13.129436</mesocyclone_velocity_rotational_max>
      <mesocyclone_velocity_rotational_mean units="m/s">7.078891</mesocyclone_velocity_rotational_mean>
      <mesocyclone_velocity_rotational_max_closest_to_ground units="m/s">9.468344</mesocyclone_velocity_rotational_max_closest_to_ground>
      <meso_intensity>2</meso_intensity>
    </nowcast-parameters>
  </event>
</nowcast-data>
