<?xml version="1.0" encoding="UTF-8"?>
<nowcast-data>
  <radar-stations>ASB,BOO,ROS,HNR,UMD,PRO,ESS,FLD,DRS,NEU,NHB,OFT,EIS,TUR,ISN,FBG,MEM</radar-stations>
  <event ID="8">
    <time time-coordinate="UTC">2021-07-08T15:25:00</time>
    <location>
      <area>
        <ellipse>
          <moving-point>
            <latitude>53.788206</latitude>
            <longitude>10.605355</longitude>
            <polar_motion>
              <speed units="km/h">0.0</speed>
            </polar_motion>
          </moving-point>
          <major_axis units="km">10.50</major_axis>
          <minor_axis units="km">10.50</minor_axis>
          <orientation units="degrees true">0</orientation>
        </ellipse>
      </area>
    </location>
    <nowcast-parameters>
      <mesocyclone_shear_mean units="m/s/km">5.902603</mesocyclone_shear_mean>
      <mesocyclone_shear_max units="m/s/km">12.848654</mesocyclone_shear_max>
      <mesocyclone_momentum_mean units="m/s/km">59.134168</mesocyclone_momentum_mean>
      <mesocyclone_momentum_max units="m/s/km">170.694374</mesocyclone_momentum_max>
      <mesocyclone_diameter units="km">10.500000</mesocyclone_diameter>
      <mesocyclone_diameter_equivalent units="km">5.759094</mesocyclone_diameter_equivalent>
      <mesocyclone_top units="km">7.142503</mesocyclone_top>
      <mesocyclone_base units="km">1.562888</mesocyclone_base>
      <mesocyclone_echotop units="km">7.414106</mesocyclone_echotop>
      <mesocyclone_vil units="kg/m*m">29.255215</mesocyclone_vil>
      <mesocyclone_shear_vectors>28</mesocyclone_shear_vectors>
      <mesocyclone_shear_features>3</mesocyclone_shear_features>
      <elevations>
        <elevation site="ros" units="&#176;">1.5</elevation>
        <elevation site="hnr" units="&#176;">0.5,1.5</elevation>
      </elevations>
      <mean_dbz units="DBZ">44.95</mean_dbz>
      <max_dbz units="DBZ">64.75</max_dbz>
      <mesocyclone_velocity_max units="m/s">22.053627</mesocyclone_velocity_max>
      <mesocyclone_velocity_rotational_max units="m/s">12.350033</mesocyclone_velocity_rotational_max>
      <mesocyclone_velocity_rotational_mean units="m/s">8.466836</mesocyclone_velocity_rotational_mean>
      <mesocyclone_velocity_rotational_max_closest_to_ground units="m/s">10.459723</mesocyclone_velocity_rotational_max_closest_to_ground>
      <meso_intensity>3</meso_intensity>
    </nowcast-parameters>
  </event>
  <event ID="34">
    <time time-coordinate="UTC">2021-07-08T15:25:00</time>
    <location>
      <area>
        <ellipse>
          <moving-point>
            <latitude>49.697254</latitude>
            <longitude>12.673103</longitude>
            <polar_motion>
              <speed units="km/h">0.0</speed>
            </polar_motion>
          </moving-point>
          <major_axis units="km">8.78</major_axis>
          <minor_axis units="km">8.78</minor_axis>
          <orientation units="degrees true">0</orientation>
        </ellipse>
      </area>
    </location>
    <nowcast-parameters>
      <mesocyclone_shear_mean units="m/s/km">4.850349</mesocyclone_shear_mean>
      <mesocyclone_shear_max units="m/s/km">7.037800</mesocyclone_shear_max>
      <mesocyclone_momentum_mean units="m/s/km">129.374068</mesocyclone_momentum_mean>
      <mesocyclone_momentum_max units="m/s/km">729.884838</mesocyclone_momentum_max>
      <mesocyclone_diameter units="km">8.776466</mesocyclone_diameter>
      <mesocyclone_diameter_equivalent units="km">4.953738</mesocyclone_diameter_equivalent>
      <mesocyclone_top units="km">4.988386</mesocyclone_top>
      <mesocyclone_base units="km">1.494906</mesocyclone_base>
      <mesocyclone_echotop units="km">5.209438</mesocyclone_echotop>
      <mesocyclone_vil units="kg/m*m">6.433688</mesocyclone_vil>
      <mesocyclone_shear_vectors>14</mesocyclone_shear_vectors>
      <mesocyclone_shear_features>2</mesocyclone_shear_features>
      <elevations>
        <elevation site="drs" units="&#176;">0.5</elevation>
        <elevation site="isn" units="&#176;">0.5</elevation>
      </elevations>
      <mean_dbz units="DBZ">32.44</mean_dbz>
      <max_dbz units="DBZ">52.72</max_dbz>
      <mesocyclone_velocity_max units="m/s">30.957420</mesocyclone_velocity_max>
      <mesocyclone_velocity_rotational_max units="m/s">29.314780</mesocyclone_velocity_rotational_max>
      <mesocyclone_velocity_rotational_mean units="m/s">10.802822</mesocyclone_velocity_rotational_mean>
      <mesocyclone_velocity_rotational_max_closest_to_ground units="m/s">11.215845</mesocyclone_velocity_rotational_max_closest_to_ground>
      <meso_intensity>2</meso_intensity>
    </nowcast-parameters>
  </event>
  <event ID="33">
    <time time-coordinate="UTC">2021-07-08T15:25:00</time>
    <location>
      <area>
        <ellipse>
          <moving-point>
            <latitude>49.519520</latitude>
            <longitude>13.429440</longitude>
            <polar_motion>
              <speed units="km/h">0.0</speed>
            </polar_motion>
          </moving-point>
          <major_axis units="km">11.50</major_axis>
          <minor_axis units="km">11.50</minor_axis>
          <orientation units="degrees true">0</orientation>
        </ellipse>
      </area>
    </location>
    <nowcast-parameters>
      <mesocyclone_shear_mean units="m/s/km">4.647792</mesocyclone_shear_mean>
      <mesocyclone_shear_max units="m/s/km">9.577916</mesocyclone_shear_max>
      <mesocyclone_momentum_mean units="m/s/km">120.238401</mesocyclone_momentum_mean>
      <mesocyclone_momentum_max units="m/s/km">747.144314</mesocyclone_momentum_max>
      <mesocyclone_diameter units="km">11.500000</mesocyclone_diameter>
      <mesocyclone_diameter_equivalent units="km">7.468543</mesocyclone_diameter_equivalent>
      <mesocyclone_top units="km">10.726385</mesocyclone_top>
      <mesocyclone_base units="km">0.576053</mesocyclone_base>
      <mesocyclone_echotop units="km">12.610039</mesocyclone_echotop>
      <mesocyclone_vil units="kg/m*m">49.183594</mesocyclone_vil>
      <mesocyclone_shear_vectors>38</mesocyclone_shear_vectors>
      <mesocyclone_shear_features>4</mesocyclone_shear_features>
      <elevations>
        <elevation site="drs" units="&#176;">0.5,2.5</elevation>
        <elevation site="eis" units="&#176;">0.5</elevation>
        <elevation site="isn" units="&#176;">0.5</elevation>
      </elevations>
      <mean_dbz units="DBZ">46.78</mean_dbz>
      <max_dbz units="DBZ">64.35</max_dbz>
      <mesocyclone_velocity_max units="m/s">31.883251</mesocyclone_velocity_max>
      <mesocyclone_velocity_rotational_max units="m/s">29.314778</mesocyclone_velocity_rotational_max>
      <mesocyclone_velocity_rotational_mean units="m/s">9.783501</mesocyclone_velocity_rotational_mean>
      <mesocyclone_velocity_rotational_max_closest_to_ground units="m/s">11.971972</mesocyclone_velocity_rotational_max_closest_to_ground>
      <meso_intensity>5</meso_intensity>
    </nowcast-parameters>
  </event>
  <event ID="80">
    <time time-coordinate="UTC">2021-07-08T15:25:00</time>
    <location>
      <area>
        <ellipse>
          <moving-point>
            <latitude>49.335346</latitude>
            <longitude>13.714067</longitude>
            <polar_motion>
              <speed units="km/h">0.0</speed>
            </polar_motion>
          </moving-point>
          <major_axis units="km">9.00</major_axis>
          <minor_axis units="km">9.00</minor_axis>
          <orientation units="degrees true">0</orientation>
        </ellipse>
      </area>
    </location>
    <nowcast-parameters>
      <mesocyclone_shear_mean units="m/s/km">4.140930</mesocyclone_shear_mean>
      <mesocyclone_shear_max units="m/s/km">7.410135</mesocyclone_shear_max>
      <mesocyclone_momentum_mean units="m/s/km">118.424542</mesocyclone_momentum_mean>
      <mesocyclone_momentum_max units="m/s/km">348.144597</mesocyclone_momentum_max>
      <mesocyclone_diameter units="km">9.000000</mesocyclone_diameter>
      <mesocyclone_diameter_equivalent units="km">5.576848</mesocyclone_diameter_equivalent>
      <mesocyclone_top units="km">11.289434</mesocyclone_top>
      <mesocyclone_base units="km">2.017028</mesocyclone_base>
      <mesocyclone_echotop units="km">9.758454</mesocyclone_echotop>
      <mesocyclone_vil units="kg/m*m">10.148881</mesocyclone_vil>
      <mesocyclone_shear_vectors>15</mesocyclone_shear_vectors>
      <mesocyclone_shear_features>2</mesocyclone_shear_features>
      <elevations>
        <elevation site="isn" units="&#176;">0.5,2.5</elevation>
      </elevations>
      <mean_dbz units="DBZ">35.89</mean_dbz>
      <max_dbz units="DBZ">53.00</max_dbz>
      <mesocyclone_velocity_max units="m/s">31.210133</mesocyclone_velocity_max>
      <mesocyclone_velocity_rotational_max units="m/s">21.733370</mesocyclone_velocity_rotational_max>
      <mesocyclone_velocity_rotational_mean units="m/s">10.141507</mesocyclone_velocity_rotational_mean>
      <mesocyclone_velocity_rotational_max_closest_to_ground units="m/s">7.075981</mesocyclone_velocity_rotational_max_closest_to_ground>
      <meso_intensity>4</meso_intensity>
    </nowcast-parameters>
  </event>
  <event ID="51">
    <time time-coordinate="UTC">2021-07-08T15:25:00</time>
    <location>
      <area>
        <ellipse>
          <moving-point>
            <latitude>48.787672</latitude>
            <longitude>13.571544</longitude>
            <polar_motion>
              <speed units="km/h">0.0</speed>
            </polar_motion>
          </moving-point>
          <major_axis units="km">12.00</major_axis>
          <minor_axis units="km">12.00</minor_axis>
          <orientation units="degrees true">0</orientation>
        </ellipse>
      </area>
    </location>
    <nowcast-parameters>
      <mesocyclone_shear_mean units="m/s/km">5.606276</mesocyclone_shear_mean>
      <mesocyclone_shear_max units="m/s/km">12.644753</mesocyclone_shear_max>
      <mesocyclone_momentum_mean units="m/s/km">81.570669</mesocyclone_momentum_mean>
      <mesocyclone_momentum_max units="m/s/km">243.147782</mesocyclone_momentum_max>
      <mesocyclone_diameter units="km">12.000000</mesocyclone_diameter>
      <mesocyclone_diameter_equivalent units="km">7.323751</mesocyclone_diameter_equivalent>
      <mesocyclone_top units="km">9.311993</mesocyclone_top>
      <mesocyclone_base units="km">0.874337</mesocyclone_base>
      <mesocyclone_echotop units="km">11.582371</mesocyclone_echotop>
      <mesocyclone_vil units="kg/m*m">64.253958</mesocyclone_vil>
      <mesocyclone_shear_vectors>35</mesocyclone_shear_vectors>
      <mesocyclone_shear_features>4</mesocyclone_shear_features>
      <elevations>
        <elevation site="eis" units="&#176;">0.5,1.5</elevation>
        <elevation site="isn" units="&#176;">0.5,3.5</elevation>
      </elevations>
      <mean_dbz units="DBZ">51.31</mean_dbz>
      <max_dbz units="DBZ">67.13</max_dbz>
      <mesocyclone_velocity_max units="m/s">31.462845</mesocyclone_velocity_max>
      <mesocyclone_velocity_rotational_max units="m/s">17.264842</mesocyclone_velocity_rotational_max>
      <mesocyclone_velocity_rotational_mean units="m/s">9.220706</mesocyclone_velocity_rotational_mean>
      <mesocyclone_velocity_rotational_max_closest_to_ground units="m/s">17.264842</mesocyclone_velocity_rotational_max_closest_to_ground>
      <meso_intensity>3</meso_intensity>
    </nowcast-parameters>
  </event>
  <event ID="71">
    <time time-coordinate="UTC">2021-07-08T15:25:00</time>
    <location>
      <area>
        <ellipse>
          <moving-point>
            <latitude>48.082789</latitude>
            <longitude>9.014900</longitude>
            <polar_motion>
              <speed units="km/h">0.0</speed>
            </polar_motion>
          </moving-point>
          <major_axis units="km">9.44</major_axis>
          <minor_axis units="km">9.44</minor_axis>
          <orientation units="degrees true">0</orientation>
        </ellipse>
      </area>
    </location>
    <nowcast-parameters>
      <mesocyclone_shear_mean units="m/s/km">2.745432</mesocyclone_shear_mean>
      <mesocyclone_shear_max units="m/s/km">17.513674</mesocyclone_shear_max>
      <mesocyclone_momentum_mean units="m/s/km">143.267124</mesocyclone_momentum_mean>
      <mesocyclone_momentum_max units="m/s/km">251.352787</mesocyclone_momentum_max>
      <mesocyclone_diameter units="km">9.440383</mesocyclone_diameter>
      <mesocyclone_diameter_equivalent units="km">6.186779</mesocyclone_diameter_equivalent>
      <mesocyclone_top units="km">7.132325</mesocyclone_top>
      <mesocyclone_base units="km">4.621179</mesocyclone_base>
      <mesocyclone_echotop units="km">7.226439</mesocyclone_echotop>
      <mesocyclone_vil units="kg/m*m">22.761043</mesocyclone_vil>
      <mesocyclone_shear_vectors>14</mesocyclone_shear_vectors>
      <mesocyclone_shear_features>2</mesocyclone_shear_features>
      <elevations>
        <elevation site="tur" units="&#176;">3.5,4.5</elevation>
      </elevations>
      <mean_dbz units="DBZ">37.68</mean_dbz>
      <max_dbz units="DBZ">59.16</max_dbz>
      <mesocyclone_velocity_max units="m/s">25.003414</mesocyclone_velocity_max>
      <mesocyclone_velocity_rotational_max units="m/s">12.184407</mesocyclone_velocity_rotational_max>
      <mesocyclone_velocity_rotational_mean units="m/s">8.658212</mesocyclone_velocity_rotational_mean>
      <mesocyclone_velocity_rotational_max_closest_to_ground units="m/s">9.645988</mesocyclone_velocity_rotational_max_closest_to_ground>
      <meso_intensity>2</meso_intensity>
    </nowcast-parameters>
  </event>
  <event ID="63">
    <time time-coordinate="UTC">2021-07-08T15:25:00</time>
    <location>
      <area>
        <ellipse>
          <moving-point>
            <latitude>47.657363</latitude>
            <longitude>11.606842</longitude>
            <polar_motion>
              <speed units="km/h">0.0</speed>
            </polar_motion>
          </moving-point>
          <major_axis units="km">16.75</major_axis>
          <minor_axis units="km">16.75</minor_axis>
          <orientation units="degrees true">0</orientation>
        </ellipse>
      </area>
    </location>
    <nowcast-parameters>
      <mesocyclone_shear_mean units="m/s/km">3.577672</mesocyclone_shear_mean>
      <mesocyclone_shear_max units="m/s/km">7.895910</mesocyclone_shear_max>
      <mesocyclone_momentum_mean units="m/s/km">118.207064</mesocyclone_momentum_mean>
      <mesocyclone_momentum_max units="m/s/km">207.472149</mesocyclone_momentum_max>
      <mesocyclone_diameter units="km">16.750000</mesocyclone_diameter>
      <mesocyclone_diameter_equivalent units="km">7.873254</mesocyclone_diameter_equivalent>
      <mesocyclone_top units="km">7.116807</mesocyclone_top>
      <mesocyclone_base units="km">1.448559</mesocyclone_base>
      <mesocyclone_echotop units="km">8.881387</mesocyclone_echotop>
      <mesocyclone_vil units="kg/m*m">9.275076</mesocyclone_vil>
      <mesocyclone_shear_vectors>24</mesocyclone_shear_vectors>
      <mesocyclone_shear_features>3</mesocyclone_shear_features>
      <elevations>
        <elevation site="tur" units="&#176;">0.5,1.5</elevation>
        <elevation site="isn" units="&#176;">2.5</elevation>
      </elevations>
      <mean_dbz units="DBZ">33.60</mean_dbz>
      <max_dbz units="DBZ">54.31</max_dbz>
      <mesocyclone_velocity_max units="m/s">28.811045</mesocyclone_velocity_max>
      <mesocyclone_velocity_rotational_max units="m/s">15.036461</mesocyclone_velocity_rotational_max>
      <mesocyclone_velocity_rotational_mean units="m/s">9.107656</mesocyclone_velocity_rotational_mean>
      <mesocyclone_velocity_rotational_max_closest_to_ground units="m/s">11.549802</mesocyclone_velocity_rotational_max_closest_to_ground>
      <meso_intensity>3</meso_intensity>
    </nowcast-parameters>
  </event>
  <event ID="81">
    <time time-coordinate="UTC">2021-07-08T15:25:00</time>
    <location>
      <area>
        <ellipse>
          <moving-point>
            <latitude>47.566575</latitude>
            <longitude>12.189105</longitude>
            <polar_motion>
              <speed units="km/h">0.0</speed>
            </polar_motion>
          </moving-point>
          <major_axis units="km">11.75</major_axis>
          <minor_axis units="km">11.75</minor_axis>
          <orientation units="degrees true">0</orientation>
        </ellipse>
      </area>
    </location>
    <nowcast-parameters>
      <mesocyclone_shear_mean units="m/s/km">3.782889</mesocyclone_shear_mean>
      <mesocyclone_shear_max units="m/s/km">8.587651</mesocyclone_shear_max>
      <mesocyclone_momentum_mean units="m/s/km">99.576450</mesocyclone_momentum_mean>
      <mesocyclone_momentum_max units="m/s/km">653.107921</mesocyclone_momentum_max>
      <mesocyclone_diameter units="km">11.750000</mesocyclone_diameter>
      <mesocyclone_diameter_equivalent units="km">7.184704</mesocyclone_diameter_equivalent>
      <mesocyclone_top units="km">6.961645</mesocyclone_top>
      <mesocyclone_base units="km">1.330836</mesocyclone_base>
      <mesocyclone_echotop units="km">8.714440</mesocyclone_echotop>
      <mesocyclone_vil units="kg/m*m">28.646940</mesocyclone_vil>
      <mesocyclone_shear_vectors>27</mesocyclone_shear_vectors>
      <mesocyclone_shear_features>7</mesocyclone_shear_features>
      <elevations>
        <elevation site="isn" units="&#176;">1.5,2.5,3.5,4.5,5.5</elevation>
        <elevation site="mem" units="&#176;">0.5,1.5</elevation>
      </elevations>
      <mean_dbz units="DBZ">41.17</mean_dbz>
      <max_dbz units="DBZ">59.87</max_dbz>
      <mesocyclone_velocity_max units="m/s">31.968277</mesocyclone_velocity_max>
      <mesocyclone_velocity_rotational_max units="m/s">34.874479</mesocyclone_velocity_rotational_max>
      <mesocyclone_velocity_rotational_mean units="m/s">8.768378</mesocyclone_velocity_rotational_mean>
      <mesocyclone_velocity_rotational_max_closest_to_ground units="m/s">12.119480</mesocyclone_velocity_rotational_max_closest_to_ground>
      <meso_intensity>3</meso_intensity>
    </nowcast-parameters>
  </event>
  <event ID="100">
    <time time-coordinate="UTC">2021-07-08T15:25:00</time>
    <location>
      <area>
        <ellipse>
          <moving-point>
            <latitude>46.624234</latitude>
            <longitude>10.109485</longitude>
            <polar_motion>
              <speed units="km/h">0.0</speed>
            </polar_motion>
          </moving-point>
          <major_axis units="km">12.00</major_axis>
          <minor_axis units="km">12.00</minor_axis>
          <orientation units="degrees true">0</orientation>
        </ellipse>
      </area>
    </location>
    <nowcast-parameters>
      <mesocyclone_shear_mean units="m/s/km">4.213179</mesocyclone_shear_mean>
      <mesocyclone_shear_max units="m/s/km">8.731901</mesocyclone_shear_max>
      <mesocyclone_momentum_mean units="m/s/km">98.810201</mesocyclone_momentum_mean>
      <mesocyclone_momentum_max units="m/s/km">234.279229</mesocyclone_momentum_max>
      <mesocyclone_diameter units="km">12.000000</mesocyclone_diameter>
      <mesocyclone_diameter_equivalent units="km">5.074152</mesocyclone_diameter_equivalent>
      <mesocyclone_top units="km">4.925189</mesocyclone_top>
      <mesocyclone_base units="km">-0.104900</mesocyclone_base>
      <mesocyclone_echotop units="km">6.632128</mesocyclone_echotop>
      <mesocyclone_vil units="kg/m*m">5.817877</mesocyclone_vil>
      <mesocyclone_shear_vectors>14</mesocyclone_shear_vectors>
      <mesocyclone_shear_features>2</mesocyclone_shear_features>
      <elevations>
        <elevation site="mem" units="&#176;">0.5,1.5</elevation>
      </elevations>
      <mean_dbz units="DBZ">32.72</mean_dbz>
      <max_dbz units="DBZ">46.20</max_dbz>
      <mesocyclone_velocity_max units="m/s">31.687389</mesocyclone_velocity_max>
      <mesocyclone_velocity_rotational_max units="m/s">16.159307</mesocyclone_velocity_rotational_max>
      <mesocyclone_velocity_rotational_mean units="m/s">9.042853</mesocyclone_velocity_rotational_mean>
      <mesocyclone_velocity_rotational_max_closest_to_ground units="m/s">16.159307</mesocyclone_velocity_rotational_max_closest_to_ground>
      <meso_intensity>3</meso_intensity>
    </nowcast-parameters>
  </event>
</nowcast-data>
