<?xml version="1.0" encoding="UTF-8"?>
<nowcast-data>
  <radar-stations>ASB,BOO,ROS,HNR,UMD,PRO,ESS,FLD,DRS,NEU,NHB,OFT,EIS,TUR,ISN,FBG,MEM</radar-stations>
  <event ID="10">
    <time time-coordinate="UTC">2021-07-08T15:30:00</time>
    <location>
      <area>
        <ellipse>
          <moving-point>
            <latitude>53.802670</latitude>
            <longitude>10.588296</longitude>
            <polar_motion>
              <speed units="km/h">0.0</speed>
            </polar_motion>
          </moving-point>
          <major_axis units="km">6.30</major_axis>
          <minor_axis units="km">6.30</minor_axis>
          <orientation units="degrees true">0</orientation>
        </ellipse>
      </area>
    </location>
    <nowcast-parameters>
      <mesocyclone_shear_mean units="m/s/km">4.594577</mesocyclone_shear_mean>
      <mesocyclone_shear_max units="m/s/km">6.057878</mesocyclone_shear_max>
      <mesocyclone_momentum_mean units="m/s/km">47.477355</mesocyclone_momentum_mean>
      <mesocyclone_momentum_max units="m/s/km">203.725368</mesocyclone_momentum_max>
      <mesocyclone_diameter units="km">6.297059</mesocyclone_diameter>
      <mesocyclone_diameter_equivalent units="km">4.140473</mesocyclone_diameter_equivalent>
      <mesocyclone_top units="km">7.308907</mesocyclone_top>
      <mesocyclone_base units="km">1.601973</mesocyclone_base>
      <mesocyclone_echotop units="km">7.201509</mesocyclone_echotop>
      <mesocyclone_vil units="kg/m*m">16.635712</mesocyclone_vil>
      <mesocyclone_shear_vectors>18</mesocyclone_shear_vectors>
      <mesocyclone_shear_features>2</mesocyclone_shear_features>
      <elevations>
        <elevation site="hnr" units="&#176;">0.5,1.5</elevation>
      </elevations>
      <mean_dbz units="DBZ">42.55</mean_dbz>
      <max_dbz units="DBZ">58.22</max_dbz>
      <mesocyclone_velocity_max units="m/s">31.631207</mesocyclone_velocity_max>
      <mesocyclone_velocity_rotational_max units="m/s">10.711763</mesocyclone_velocity_rotational_max>
      <mesocyclone_velocity_rotational_mean units="m/s">6.960223</mesocyclone_velocity_rotational_mean>
      <mesocyclone_velocity_rotational_max_closest_to_ground units="m/s">9.073493</mesocyclone_velocity_rotational_max_closest_to_ground>
      <meso_intensity>1</meso_intensity>
    </nowcast-parameters>
  </event>
  <event ID="26">
    <time time-coordinate="UTC">2021-07-08T15:30:00</time>
    <location>
      <area>
        <ellipse>
          <moving-point>
            <latitude>49.661019</latitude>
            <longitude>13.366853</longitude>
            <polar_motion>
              <speed units="km/h">0.0</speed>
            </polar_motion>
          </moving-point>
          <major_axis units="km">24.00</major_axis>
          <minor_axis units="km">24.00</minor_axis>
          <orientation units="degrees true">0</orientation>
        </ellipse>
      </area>
    </location>
    <nowcast-parameters>
      <mesocyclone_shear_mean units="m/s/km">3.590128</mesocyclone_shear_mean>
      <mesocyclone_shear_max units="m/s/km">9.556305</mesocyclone_shear_max>
      <mesocyclone_momentum_mean units="m/s/km">140.162987</mesocyclone_momentum_mean>
      <mesocyclone_momentum_max units="m/s/km">465.852859</mesocyclone_momentum_max>
      <mesocyclone_diameter units="km">24.000000</mesocyclone_diameter>
      <mesocyclone_diameter_equivalent units="km">12.715292</mesocyclone_diameter_equivalent>
      <mesocyclone_top units="km">7.375665</mesocyclone_top>
      <mesocyclone_base units="km">4.461846</mesocyclone_base>
      <mesocyclone_echotop units="km">12.367448</mesocyclone_echotop>
      <mesocyclone_vil units="kg/m*m">32.653055</mesocyclone_vil>
      <mesocyclone_shear_vectors>73</mesocyclone_shear_vectors>
      <mesocyclone_shear_features>2</mesocyclone_shear_features>
      <elevations>
        <elevation site="drs" units="&#176;">1.5</elevation>
        <elevation site="eis" units="&#176;">3.5</elevation>
      </elevations>
      <mean_dbz units="DBZ">41.57</mean_dbz>
      <max_dbz units="DBZ">60.28</max_dbz>
      <mesocyclone_velocity_max units="m/s">31.883251</mesocyclone_velocity_max>
      <mesocyclone_velocity_rotational_max units="m/s">20.163320</mesocyclone_velocity_rotational_max>
      <mesocyclone_velocity_rotational_mean units="m/s">9.507240</mesocyclone_velocity_rotational_mean>
      <mesocyclone_velocity_rotational_max_closest_to_ground units="m/s">20.163320</mesocyclone_velocity_rotational_max_closest_to_ground>
      <meso_intensity>2</meso_intensity>
    </nowcast-parameters>
  </event>
  <event ID="40">
    <time time-coordinate="UTC">2021-07-08T15:30:00</time>
    <location>
      <area>
        <ellipse>
          <moving-point>
            <latitude>48.817410</latitude>
            <longitude>13.586640</longitude>
            <polar_motion>
              <speed units="km/h">0.0</speed>
            </polar_motion>
          </moving-point>
          <major_axis units="km">12.25</major_axis>
          <minor_axis units="km">12.25</minor_axis>
          <orientation units="degrees true">0</orientation>
        </ellipse>
      </area>
    </location>
    <nowcast-parameters>
      <mesocyclone_shear_mean units="m/s/km">5.830029</mesocyclone_shear_mean>
      <mesocyclone_shear_max units="m/s/km">14.424962</mesocyclone_shear_max>
      <mesocyclone_momentum_mean units="m/s/km">91.982759</mesocyclone_momentum_mean>
      <mesocyclone_momentum_max units="m/s/km">289.988947</mesocyclone_momentum_max>
      <mesocyclone_diameter units="km">12.250000</mesocyclone_diameter>
      <mesocyclone_diameter_equivalent units="km">5.381166</mesocyclone_diameter_equivalent>
      <mesocyclone_top units="km">7.011360</mesocyclone_top>
      <mesocyclone_base units="km">0.863648</mesocyclone_base>
      <mesocyclone_echotop units="km">11.926312</mesocyclone_echotop>
      <mesocyclone_vil units="kg/m*m">93.502569</mesocyclone_vil>
      <mesocyclone_shear_vectors>18</mesocyclone_shear_vectors>
      <mesocyclone_shear_features>4</mesocyclone_shear_features>
      <elevations>
        <elevation site="eis" units="&#176;">0.5,1.5,2.5</elevation>
        <elevation site="isn" units="&#176;">1.5</elevation>
      </elevations>
      <mean_dbz units="DBZ">54.02</mean_dbz>
      <max_dbz units="DBZ">67.38</max_dbz>
      <mesocyclone_velocity_max units="m/s">28.354670</mesocyclone_velocity_max>
      <mesocyclone_velocity_rotational_max units="m/s">16.508718</mesocyclone_velocity_rotational_max>
      <mesocyclone_velocity_rotational_mean units="m/s">9.907437</mesocyclone_velocity_rotational_mean>
      <mesocyclone_velocity_rotational_max_closest_to_ground units="m/s">13.862282</mesocyclone_velocity_rotational_max_closest_to_ground>
      <meso_intensity>3</meso_intensity>
    </nowcast-parameters>
  </event>
  <event ID="89">
    <time time-coordinate="UTC">2021-07-08T15:30:00</time>
    <location>
      <area>
        <ellipse>
          <moving-point>
            <latitude>47.845975</latitude>
            <longitude>11.749986</longitude>
            <polar_motion>
              <speed units="km/h">0.0</speed>
            </polar_motion>
          </moving-point>
          <major_axis units="km">17.75</major_axis>
          <minor_axis units="km">17.75</minor_axis>
          <orientation units="degrees true">0</orientation>
        </ellipse>
      </area>
    </location>
    <nowcast-parameters>
      <mesocyclone_shear_mean units="m/s/km">2.897292</mesocyclone_shear_mean>
      <mesocyclone_shear_max units="m/s/km">6.372867</mesocyclone_shear_max>
      <mesocyclone_momentum_mean units="m/s/km">132.365293</mesocyclone_momentum_mean>
      <mesocyclone_momentum_max units="m/s/km">362.484691</mesocyclone_momentum_max>
      <mesocyclone_diameter units="km">17.750000</mesocyclone_diameter>
      <mesocyclone_diameter_equivalent units="km">12.171254</mesocyclone_diameter_equivalent>
      <mesocyclone_top units="km">7.143694</mesocyclone_top>
      <mesocyclone_base units="km">3.656678</mesocyclone_base>
      <mesocyclone_echotop units="km">9.398847</mesocyclone_echotop>
      <mesocyclone_vil units="kg/m*m">12.393374</mesocyclone_vil>
      <mesocyclone_shear_vectors>61</mesocyclone_shear_vectors>
      <mesocyclone_shear_features>4</mesocyclone_shear_features>
      <elevations>
        <elevation site="isn" units="&#176;">4.5,5.5,8.0,12.0</elevation>
      </elevations>
      <mean_dbz units="DBZ">36.98</mean_dbz>
      <max_dbz units="DBZ">56.88</max_dbz>
      <mesocyclone_velocity_max units="m/s">31.593941</mesocyclone_velocity_max>
      <mesocyclone_velocity_rotational_max units="m/s">12.382967</mesocyclone_velocity_rotational_max>
      <mesocyclone_velocity_rotational_mean units="m/s">8.804035</mesocyclone_velocity_rotational_mean>
      <mesocyclone_velocity_rotational_max_closest_to_ground units="m/s">11.877540</mesocyclone_velocity_rotational_max_closest_to_ground>
      <meso_intensity>2</meso_intensity>
    </nowcast-parameters>
  </event>
  <event ID="79">
    <time time-coordinate="UTC">2021-07-08T15:30:00</time>
    <location>
      <area>
        <ellipse>
          <moving-point>
            <latitude>47.705913</latitude>
            <longitude>11.550252</longitude>
            <polar_motion>
              <speed units="km/h">0.0</speed>
            </polar_motion>
          </moving-point>
          <major_axis units="km">14.00</major_axis>
          <minor_axis units="km">14.00</minor_axis>
          <orientation units="degrees true">0</orientation>
        </ellipse>
      </area>
    </location>
    <nowcast-parameters>
      <mesocyclone_shear_mean units="m/s/km">3.339047</mesocyclone_shear_mean>
      <mesocyclone_shear_max units="m/s/km">8.291162</mesocyclone_shear_max>
      <mesocyclone_momentum_mean units="m/s/km">108.706256</mesocyclone_momentum_mean>
      <mesocyclone_momentum_max units="m/s/km">329.745402</mesocyclone_momentum_max>
      <mesocyclone_diameter units="km">14.000000</mesocyclone_diameter>
      <mesocyclone_diameter_equivalent units="km">8.274861</mesocyclone_diameter_equivalent>
      <mesocyclone_top units="km">6.038595</mesocyclone_top>
      <mesocyclone_base units="km">2.558181</mesocyclone_base>
      <mesocyclone_echotop units="km">9.423597</mesocyclone_echotop>
      <mesocyclone_vil units="kg/m*m">6.400516</mesocyclone_vil>
      <mesocyclone_shear_vectors>31</mesocyclone_shear_vectors>
      <mesocyclone_shear_features>3</mesocyclone_shear_features>
      <elevations>
        <elevation site="isn" units="&#176;">2.5,3.5,4.5</elevation>
      </elevations>
      <mean_dbz units="DBZ">30.11</mean_dbz>
      <max_dbz units="DBZ">48.58</max_dbz>
      <mesocyclone_velocity_max units="m/s">30.199276</mesocyclone_velocity_max>
      <mesocyclone_velocity_rotational_max units="m/s">12.762038</mesocyclone_velocity_rotational_max>
      <mesocyclone_velocity_rotational_mean units="m/s">8.264221</mesocyclone_velocity_rotational_mean>
      <mesocyclone_velocity_rotational_max_closest_to_ground units="m/s">10.108545</mesocyclone_velocity_rotational_max_closest_to_ground>
      <meso_intensity>2</meso_intensity>
    </nowcast-parameters>
  </event>
  <event ID="78">
    <time time-coordinate="UTC">2021-07-08T15:30:00</time>
    <location>
      <area>
        <ellipse>
          <moving-point>
            <latitude>47.614814</latitude>
            <longitude>12.156887</longitude>
            <polar_motion>
              <speed units="km/h">0.0</speed>
            </polar_motion>
          </moving-point>
          <major_axis units="km">9.31</major_axis>
          <minor_axis units="km">9.31</minor_axis>
          <orientation units="degrees true">0</orientation>
        </ellipse>
      </area>
    </location>
    <nowcast-parameters>
      <mesocyclone_shear_mean units="m/s/km">4.521672</mesocyclone_shear_mean>
      <mesocyclone_shear_max units="m/s/km">10.850281</mesocyclone_shear_max>
      <mesocyclone_momentum_mean units="m/s/km">147.604799</mesocyclone_momentum_mean>
      <mesocyclone_momentum_max units="m/s/km">790.134153</mesocyclone_momentum_max>
      <mesocyclone_diameter units="km">9.308196</mesocyclone_diameter>
      <mesocyclone_diameter_equivalent units="km">4.308052</mesocyclone_diameter_equivalent>
      <mesocyclone_top units="km">7.132547</mesocyclone_top>
      <mesocyclone_base units="km">1.416240</mesocyclone_base>
      <mesocyclone_echotop units="km">8.474845</mesocyclone_echotop>
      <mesocyclone_vil units="kg/m*m">19.889632</mesocyclone_vil>
      <mesocyclone_shear_vectors>14</mesocyclone_shear_vectors>
      <mesocyclone_shear_features>2</mesocyclone_shear_features>
      <elevations>
        <elevation site="mem" units="&#176;">0.5,1.5</elevation>
      </elevations>
      <mean_dbz units="DBZ">43.64</mean_dbz>
      <max_dbz units="DBZ">62.26</max_dbz>
      <mesocyclone_velocity_max units="m/s">28.152544</mesocyclone_velocity_max>
      <mesocyclone_velocity_rotational_max units="m/s">34.717262</mesocyclone_velocity_rotational_max>
      <mesocyclone_velocity_rotational_mean units="m/s">10.712755</mesocyclone_velocity_rotational_mean>
      <mesocyclone_velocity_rotational_max_closest_to_ground units="m/s">34.717262</mesocyclone_velocity_rotational_max_closest_to_ground>
      <meso_intensity>2</meso_intensity>
    </nowcast-parameters>
  </event>
  <event ID="56">
    <time time-coordinate="UTC">2021-07-08T15:30:00</time>
    <location>
      <area>
        <ellipse>
          <moving-point>
            <latitude>47.008999</latitude>
            <longitude>9.864552</longitude>
            <polar_motion>
              <speed units="km/h">0.0</speed>
            </polar_motion>
          </moving-point>
          <major_axis units="km">14.50</major_axis>
          <minor_axis units="km">14.50</minor_axis>
          <orientation units="degrees true">0</orientation>
        </ellipse>
      </area>
    </location>
    <nowcast-parameters>
      <mesocyclone_shear_mean units="m/s/km">4.530868</mesocyclone_shear_mean>
      <mesocyclone_shear_max units="m/s/km">9.710271</mesocyclone_shear_max>
      <mesocyclone_momentum_mean units="m/s/km">99.599114</mesocyclone_momentum_mean>
      <mesocyclone_momentum_max units="m/s/km">763.339510</mesocyclone_momentum_max>
      <mesocyclone_diameter units="km">14.500000</mesocyclone_diameter>
      <mesocyclone_diameter_equivalent units="km">6.999784</mesocyclone_diameter_equivalent>
      <mesocyclone_top units="km">4.517330</mesocyclone_top>
      <mesocyclone_base units="km">1.206437</mesocyclone_base>
      <mesocyclone_echotop units="km">5.954481</mesocyclone_echotop>
      <mesocyclone_vil units="kg/m*m">3.166219</mesocyclone_vil>
      <mesocyclone_shear_vectors>36</mesocyclone_shear_vectors>
      <mesocyclone_shear_features>3</mesocyclone_shear_features>
      <elevations>
        <elevation site="tur" units="&#176;">0.5</elevation>
        <elevation site="fbg" units="&#176;">0.5</elevation>
        <elevation site="mem" units="&#176;">1.5</elevation>
      </elevations>
      <mean_dbz units="DBZ">30.85</mean_dbz>
      <max_dbz units="DBZ">44.37</max_dbz>
      <mesocyclone_velocity_max units="m/s">30.424948</mesocyclone_velocity_max>
      <mesocyclone_velocity_rotational_max units="m/s">25.196148</mesocyclone_velocity_rotational_max>
      <mesocyclone_velocity_rotational_mean units="m/s">8.930575</mesocyclone_velocity_rotational_mean>
      <mesocyclone_velocity_rotational_max_closest_to_ground units="m/s">25.196148</mesocyclone_velocity_rotational_max_closest_to_ground>
      <meso_intensity>3</meso_intensity>
    </nowcast-parameters>
  </event>
  <event ID="94">
    <time time-coordinate="UTC">2021-07-08T15:30:00</time>
    <location>
      <area>
        <ellipse>
          <moving-point>
            <latitude>46.629388</latitude>
            <longitude>9.962769</longitude>
            <polar_motion>
              <speed units="km/h">0.0</speed>
            </polar_motion>
          </moving-point>
          <major_axis units="km">44.50</major_axis>
          <minor_axis units="km">44.50</minor_axis>
          <orientation units="degrees true">0</orientation>
        </ellipse>
      </area>
    </location>
    <nowcast-parameters>
      <mesocyclone_shear_mean units="m/s/km">4.672449</mesocyclone_shear_mean>
      <mesocyclone_shear_max units="m/s/km">11.301491</mesocyclone_shear_max>
      <mesocyclone_momentum_mean units="m/s/km">164.957302</mesocyclone_momentum_mean>
      <mesocyclone_momentum_max units="m/s/km">3283.182903</mesocyclone_momentum_max>
      <mesocyclone_diameter units="km">44.500000</mesocyclone_diameter>
      <mesocyclone_diameter_equivalent units="km">12.115008</mesocyclone_diameter_equivalent>
      <mesocyclone_top units="km">5.675422</mesocyclone_top>
      <mesocyclone_base units="km">-0.812006</mesocyclone_base>
      <mesocyclone_echotop units="km">7.292455</mesocyclone_echotop>
      <mesocyclone_vil units="kg/m*m">3.776309</mesocyclone_vil>
      <mesocyclone_shear_vectors>75</mesocyclone_shear_vectors>
      <mesocyclone_shear_features>2</mesocyclone_shear_features>
      <elevations>
        <elevation site="mem" units="&#176;">0.5,1.5</elevation>
      </elevations>
      <mean_dbz units="DBZ">29.19</mean_dbz>
      <max_dbz units="DBZ">42.71</max_dbz>
      <mesocyclone_velocity_max units="m/s">31.687393</mesocyclone_velocity_max>
      <mesocyclone_velocity_rotational_max units="m/s">37.494641</mesocyclone_velocity_rotational_max>
      <mesocyclone_velocity_rotational_mean units="m/s">10.467079</mesocyclone_velocity_rotational_mean>
      <mesocyclone_velocity_rotational_max_closest_to_ground units="m/s">37.494641</mesocyclone_velocity_rotational_max_closest_to_ground>
      <meso_intensity>4</meso_intensity>
    </nowcast-parameters>
  </event>
</nowcast-data>
