<?xml version="1.0" encoding="UTF-8"?>
<nowcast-data>
  <radar-stations>ASB,BOO,ROS,HNR,UMD,PRO,ESS,FLD,DRS,NEU,NHB,OFT,EIS,TUR,ISN,FBG,MEM</radar-stations>
  <event ID="29">
    <time time-coordinate="UTC">2021-07-08T07:50:00</time>
    <location>
      <area>
        <ellipse>
          <moving-point>
            <latitude>47.271319</latitude>
            <longitude>9.663356</longitude>
            <polar_motion>
              <speed units="km/h">0.0</speed>
            </polar_motion>
          </moving-point>
          <major_axis units="km">7.55</major_axis>
          <minor_axis units="km">7.55</minor_axis>
          <orientation units="degrees true">0</orientation>
        </ellipse>
      </area>
    </location>
    <nowcast-parameters>
      <mesocyclone_shear_mean units="m/s/km">5.906005</mesocyclone_shear_mean>
      <mesocyclone_shear_max units="m/s/km">9.295230</mesocyclone_shear_max>
      <mesocyclone_momentum_mean units="m/s/km">72.435223</mesocyclone_momentum_mean>
      <mesocyclone_momentum_max units="m/s/km">224.922947</mesocyclone_momentum_max>
      <mesocyclone_diameter units="km">7.554982</mesocyclone_diameter>
      <mesocyclone_diameter_equivalent units="km">3.557675</mesocyclone_diameter_equivalent>
      <mesocyclone_top units="km">4.592918</mesocyclone_top>
      <mesocyclone_base units="km">0.724798</mesocyclone_base>
      <mesocyclone_echotop units="km">8.446429</mesocyclone_echotop>
      <mesocyclone_vil units="kg/m*m">4.729794</mesocyclone_vil>
      <mesocyclone_shear_vectors>11</mesocyclone_shear_vectors>
      <mesocyclone_shear_features>4</mesocyclone_shear_features>
      <elevations>
        <elevation site="tur" units="&#176;">0.5</elevation>
        <elevation site="fbg" units="&#176;">0.5</elevation>
        <elevation site="mem" units="&#176;">0.5,1.5</elevation>
      </elevations>
      <mean_dbz units="DBZ">31.98</mean_dbz>
      <max_dbz units="DBZ">45.29</max_dbz>
      <mesocyclone_velocity_max units="m/s">30.929926</mesocyclone_velocity_max>
      <mesocyclone_velocity_rotational_max units="m/s">18.810445</mesocyclone_velocity_rotational_max>
      <mesocyclone_velocity_rotational_mean units="m/s">9.583903</mesocyclone_velocity_rotational_mean>
      <mesocyclone_velocity_rotational_max_closest_to_ground units="m/s">18.810445</mesocyclone_velocity_rotational_max_closest_to_ground>
      <meso_intensity>2</meso_intensity>
    </nowcast-parameters>
  </event>
  <event ID="33">
    <time time-coordinate="UTC">2021-07-08T07:50:00</time>
    <location>
      <area>
        <ellipse>
          <moving-point>
            <latitude>47.126701</latitude>
            <longitude>9.584329</longitude>
            <polar_motion>
              <speed units="km/h">0.0</speed>
            </polar_motion>
          </moving-point>
          <major_axis units="km">9.68</major_axis>
          <minor_axis units="km">9.68</minor_axis>
          <orientation units="degrees true">0</orientation>
        </ellipse>
      </area>
    </location>
    <nowcast-parameters>
      <mesocyclone_shear_mean units="m/s/km">5.225105</mesocyclone_shear_mean>
      <mesocyclone_shear_max units="m/s/km">11.134710</mesocyclone_shear_max>
      <mesocyclone_momentum_mean units="m/s/km">80.835276</mesocyclone_momentum_mean>
      <mesocyclone_momentum_max units="m/s/km">424.413119</mesocyclone_momentum_max>
      <mesocyclone_diameter units="km">9.678925</mesocyclone_diameter>
      <mesocyclone_diameter_equivalent units="km">4.577043</mesocyclone_diameter_equivalent>
      <mesocyclone_top units="km">7.319563</mesocyclone_top>
      <mesocyclone_base units="km">0.841334</mesocyclone_base>
      <mesocyclone_echotop units="km">9.691469</mesocyclone_echotop>
      <mesocyclone_vil units="kg/m*m">7.145033</mesocyclone_vil>
      <mesocyclone_shear_vectors>11</mesocyclone_shear_vectors>
      <mesocyclone_shear_features>5</mesocyclone_shear_features>
      <elevations>
        <elevation site="tur" units="&#176;">0.5,1.5</elevation>
        <elevation site="fbg" units="&#176;">0.5</elevation>
        <elevation site="mem" units="&#176;">1.5,2.5</elevation>
      </elevations>
      <mean_dbz units="DBZ">38.79</mean_dbz>
      <max_dbz units="DBZ">50.12</max_dbz>
      <mesocyclone_velocity_max units="m/s">31.687393</mesocyclone_velocity_max>
      <mesocyclone_velocity_rotational_max units="m/s">15.906818</mesocyclone_velocity_rotational_max>
      <mesocyclone_velocity_rotational_mean units="m/s">8.682122</mesocyclone_velocity_rotational_mean>
      <mesocyclone_velocity_rotational_max_closest_to_ground units="m/s">6.643762</mesocyclone_velocity_rotational_max_closest_to_ground>
      <meso_intensity>2</meso_intensity>
    </nowcast-parameters>
  </event>
  <event ID="45">
    <time time-coordinate="UTC">2021-07-08T07:50:00</time>
    <location>
      <area>
        <ellipse>
          <moving-point>
            <latitude>46.499460</latitude>
            <longitude>8.749057</longitude>
            <polar_motion>
              <speed units="km/h">0.0</speed>
            </polar_motion>
          </moving-point>
          <major_axis units="km">8.53</major_axis>
          <minor_axis units="km">8.53</minor_axis>
          <orientation units="degrees true">0</orientation>
        </ellipse>
      </area>
    </location>
    <nowcast-parameters>
      <mesocyclone_shear_mean units="m/s/km">5.144692</mesocyclone_shear_mean>
      <mesocyclone_shear_max units="m/s/km">8.329283</mesocyclone_shear_max>
      <mesocyclone_momentum_mean units="m/s/km">87.214491</mesocyclone_momentum_mean>
      <mesocyclone_momentum_max units="m/s/km">320.079351</mesocyclone_momentum_max>
      <mesocyclone_diameter units="km">8.534356</mesocyclone_diameter>
      <mesocyclone_diameter_equivalent units="km">3.143053</mesocyclone_diameter_equivalent>
      <mesocyclone_top units="km">7.407245</mesocyclone_top>
      <mesocyclone_base units="km">1.639169</mesocyclone_base>
      <mesocyclone_echotop units="km">8.995791</mesocyclone_echotop>
      <mesocyclone_vil units="kg/m*m">8.229368</mesocyclone_vil>
      <mesocyclone_shear_vectors>7</mesocyclone_shear_vectors>
      <mesocyclone_shear_features>2</mesocyclone_shear_features>
      <elevations>
        <elevation site="fbg" units="&#176;">0.5,1.5</elevation>
      </elevations>
      <mean_dbz units="DBZ">42.08</mean_dbz>
      <max_dbz units="DBZ">49.30</max_dbz>
      <mesocyclone_velocity_max units="m/s">30.210308</mesocyclone_velocity_max>
      <mesocyclone_velocity_rotational_max units="m/s">14.164999</mesocyclone_velocity_rotational_max>
      <mesocyclone_velocity_rotational_mean units="m/s">9.121913</mesocyclone_velocity_rotational_mean>
      <mesocyclone_velocity_rotational_max_closest_to_ground units="m/s">14.164999</mesocyclone_velocity_rotational_max_closest_to_ground>
      <meso_intensity>2</meso_intensity>
    </nowcast-parameters>
  </event>
  <event ID="46">
    <time time-coordinate="UTC">2021-07-08T07:50:00</time>
    <location>
      <area>
        <ellipse>
          <moving-point>
            <latitude>46.353729</latitude>
            <longitude>8.561497</longitude>
            <polar_motion>
              <speed units="km/h">0.0</speed>
            </polar_motion>
          </moving-point>
          <major_axis units="km">11.25</major_axis>
          <minor_axis units="km">11.25</minor_axis>
          <orientation units="degrees true">0</orientation>
        </ellipse>
      </area>
    </location>
    <nowcast-parameters>
      <mesocyclone_shear_mean units="m/s/km">4.773370</mesocyclone_shear_mean>
      <mesocyclone_shear_max units="m/s/km">8.053411</mesocyclone_shear_max>
      <mesocyclone_momentum_mean units="m/s/km">98.190218</mesocyclone_momentum_mean>
      <mesocyclone_momentum_max units="m/s/km">385.176297</mesocyclone_momentum_max>
      <mesocyclone_diameter units="km">11.250000</mesocyclone_diameter>
      <mesocyclone_diameter_equivalent units="km">5.085808</mesocyclone_diameter_equivalent>
      <mesocyclone_top units="km">10.871620</mesocyclone_top>
      <mesocyclone_base units="km">2.369520</mesocyclone_base>
      <mesocyclone_echotop units="km">9.478928</mesocyclone_echotop>
      <mesocyclone_vil units="kg/m*m">14.543424</mesocyclone_vil>
      <mesocyclone_shear_vectors>22</mesocyclone_shear_vectors>
      <mesocyclone_shear_features>2</mesocyclone_shear_features>
      <elevations>
        <elevation site="fbg" units="&#176;">0.5,2.5</elevation>
      </elevations>
      <mean_dbz units="DBZ">41.41</mean_dbz>
      <max_dbz units="DBZ">52.24</max_dbz>
      <mesocyclone_velocity_max units="m/s">31.463848</mesocyclone_velocity_max>
      <mesocyclone_velocity_rotational_max units="m/s">20.683406</mesocyclone_velocity_rotational_max>
      <mesocyclone_velocity_rotational_mean units="m/s">9.594056</mesocyclone_velocity_rotational_mean>
      <mesocyclone_velocity_rotational_max_closest_to_ground units="m/s">18.677744</mesocyclone_velocity_rotational_max_closest_to_ground>
      <meso_intensity>4</meso_intensity>
    </nowcast-parameters>
  </event>
</nowcast-data>
