<?xml version="1.0" encoding="UTF-8"?>
<nowcast-data>
  <radar-stations>ASB,BOO,ROS,HNR,UMD,PRO,ESS,FLD,DRS,NEU,NHB,OFT,EIS,TUR,ISN,FBG,MEM</radar-stations>
  <event ID="50">
    <time time-coordinate="UTC">2021-07-08T13:15:00</time>
    <location>
      <area>
        <ellipse>
          <moving-point>
            <latitude>48.693748</latitude>
            <longitude>12.318841</longitude>
            <polar_motion>
              <speed units="km/h">0.0</speed>
            </polar_motion>
          </moving-point>
          <major_axis units="km">6.90</major_axis>
          <minor_axis units="km">6.90</minor_axis>
          <orientation units="degrees true">0</orientation>
        </ellipse>
      </area>
    </location>
    <nowcast-parameters>
      <mesocyclone_shear_mean units="m/s/km">3.999037</mesocyclone_shear_mean>
      <mesocyclone_shear_max units="m/s/km">11.995908</mesocyclone_shear_max>
      <mesocyclone_momentum_mean units="m/s/km">65.792563</mesocyclone_momentum_mean>
      <mesocyclone_momentum_max units="m/s/km">291.245111</mesocyclone_momentum_max>
      <mesocyclone_diameter units="km">6.899896</mesocyclone_diameter>
      <mesocyclone_diameter_equivalent units="km">4.387999</mesocyclone_diameter_equivalent>
      <mesocyclone_top units="km">4.178301</mesocyclone_top>
      <mesocyclone_base units="km">2.486460</mesocyclone_base>
      <mesocyclone_echotop units="km">6.417107</mesocyclone_echotop>
      <mesocyclone_vil units="kg/m*m">4.817858</mesocyclone_vil>
      <mesocyclone_shear_vectors>13</mesocyclone_shear_vectors>
      <mesocyclone_shear_features>2</mesocyclone_shear_features>
      <elevations>
        <elevation site="eis" units="&#176;">1.5</elevation>
        <elevation site="isn" units="&#176;">2.5</elevation>
      </elevations>
      <mean_dbz units="DBZ">33.71</mean_dbz>
      <max_dbz units="DBZ">48.83</max_dbz>
      <mesocyclone_velocity_max units="m/s">19.281178</mesocyclone_velocity_max>
      <mesocyclone_velocity_rotational_max units="m/s">12.097992</mesocyclone_velocity_rotational_max>
      <mesocyclone_velocity_rotational_mean units="m/s">7.201262</mesocyclone_velocity_rotational_mean>
      <mesocyclone_velocity_rotational_max_closest_to_ground units="m/s">6.823267</mesocyclone_velocity_rotational_max_closest_to_ground>
      <meso_intensity>1</meso_intensity>
    </nowcast-parameters>
  </event>
  <event ID="92">
    <time time-coordinate="UTC">2021-07-08T13:15:00</time>
    <location>
      <area>
        <ellipse>
          <moving-point>
            <latitude>48.485748</latitude>
            <longitude>12.228751</longitude>
            <polar_motion>
              <speed units="km/h">0.0</speed>
            </polar_motion>
          </moving-point>
          <major_axis units="km">12.00</major_axis>
          <minor_axis units="km">12.00</minor_axis>
          <orientation units="degrees true">0</orientation>
        </ellipse>
      </area>
    </location>
    <nowcast-parameters>
      <mesocyclone_shear_mean units="m/s/km">3.104906</mesocyclone_shear_mean>
      <mesocyclone_shear_max units="m/s/km">5.733868</mesocyclone_shear_max>
      <mesocyclone_momentum_mean units="m/s/km">88.765744</mesocyclone_momentum_mean>
      <mesocyclone_momentum_max units="m/s/km">149.426601</mesocyclone_momentum_max>
      <mesocyclone_diameter units="km">12.000000</mesocyclone_diameter>
      <mesocyclone_diameter_equivalent units="km">6.420684</mesocyclone_diameter_equivalent>
      <mesocyclone_top units="km">4.998007</mesocyclone_top>
      <mesocyclone_base units="km">2.862741</mesocyclone_base>
      <mesocyclone_echotop units="km">6.892338</mesocyclone_echotop>
      <mesocyclone_vil units="kg/m*m">10.524937</mesocyclone_vil>
      <mesocyclone_shear_vectors>20</mesocyclone_shear_vectors>
      <mesocyclone_shear_features>3</mesocyclone_shear_features>
      <elevations>
        <elevation site="isn" units="&#176;">4.5,5.5,8.0</elevation>
      </elevations>
      <mean_dbz units="DBZ">35.99</mean_dbz>
      <max_dbz units="DBZ">56.27</max_dbz>
      <mesocyclone_velocity_max units="m/s">31.968271</mesocyclone_velocity_max>
      <mesocyclone_velocity_rotational_max units="m/s">13.267463</mesocyclone_velocity_rotational_max>
      <mesocyclone_velocity_rotational_mean units="m/s">7.766084</mesocyclone_velocity_rotational_mean>
      <mesocyclone_velocity_rotational_max_closest_to_ground units="m/s">8.592263</mesocyclone_velocity_rotational_max_closest_to_ground>
      <meso_intensity>2</meso_intensity>
    </nowcast-parameters>
  </event>
  <event ID="93">
    <time time-coordinate="UTC">2021-07-08T13:15:00</time>
    <location>
      <area>
        <ellipse>
          <moving-point>
            <latitude>48.365665</latitude>
            <longitude>12.267333</longitude>
            <polar_motion>
              <speed units="km/h">0.0</speed>
            </polar_motion>
          </moving-point>
          <major_axis units="km">5.25</major_axis>
          <minor_axis units="km">5.25</minor_axis>
          <orientation units="degrees true">0</orientation>
        </ellipse>
      </area>
    </location>
    <nowcast-parameters>
      <mesocyclone_shear_mean units="m/s/km">4.733912</mesocyclone_shear_mean>
      <mesocyclone_shear_max units="m/s/km">16.341327</mesocyclone_shear_max>
      <mesocyclone_momentum_mean units="m/s/km">67.130960</mesocyclone_momentum_mean>
      <mesocyclone_momentum_max units="m/s/km">302.036586</mesocyclone_momentum_max>
      <mesocyclone_diameter units="km">5.250000</mesocyclone_diameter>
      <mesocyclone_diameter_equivalent units="km">3.443234</mesocyclone_diameter_equivalent>
      <mesocyclone_top units="km">3.907314</mesocyclone_top>
      <mesocyclone_base units="km">2.430165</mesocyclone_base>
      <mesocyclone_echotop units="km">5.765243</mesocyclone_echotop>
      <mesocyclone_vil units="kg/m*m">6.684252</mesocyclone_vil>
      <mesocyclone_shear_vectors>10</mesocyclone_shear_vectors>
      <mesocyclone_shear_features>2</mesocyclone_shear_features>
      <elevations>
        <elevation site="isn" units="&#176;">5.5,8.0</elevation>
      </elevations>
      <mean_dbz units="DBZ">35.34</mean_dbz>
      <max_dbz units="DBZ">48.76</max_dbz>
      <mesocyclone_velocity_max units="m/s">25.650433</mesocyclone_velocity_max>
      <mesocyclone_velocity_rotational_max units="m/s">35.127192</mesocyclone_velocity_rotational_max>
      <mesocyclone_velocity_rotational_mean units="m/s">8.510503</mesocyclone_velocity_rotational_mean>
      <mesocyclone_velocity_rotational_max_closest_to_ground units="m/s">6.949625</mesocyclone_velocity_rotational_max_closest_to_ground>
      <meso_intensity>1</meso_intensity>
    </nowcast-parameters>
  </event>
  <event ID="49">
    <time time-coordinate="UTC">2021-07-08T13:15:00</time>
    <location>
      <area>
        <ellipse>
          <moving-point>
            <latitude>48.021163</latitude>
            <longitude>12.001691</longitude>
            <polar_motion>
              <speed units="km/h">0.0</speed>
            </polar_motion>
          </moving-point>
          <major_axis units="km">7.00</major_axis>
          <minor_axis units="km">7.00</minor_axis>
          <orientation units="degrees true">0</orientation>
        </ellipse>
      </area>
    </location>
    <nowcast-parameters>
      <mesocyclone_shear_mean units="m/s/km">4.970666</mesocyclone_shear_mean>
      <mesocyclone_shear_max units="m/s/km">6.691411</mesocyclone_shear_max>
      <mesocyclone_momentum_mean units="m/s/km">46.598966</mesocyclone_momentum_mean>
      <mesocyclone_momentum_max units="m/s/km">57.758458</mesocyclone_momentum_max>
      <mesocyclone_diameter units="km">7.000000</mesocyclone_diameter>
      <mesocyclone_diameter_equivalent units="km">4.138896</mesocyclone_diameter_equivalent>
      <mesocyclone_top units="km">7.349974</mesocyclone_top>
      <mesocyclone_base units="km">1.962466</mesocyclone_base>
      <mesocyclone_echotop units="km">7.770972</mesocyclone_echotop>
      <mesocyclone_vil units="kg/m*m">7.866250</mesocyclone_vil>
      <mesocyclone_shear_vectors>18</mesocyclone_shear_vectors>
      <mesocyclone_shear_features>2</mesocyclone_shear_features>
      <elevations>
        <elevation site="eis" units="&#176;">0.5</elevation>
        <elevation site="isn" units="&#176;">17.0</elevation>
      </elevations>
      <mean_dbz units="DBZ">37.14</mean_dbz>
      <max_dbz units="DBZ">51.67</max_dbz>
      <mesocyclone_velocity_max units="m/s">32.101479</mesocyclone_velocity_max>
      <mesocyclone_velocity_rotational_max units="m/s">9.829618</mesocyclone_velocity_rotational_max>
      <mesocyclone_velocity_rotational_mean units="m/s">7.589487</mesocyclone_velocity_rotational_mean>
      <mesocyclone_velocity_rotational_max_closest_to_ground units="m/s">9.829618</mesocyclone_velocity_rotational_max_closest_to_ground>
      <meso_intensity>1</meso_intensity>
    </nowcast-parameters>
  </event>
  <event ID="85">
    <time time-coordinate="UTC">2021-07-08T13:15:00</time>
    <location>
      <area>
        <ellipse>
          <moving-point>
            <latitude>47.830274</latitude>
            <longitude>12.203005</longitude>
            <polar_motion>
              <speed units="km/h">0.0</speed>
            </polar_motion>
          </moving-point>
          <major_axis units="km">5.32</major_axis>
          <minor_axis units="km">5.32</minor_axis>
          <orientation units="degrees true">0</orientation>
        </ellipse>
      </area>
    </location>
    <nowcast-parameters>
      <mesocyclone_shear_mean units="m/s/km">4.435715</mesocyclone_shear_mean>
      <mesocyclone_shear_max units="m/s/km">8.815458</mesocyclone_shear_max>
      <mesocyclone_momentum_mean units="m/s/km">81.754888</mesocyclone_momentum_mean>
      <mesocyclone_momentum_max units="m/s/km">210.731318</mesocyclone_momentum_max>
      <mesocyclone_diameter units="km">5.323797</mesocyclone_diameter>
      <mesocyclone_diameter_equivalent units="km">4.055062</mesocyclone_diameter_equivalent>
      <mesocyclone_top units="km">6.373316</mesocyclone_top>
      <mesocyclone_base units="km">3.698360</mesocyclone_base>
      <mesocyclone_echotop units="km">8.710482</mesocyclone_echotop>
      <mesocyclone_vil units="kg/m*m">24.099071</mesocyclone_vil>
      <mesocyclone_shear_vectors>11</mesocyclone_shear_vectors>
      <mesocyclone_shear_features>2</mesocyclone_shear_features>
      <elevations>
        <elevation site="isn" units="&#176;">12.0</elevation>
        <elevation site="mem" units="&#176;">1.5</elevation>
      </elevations>
      <mean_dbz units="DBZ">41.32</mean_dbz>
      <max_dbz units="DBZ">60.16</max_dbz>
      <mesocyclone_velocity_max units="m/s">31.182415</mesocyclone_velocity_max>
      <mesocyclone_velocity_rotational_max units="m/s">14.518128</mesocyclone_velocity_rotational_max>
      <mesocyclone_velocity_rotational_mean units="m/s">8.820012</mesocyclone_velocity_rotational_mean>
      <mesocyclone_velocity_rotational_max_closest_to_ground units="m/s">14.518128</mesocyclone_velocity_rotational_max_closest_to_ground>
      <meso_intensity>2</meso_intensity>
    </nowcast-parameters>
  </event>
  <event ID="64">
    <time time-coordinate="UTC">2021-07-08T13:15:00</time>
    <location>
      <area>
        <ellipse>
          <moving-point>
            <latitude>47.634096</latitude>
            <longitude>11.457381</longitude>
            <polar_motion>
              <speed units="km/h">0.0</speed>
            </polar_motion>
          </moving-point>
          <major_axis units="km">18.75</major_axis>
          <minor_axis units="km">18.75</minor_axis>
          <orientation units="degrees true">0</orientation>
        </ellipse>
      </area>
    </location>
    <nowcast-parameters>
      <mesocyclone_shear_mean units="m/s/km">4.048938</mesocyclone_shear_mean>
      <mesocyclone_shear_max units="m/s/km">18.487605</mesocyclone_shear_max>
      <mesocyclone_momentum_mean units="m/s/km">120.928623</mesocyclone_momentum_mean>
      <mesocyclone_momentum_max units="m/s/km">812.412416</mesocyclone_momentum_max>
      <mesocyclone_diameter units="km">18.750000</mesocyclone_diameter>
      <mesocyclone_diameter_equivalent units="km">7.924559</mesocyclone_diameter_equivalent>
      <mesocyclone_top units="km">9.369670</mesocyclone_top>
      <mesocyclone_base units="km">1.650495</mesocyclone_base>
      <mesocyclone_echotop units="km">8.210884</mesocyclone_echotop>
      <mesocyclone_vil units="kg/m*m">42.822651</mesocyclone_vil>
      <mesocyclone_shear_vectors>33</mesocyclone_shear_vectors>
      <mesocyclone_shear_features>8</mesocyclone_shear_features>
      <elevations>
        <elevation site="tur" units="&#176;">1.5,2.5</elevation>
        <elevation site="isn" units="&#176;">2.5,3.5,4.5,5.5</elevation>
        <elevation site="mem" units="&#176;">1.5,2.5</elevation>
      </elevations>
      <mean_dbz units="DBZ">46.89</mean_dbz>
      <max_dbz units="DBZ">65.35</max_dbz>
      <mesocyclone_velocity_max units="m/s">31.462845</mesocyclone_velocity_max>
      <mesocyclone_velocity_rotational_max units="m/s">30.803680</mesocyclone_velocity_rotational_max>
      <mesocyclone_velocity_rotational_mean units="m/s">9.359696</mesocyclone_velocity_rotational_mean>
      <mesocyclone_velocity_rotational_max_closest_to_ground units="m/s">30.803680</mesocyclone_velocity_rotational_max_closest_to_ground>
      <meso_intensity>4</meso_intensity>
    </nowcast-parameters>
  </event>
  <event ID="73">
    <time time-coordinate="UTC">2021-07-08T13:15:00</time>
    <location>
      <area>
        <ellipse>
          <moving-point>
            <latitude>47.277548</latitude>
            <longitude>10.136165</longitude>
            <polar_motion>
              <speed units="km/h">0.0</speed>
            </polar_motion>
          </moving-point>
          <major_axis units="km">10.75</major_axis>
          <minor_axis units="km">10.75</minor_axis>
          <orientation units="degrees true">0</orientation>
        </ellipse>
      </area>
    </location>
    <nowcast-parameters>
      <mesocyclone_shear_mean units="m/s/km">4.333505</mesocyclone_shear_mean>
      <mesocyclone_shear_max units="m/s/km">7.387776</mesocyclone_shear_max>
      <mesocyclone_momentum_mean units="m/s/km">113.289015</mesocyclone_momentum_mean>
      <mesocyclone_momentum_max units="m/s/km">600.236509</mesocyclone_momentum_max>
      <mesocyclone_diameter units="km">10.750000</mesocyclone_diameter>
      <mesocyclone_diameter_equivalent units="km">6.110074</mesocyclone_diameter_equivalent>
      <mesocyclone_top units="km">5.060169</mesocyclone_top>
      <mesocyclone_base units="km">0.765614</mesocyclone_base>
      <mesocyclone_echotop units="km">9.169853</mesocyclone_echotop>
      <mesocyclone_vil units="kg/m*m">9.286441</mesocyclone_vil>
      <mesocyclone_shear_vectors>18</mesocyclone_shear_vectors>
      <mesocyclone_shear_features>3</mesocyclone_shear_features>
      <elevations>
        <elevation site="isn" units="&#176;">0.5</elevation>
        <elevation site="fbg" units="&#176;">0.5</elevation>
        <elevation site="mem" units="&#176;">2.5</elevation>
      </elevations>
      <mean_dbz units="DBZ">35.76</mean_dbz>
      <max_dbz units="DBZ">49.96</max_dbz>
      <mesocyclone_velocity_max units="m/s">28.657522</mesocyclone_velocity_max>
      <mesocyclone_velocity_rotational_max units="m/s">28.910010</mesocyclone_velocity_rotational_max>
      <mesocyclone_velocity_rotational_mean units="m/s">9.697912</mesocyclone_velocity_rotational_mean>
      <mesocyclone_velocity_rotational_max_closest_to_ground units="m/s">6.570554</mesocyclone_velocity_rotational_max_closest_to_ground>
      <meso_intensity>3</meso_intensity>
    </nowcast-parameters>
  </event>
  <event ID="99">
    <time time-coordinate="UTC">2021-07-08T13:15:00</time>
    <location>
      <area>
        <ellipse>
          <moving-point>
            <latitude>46.427277</latitude>
            <longitude>8.032401</longitude>
            <polar_motion>
              <speed units="km/h">0.0</speed>
            </polar_motion>
          </moving-point>
          <major_axis units="km">17.25</major_axis>
          <minor_axis units="km">17.25</minor_axis>
          <orientation units="degrees true">0</orientation>
        </ellipse>
      </area>
    </location>
    <nowcast-parameters>
      <mesocyclone_shear_mean units="m/s/km">4.829553</mesocyclone_shear_mean>
      <mesocyclone_shear_max units="m/s/km">7.729682</mesocyclone_shear_max>
      <mesocyclone_momentum_mean units="m/s/km">173.829125</mesocyclone_momentum_mean>
      <mesocyclone_momentum_max units="m/s/km">1310.343808</mesocyclone_momentum_max>
      <mesocyclone_diameter units="km">17.250000</mesocyclone_diameter>
      <mesocyclone_diameter_equivalent units="km">7.624448</mesocyclone_diameter_equivalent>
      <mesocyclone_top units="km">5.860216</mesocyclone_top>
      <mesocyclone_base units="km">0.828019</mesocyclone_base>
      <mesocyclone_echotop units="km">7.694088</mesocyclone_echotop>
      <mesocyclone_vil units="kg/m*m">7.778006</mesocyclone_vil>
      <mesocyclone_shear_vectors>30</mesocyclone_shear_vectors>
      <mesocyclone_shear_features>2</mesocyclone_shear_features>
      <elevations>
        <elevation site="fbg" units="&#176;">0.5,1.5</elevation>
      </elevations>
      <mean_dbz units="DBZ">36.44</mean_dbz>
      <max_dbz units="DBZ">48.02</max_dbz>
      <mesocyclone_velocity_max units="m/s">31.213139</mesocyclone_velocity_max>
      <mesocyclone_velocity_rotational_max units="m/s">42.369643</mesocyclone_velocity_rotational_max>
      <mesocyclone_velocity_rotational_mean units="m/s">11.047864</mesocyclone_velocity_rotational_mean>
      <mesocyclone_velocity_rotational_max_closest_to_ground units="m/s">21.435531</mesocyclone_velocity_rotational_max_closest_to_ground>
      <meso_intensity>3</meso_intensity>
    </nowcast-parameters>
  </event>
</nowcast-data>
