<?xml version="1.0" encoding="UTF-8"?>
<nowcast-data>
  <radar-stations>ASB,BOO,ROS,HNR,UMD,PRO,ESS,FLD,DRS,NEU,NHB,OFT,EIS,TUR,ISN,FBG,MEM</radar-stations>
  <event ID="19">
    <time time-coordinate="UTC">2021-07-08T11:30:00</time>
    <location>
      <area>
        <ellipse>
          <moving-point>
            <latitude>50.119720</latitude>
            <longitude>12.448051</longitude>
            <polar_motion>
              <speed units="km/h">0.0</speed>
            </polar_motion>
          </moving-point>
          <major_axis units="km">8.75</major_axis>
          <minor_axis units="km">8.75</minor_axis>
          <orientation units="degrees true">0</orientation>
        </ellipse>
      </area>
    </location>
    <nowcast-parameters>
      <mesocyclone_shear_mean units="m/s/km">3.784645</mesocyclone_shear_mean>
      <mesocyclone_shear_max units="m/s/km">8.441085</mesocyclone_shear_max>
      <mesocyclone_momentum_mean units="m/s/km">90.110727</mesocyclone_momentum_mean>
      <mesocyclone_momentum_max units="m/s/km">219.738536</mesocyclone_momentum_max>
      <mesocyclone_diameter units="km">8.750000</mesocyclone_diameter>
      <mesocyclone_diameter_equivalent units="km">7.154627</mesocyclone_diameter_equivalent>
      <mesocyclone_top units="km">8.850832</mesocyclone_top>
      <mesocyclone_base units="km">3.990927</mesocyclone_base>
      <mesocyclone_echotop units="km">9.046794</mesocyclone_echotop>
      <mesocyclone_vil units="kg/m*m">11.581944</mesocyclone_vil>
      <mesocyclone_shear_vectors>27</mesocyclone_shear_vectors>
      <mesocyclone_shear_features>4</mesocyclone_shear_features>
      <elevations>
        <elevation site="drs" units="&#176;">2.5</elevation>
        <elevation site="eis" units="&#176;">3.5,4.5,5.5</elevation>
      </elevations>
      <mean_dbz units="DBZ">39.03</mean_dbz>
      <max_dbz units="DBZ">55.79</max_dbz>
      <mesocyclone_velocity_max units="m/s">31.883251</mesocyclone_velocity_max>
      <mesocyclone_velocity_rotational_max units="m/s">11.089825</mesocyclone_velocity_rotational_max>
      <mesocyclone_velocity_rotational_mean units="m/s">8.443390</mesocyclone_velocity_rotational_mean>
      <mesocyclone_velocity_rotational_max_closest_to_ground units="m/s">9.451555</mesocyclone_velocity_rotational_max_closest_to_ground>
      <meso_intensity>2</meso_intensity>
    </nowcast-parameters>
  </event>
  <event ID="49">
    <time time-coordinate="UTC">2021-07-08T11:30:00</time>
    <location>
      <area>
        <ellipse>
          <moving-point>
            <latitude>47.987304</latitude>
            <longitude>9.222283</longitude>
            <polar_motion>
              <speed units="km/h">0.0</speed>
            </polar_motion>
          </moving-point>
          <major_axis units="km">5.00</major_axis>
          <minor_axis units="km">5.00</minor_axis>
          <orientation units="degrees true">0</orientation>
        </ellipse>
      </area>
    </location>
    <nowcast-parameters>
      <mesocyclone_shear_mean units="m/s/km">4.720402</mesocyclone_shear_mean>
      <mesocyclone_shear_max units="m/s/km">7.308064</mesocyclone_shear_max>
      <mesocyclone_momentum_mean units="m/s/km">58.412763</mesocyclone_momentum_mean>
      <mesocyclone_momentum_max units="m/s/km">153.646343</mesocyclone_momentum_max>
      <mesocyclone_diameter units="km">5.000000</mesocyclone_diameter>
      <mesocyclone_diameter_equivalent units="km">3.092927</mesocyclone_diameter_equivalent>
      <mesocyclone_top units="km">4.625534</mesocyclone_top>
      <mesocyclone_base units="km">2.926524</mesocyclone_base>
      <mesocyclone_echotop units="km">7.051909</mesocyclone_echotop>
      <mesocyclone_vil units="kg/m*m">5.154845</mesocyclone_vil>
      <mesocyclone_shear_vectors>8</mesocyclone_shear_vectors>
      <mesocyclone_shear_features>2</mesocyclone_shear_features>
      <elevations>
        <elevation site="tur" units="&#176;">2.5</elevation>
        <elevation site="fbg" units="&#176;">1.5</elevation>
      </elevations>
      <mean_dbz units="DBZ">34.35</mean_dbz>
      <max_dbz units="DBZ">49.79</max_dbz>
      <mesocyclone_velocity_max units="m/s">28.049519</mesocyclone_velocity_max>
      <mesocyclone_velocity_rotational_max units="m/s">10.529734</mesocyclone_velocity_rotational_max>
      <mesocyclone_velocity_rotational_mean units="m/s">7.856247</mesocyclone_velocity_rotational_mean>
      <mesocyclone_velocity_rotational_max_closest_to_ground units="m/s">10.529734</mesocyclone_velocity_rotational_max_closest_to_ground>
      <meso_intensity>1</meso_intensity>
    </nowcast-parameters>
  </event>
  <event ID="51">
    <time time-coordinate="UTC">2021-07-08T11:30:00</time>
    <location>
      <area>
        <ellipse>
          <moving-point>
            <latitude>47.834110</latitude>
            <longitude>10.468740</longitude>
            <polar_motion>
              <speed units="km/h">0.0</speed>
            </polar_motion>
          </moving-point>
          <major_axis units="km">10.75</major_axis>
          <minor_axis units="km">10.75</minor_axis>
          <orientation units="degrees true">0</orientation>
        </ellipse>
      </area>
    </location>
    <nowcast-parameters>
      <mesocyclone_shear_mean units="m/s/km">3.517818</mesocyclone_shear_mean>
      <mesocyclone_shear_max units="m/s/km">6.369231</mesocyclone_shear_max>
      <mesocyclone_momentum_mean units="m/s/km">89.935695</mesocyclone_momentum_mean>
      <mesocyclone_momentum_max units="m/s/km">236.661260</mesocyclone_momentum_max>
      <mesocyclone_diameter units="km">10.750000</mesocyclone_diameter>
      <mesocyclone_diameter_equivalent units="km">6.236250</mesocyclone_diameter_equivalent>
      <mesocyclone_top units="km">5.730762</mesocyclone_top>
      <mesocyclone_base units="km">3.767298</mesocyclone_base>
      <mesocyclone_echotop units="km">8.113721</mesocyclone_echotop>
      <mesocyclone_vil units="kg/m*m">21.516286</mesocyclone_vil>
      <mesocyclone_shear_vectors>25</mesocyclone_shear_vectors>
      <mesocyclone_shear_features>3</mesocyclone_shear_features>
      <elevations>
        <elevation site="tur" units="&#176;">2.5</elevation>
        <elevation site="mem" units="&#176;">8.0,12.0</elevation>
      </elevations>
      <mean_dbz units="DBZ">41.35</mean_dbz>
      <max_dbz units="DBZ">58.46</max_dbz>
      <mesocyclone_velocity_max units="m/s">20.434265</mesocyclone_velocity_max>
      <mesocyclone_velocity_rotational_max units="m/s">12.311327</mesocyclone_velocity_rotational_max>
      <mesocyclone_velocity_rotational_mean units="m/s">8.154688</mesocyclone_velocity_rotational_mean>
      <mesocyclone_velocity_rotational_max_closest_to_ground units="m/s">12.311327</mesocyclone_velocity_rotational_max_closest_to_ground>
      <meso_intensity>1</meso_intensity>
    </nowcast-parameters>
  </event>
  <event ID="65">
    <time time-coordinate="UTC">2021-07-08T11:30:00</time>
    <location>
      <area>
        <ellipse>
          <moving-point>
            <latitude>47.667980</latitude>
            <longitude>10.991319</longitude>
            <polar_motion>
              <speed units="km/h">0.0</speed>
            </polar_motion>
          </moving-point>
          <major_axis units="km">7.59</major_axis>
          <minor_axis units="km">7.59</minor_axis>
          <orientation units="degrees true">0</orientation>
        </ellipse>
      </area>
    </location>
    <nowcast-parameters>
      <mesocyclone_shear_mean units="m/s/km">4.791595</mesocyclone_shear_mean>
      <mesocyclone_shear_max units="m/s/km">13.625594</mesocyclone_shear_max>
      <mesocyclone_momentum_mean units="m/s/km">130.935997</mesocyclone_momentum_mean>
      <mesocyclone_momentum_max units="m/s/km">599.842194</mesocyclone_momentum_max>
      <mesocyclone_diameter units="km">7.589459</mesocyclone_diameter>
      <mesocyclone_diameter_equivalent units="km">3.183303</mesocyclone_diameter_equivalent>
      <mesocyclone_top units="km">7.111065</mesocyclone_top>
      <mesocyclone_base units="km">3.935560</mesocyclone_base>
      <mesocyclone_echotop units="km">8.790880</mesocyclone_echotop>
      <mesocyclone_vil units="kg/m*m">16.906282</mesocyclone_vil>
      <mesocyclone_shear_vectors>7</mesocyclone_shear_vectors>
      <mesocyclone_shear_features>2</mesocyclone_shear_features>
      <elevations>
        <elevation site="isn" units="&#176;">3.5</elevation>
        <elevation site="mem" units="&#176;">3.5</elevation>
      </elevations>
      <mean_dbz units="DBZ">44.67</mean_dbz>
      <max_dbz units="DBZ">57.82</max_dbz>
      <mesocyclone_velocity_max units="m/s">29.946564</mesocyclone_velocity_max>
      <mesocyclone_velocity_rotational_max units="m/s">34.591017</mesocyclone_velocity_rotational_max>
      <mesocyclone_velocity_rotational_mean units="m/s">11.491262</mesocyclone_velocity_rotational_mean>
      <mesocyclone_velocity_rotational_max_closest_to_ground units="m/s">34.591017</mesocyclone_velocity_rotational_max_closest_to_ground>
      <meso_intensity>2</meso_intensity>
    </nowcast-parameters>
  </event>
  <event ID="55">
    <time time-coordinate="UTC">2021-07-08T11:30:00</time>
    <location>
      <area>
        <ellipse>
          <moving-point>
            <latitude>47.259812</latitude>
            <longitude>10.436190</longitude>
            <polar_motion>
              <speed units="km/h">0.0</speed>
            </polar_motion>
          </moving-point>
          <major_axis units="km">13.75</major_axis>
          <minor_axis units="km">13.75</minor_axis>
          <orientation units="degrees true">0</orientation>
        </ellipse>
      </area>
    </location>
    <nowcast-parameters>
      <mesocyclone_shear_mean units="m/s/km">4.794167</mesocyclone_shear_mean>
      <mesocyclone_shear_max units="m/s/km">17.861729</mesocyclone_shear_max>
      <mesocyclone_momentum_mean units="m/s/km">80.732836</mesocyclone_momentum_mean>
      <mesocyclone_momentum_max units="m/s/km">269.915254</mesocyclone_momentum_max>
      <mesocyclone_diameter units="km">13.750000</mesocyclone_diameter>
      <mesocyclone_diameter_equivalent units="km">7.772369</mesocyclone_diameter_equivalent>
      <mesocyclone_top units="km">4.153955</mesocyclone_top>
      <mesocyclone_base units="km">0.430532</mesocyclone_base>
      <mesocyclone_echotop units="km">6.623251</mesocyclone_echotop>
      <mesocyclone_vil units="kg/m*m">3.501420</mesocyclone_vil>
      <mesocyclone_shear_vectors>47</mesocyclone_shear_vectors>
      <mesocyclone_shear_features>2</mesocyclone_shear_features>
      <elevations>
        <elevation site="isn" units="&#176;">0.5</elevation>
        <elevation site="mem" units="&#176;">3.5</elevation>
      </elevations>
      <mean_dbz units="DBZ">30.40</mean_dbz>
      <max_dbz units="DBZ">43.60</max_dbz>
      <mesocyclone_velocity_max units="m/s">27.647566</mesocyclone_velocity_max>
      <mesocyclone_velocity_rotational_max units="m/s">34.717262</mesocyclone_velocity_rotational_max>
      <mesocyclone_velocity_rotational_mean units="m/s">8.881507</mesocyclone_velocity_rotational_mean>
      <mesocyclone_velocity_rotational_max_closest_to_ground units="m/s">12.382967</mesocyclone_velocity_rotational_max_closest_to_ground>
      <meso_intensity>3</meso_intensity>
    </nowcast-parameters>
  </event>
  <event ID="64">
    <time time-coordinate="UTC">2021-07-08T11:30:00</time>
    <location>
      <area>
        <ellipse>
          <moving-point>
            <latitude>47.136411</latitude>
            <longitude>10.298492</longitude>
            <polar_motion>
              <speed units="km/h">0.0</speed>
            </polar_motion>
          </moving-point>
          <major_axis units="km">4.90</major_axis>
          <minor_axis units="km">4.90</minor_axis>
          <orientation units="degrees true">0</orientation>
        </ellipse>
      </area>
    </location>
    <nowcast-parameters>
      <mesocyclone_shear_mean units="m/s/km">5.858294</mesocyclone_shear_mean>
      <mesocyclone_shear_max units="m/s/km">17.778205</mesocyclone_shear_max>
      <mesocyclone_momentum_mean units="m/s/km">68.633511</mesocyclone_momentum_mean>
      <mesocyclone_momentum_max units="m/s/km">160.931572</mesocyclone_momentum_max>
      <mesocyclone_diameter units="km">4.895098</mesocyclone_diameter>
      <mesocyclone_diameter_equivalent units="km">3.254539</mesocyclone_diameter_equivalent>
      <mesocyclone_top units="km">6.963058</mesocyclone_top>
      <mesocyclone_base units="km">1.823601</mesocyclone_base>
      <mesocyclone_echotop units="km">5.550069</mesocyclone_echotop>
      <mesocyclone_vil units="kg/m*m">3.838903</mesocyclone_vil>
      <mesocyclone_shear_vectors>8</mesocyclone_shear_vectors>
      <mesocyclone_shear_features>2</mesocyclone_shear_features>
      <elevations>
        <elevation site="isn" units="&#176;">1.5</elevation>
        <elevation site="mem" units="&#176;">1.5</elevation>
      </elevations>
      <mean_dbz units="DBZ">34.47</mean_dbz>
      <max_dbz units="DBZ">46.00</max_dbz>
      <mesocyclone_velocity_max units="m/s">30.929926</mesocyclone_velocity_max>
      <mesocyclone_velocity_rotational_max units="m/s">15.654330</mesocyclone_velocity_rotational_max>
      <mesocyclone_velocity_rotational_mean units="m/s">9.252812</mesocyclone_velocity_rotational_mean>
      <mesocyclone_velocity_rotational_max_closest_to_ground units="m/s">15.654330</mesocyclone_velocity_rotational_max_closest_to_ground>
      <meso_intensity>2</meso_intensity>
    </nowcast-parameters>
  </event>
</nowcast-data>
