<?xml version="1.0" encoding="UTF-8"?>
<nowcast-data>
  <radar-stations>ASB,BOO,ROS,HNR,UMD,PRO,ESS,FLD,DRS,NEU,NHB,OFT,EIS,TUR,ISN,FBG,MEM</radar-stations>
  <event ID="48">
    <time time-coordinate="UTC">2021-07-08T11:50:00</time>
    <location>
      <area>
        <ellipse>
          <moving-point>
            <latitude>48.004560</latitude>
            <longitude>14.239835</longitude>
            <polar_motion>
              <speed units="km/h">0.0</speed>
            </polar_motion>
          </moving-point>
          <major_axis units="km">11.55</major_axis>
          <minor_axis units="km">11.55</minor_axis>
          <orientation units="degrees true">0</orientation>
        </ellipse>
      </area>
    </location>
    <nowcast-parameters>
      <mesocyclone_shear_mean units="m/s/km">5.179471</mesocyclone_shear_mean>
      <mesocyclone_shear_max units="m/s/km">10.641478</mesocyclone_shear_max>
      <mesocyclone_momentum_mean units="m/s/km">155.095051</mesocyclone_momentum_mean>
      <mesocyclone_momentum_max units="m/s/km">1030.985734</mesocyclone_momentum_max>
      <mesocyclone_diameter units="km">11.551051</mesocyclone_diameter>
      <mesocyclone_diameter_equivalent units="km">4.697526</mesocyclone_diameter_equivalent>
      <mesocyclone_top units="km">7.260100</mesocyclone_top>
      <mesocyclone_base units="km">1.814753</mesocyclone_base>
      <mesocyclone_echotop units="km">8.903872</mesocyclone_echotop>
      <mesocyclone_vil units="kg/m*m">16.830700</mesocyclone_vil>
      <mesocyclone_shear_vectors>14</mesocyclone_shear_vectors>
      <mesocyclone_shear_features>2</mesocyclone_shear_features>
      <elevations>
        <elevation site="isn" units="&#176;">0.5,1.5</elevation>
      </elevations>
      <mean_dbz units="DBZ">42.95</mean_dbz>
      <max_dbz units="DBZ">57.50</max_dbz>
      <mesocyclone_velocity_max units="m/s">30.451992</mesocyclone_velocity_max>
      <mesocyclone_velocity_rotational_max units="m/s">32.979125</mesocyclone_velocity_rotational_max>
      <mesocyclone_velocity_rotational_mean units="m/s">11.535323</mesocyclone_velocity_rotational_mean>
      <mesocyclone_velocity_rotational_max_closest_to_ground units="m/s">30.578347</mesocyclone_velocity_rotational_max_closest_to_ground>
      <meso_intensity>2</meso_intensity>
    </nowcast-parameters>
  </event>
  <event ID="46">
    <time time-coordinate="UTC">2021-07-08T11:50:00</time>
    <location>
      <area>
        <ellipse>
          <moving-point>
            <latitude>47.350678</latitude>
            <longitude>10.530152</longitude>
            <polar_motion>
              <speed units="km/h">0.0</speed>
            </polar_motion>
          </moving-point>
          <major_axis units="km">10.00</major_axis>
          <minor_axis units="km">10.00</minor_axis>
          <orientation units="degrees true">0</orientation>
        </ellipse>
      </area>
    </location>
    <nowcast-parameters>
      <mesocyclone_shear_mean units="m/s/km">3.738509</mesocyclone_shear_mean>
      <mesocyclone_shear_max units="m/s/km">8.937331</mesocyclone_shear_max>
      <mesocyclone_momentum_mean units="m/s/km">143.936435</mesocyclone_momentum_mean>
      <mesocyclone_momentum_max units="m/s/km">339.816377</mesocyclone_momentum_max>
      <mesocyclone_diameter units="km">9.995029</mesocyclone_diameter>
      <mesocyclone_diameter_equivalent units="km">5.721002</mesocyclone_diameter_equivalent>
      <mesocyclone_top units="km">3.241987</mesocyclone_top>
      <mesocyclone_base units="km">0.649718</mesocyclone_base>
      <mesocyclone_echotop units="km">5.557426</mesocyclone_echotop>
      <mesocyclone_vil units="kg/m*m">3.816669</mesocyclone_vil>
      <mesocyclone_shear_vectors>12</mesocyclone_shear_vectors>
      <mesocyclone_shear_features>2</mesocyclone_shear_features>
      <elevations>
        <elevation site="isn" units="&#176;">0.5</elevation>
        <elevation site="mem" units="&#176;">2.5</elevation>
      </elevations>
      <mean_dbz units="DBZ">32.76</mean_dbz>
      <max_dbz units="DBZ">47.72</max_dbz>
      <mesocyclone_velocity_max units="m/s">31.210131</mesocyclone_velocity_max>
      <mesocyclone_velocity_rotational_max units="m/s">13.381926</mesocyclone_velocity_rotational_max>
      <mesocyclone_velocity_rotational_mean units="m/s">10.305297</mesocyclone_velocity_rotational_mean>
      <mesocyclone_velocity_rotational_max_closest_to_ground units="m/s">13.267466</mesocyclone_velocity_rotational_max_closest_to_ground>
      <meso_intensity>2</meso_intensity>
    </nowcast-parameters>
  </event>
  <event ID="52">
    <time time-coordinate="UTC">2021-07-08T11:50:00</time>
    <location>
      <area>
        <ellipse>
          <moving-point>
            <latitude>47.039065</latitude>
            <longitude>10.598973</longitude>
            <polar_motion>
              <speed units="km/h">0.0</speed>
            </polar_motion>
          </moving-point>
          <major_axis units="km">6.13</major_axis>
          <minor_axis units="km">6.13</minor_axis>
          <orientation units="degrees true">0</orientation>
        </ellipse>
      </area>
    </location>
    <nowcast-parameters>
      <mesocyclone_shear_mean units="m/s/km">4.914050</mesocyclone_shear_mean>
      <mesocyclone_shear_max units="m/s/km">8.589140</mesocyclone_shear_max>
      <mesocyclone_momentum_mean units="m/s/km">99.018254</mesocyclone_momentum_mean>
      <mesocyclone_momentum_max units="m/s/km">277.521027</mesocyclone_momentum_max>
      <mesocyclone_diameter units="km">6.130961</mesocyclone_diameter>
      <mesocyclone_diameter_equivalent units="km">4.105213</mesocyclone_diameter_equivalent>
      <mesocyclone_top units="km">9.715298</mesocyclone_top>
      <mesocyclone_base units="km">3.584374</mesocyclone_base>
      <mesocyclone_echotop units="km">8.477916</mesocyclone_echotop>
      <mesocyclone_vil units="kg/m*m">9.573961</mesocyclone_vil>
      <mesocyclone_shear_vectors>11</mesocyclone_shear_vectors>
      <mesocyclone_shear_features>2</mesocyclone_shear_features>
      <elevations>
        <elevation site="isn" units="&#176;">1.5,2.5</elevation>
      </elevations>
      <mean_dbz units="DBZ">38.01</mean_dbz>
      <max_dbz units="DBZ">51.57</max_dbz>
      <mesocyclone_velocity_max units="m/s">31.715561</mesocyclone_velocity_max>
      <mesocyclone_velocity_rotational_max units="m/s">20.090732</mesocyclone_velocity_rotational_max>
      <mesocyclone_velocity_rotational_mean units="m/s">10.084476</mesocyclone_velocity_rotational_mean>
      <mesocyclone_velocity_rotational_max_closest_to_ground units="m/s">18.700808</mesocyclone_velocity_rotational_max_closest_to_ground>
      <meso_intensity>2</meso_intensity>
    </nowcast-parameters>
  </event>
</nowcast-data>
