<?xml version="1.0" encoding="UTF-8"?>
<nowcast-data>
  <radar-stations>ASB,BOO,ROS,HNR,UMD,PRO,ESS,FLD,DRS,NEU,NHB,OFT,EIS,TUR,ISN,FBG,MEM</radar-stations>
  <event ID="17">
    <time time-coordinate="UTC">2021-07-07T23:30:00</time>
    <location>
      <area>
        <ellipse>
          <moving-point>
            <latitude>47.827695</latitude>
            <longitude>9.687089</longitude>
            <polar_motion>
              <speed units="km/h">0.0</speed>
            </polar_motion>
          </moving-point>
          <major_axis units="km">10.00</major_axis>
          <minor_axis units="km">10.00</minor_axis>
          <orientation units="degrees true">0</orientation>
        </ellipse>
      </area>
    </location>
    <nowcast-parameters>
      <mesocyclone_shear_mean units="m/s/km">2.239476</mesocyclone_shear_mean>
      <mesocyclone_shear_max units="m/s/km">3.885353</mesocyclone_shear_max>
      <mesocyclone_momentum_mean units="m/s/km">130.877783</mesocyclone_momentum_mean>
      <mesocyclone_momentum_max units="m/s/km">330.850503</mesocyclone_momentum_max>
      <mesocyclone_diameter units="km">10.000000</mesocyclone_diameter>
      <mesocyclone_diameter_equivalent units="km">6.812831</mesocyclone_diameter_equivalent>
      <mesocyclone_top units="km">4.072211</mesocyclone_top>
      <mesocyclone_base units="km">2.686889</mesocyclone_base>
      <mesocyclone_echotop units="km">5.503763</mesocyclone_echotop>
      <mesocyclone_vil units="kg/m*m">4.137031</mesocyclone_vil>
      <mesocyclone_shear_vectors>18</mesocyclone_shear_vectors>
      <mesocyclone_shear_features>2</mesocyclone_shear_features>
      <elevations>
        <elevation site="mem" units="&#176;">3.5,4.5</elevation>
      </elevations>
      <mean_dbz units="DBZ">33.13</mean_dbz>
      <max_dbz units="DBZ">49.91</max_dbz>
      <mesocyclone_velocity_max units="m/s">22.092804</mesocyclone_velocity_max>
      <mesocyclone_velocity_rotational_max units="m/s">17.926732</mesocyclone_velocity_rotational_max>
      <mesocyclone_velocity_rotational_mean units="m/s">8.087080</mesocyclone_velocity_rotational_mean>
      <mesocyclone_velocity_rotational_max_closest_to_ground units="m/s">17.926732</mesocyclone_velocity_rotational_max_closest_to_ground>
      <meso_intensity>1</meso_intensity>
    </nowcast-parameters>
  </event>
</nowcast-data>
