<?xml version="1.0" encoding="UTF-8"?>
<nowcast-data>
  <radar-stations>ASB,BOO,ROS,HNR,UMD,PRO,ESS,FLD,DRS,NEU,NHB,OFT,EIS,TUR,ISN,FBG,MEM</radar-stations>
  <event ID="25">
    <time time-coordinate="UTC">2021-07-06T23:25:00</time>
    <location>
      <area>
        <ellipse>
          <moving-point>
            <latitude>50.959168</latitude>
            <longitude>13.603358</longitude>
            <polar_motion>
              <speed units="km/h">0.0</speed>
            </polar_motion>
          </moving-point>
          <major_axis units="km">10.00</major_axis>
          <minor_axis units="km">10.00</minor_axis>
          <orientation units="degrees true">0</orientation>
        </ellipse>
      </area>
    </location>
    <nowcast-parameters>
      <mesocyclone_shear_mean units="m/s/km">4.465154</mesocyclone_shear_mean>
      <mesocyclone_shear_max units="m/s/km">8.222446</mesocyclone_shear_max>
      <mesocyclone_momentum_mean units="m/s/km">59.354290</mesocyclone_momentum_mean>
      <mesocyclone_momentum_max units="m/s/km">213.501757</mesocyclone_momentum_max>
      <mesocyclone_diameter units="km">10.000000</mesocyclone_diameter>
      <mesocyclone_diameter_equivalent units="km">4.712759</mesocyclone_diameter_equivalent>
      <mesocyclone_top units="km">5.216301</mesocyclone_top>
      <mesocyclone_base units="km">2.186031</mesocyclone_base>
      <mesocyclone_echotop units="km">4.696941</mesocyclone_echotop>
      <mesocyclone_vil units="kg/m*m">5.041806</mesocyclone_vil>
      <mesocyclone_shear_vectors>19</mesocyclone_shear_vectors>
      <mesocyclone_shear_features>3</mesocyclone_shear_features>
      <elevations>
        <elevation site="drs" units="&#176;">8.0,12.0</elevation>
        <elevation site="eis" units="&#176;">0.5</elevation>
      </elevations>
      <mean_dbz units="DBZ">33.98</mean_dbz>
      <max_dbz units="DBZ">48.72</max_dbz>
      <mesocyclone_velocity_max units="m/s">27.346500</mesocyclone_velocity_max>
      <mesocyclone_velocity_rotational_max units="m/s">17.768927</mesocyclone_velocity_rotational_max>
      <mesocyclone_velocity_rotational_mean units="m/s">7.733033</mesocyclone_velocity_rotational_mean>
      <mesocyclone_velocity_rotational_max_closest_to_ground units="m/s">17.768927</mesocyclone_velocity_rotational_max_closest_to_ground>
      <meso_intensity>2</meso_intensity>
    </nowcast-parameters>
  </event>
</nowcast-data>
