<?xml version="1.0" encoding="UTF-8"?>
<nowcast-data>
  <radar-stations>ASB,BOO,ROS,HNR,UMD,PRO,ESS,FLD,DRS,NEU,NHB,OFT,EIS,TUR,ISN,FBG,MEM</radar-stations>
  <event ID="45">
    <time time-coordinate="UTC">2021-07-08T04:20:00</time>
    <location>
      <area>
        <ellipse>
          <moving-point>
            <latitude>47.937254</latitude>
            <longitude>9.662177</longitude>
            <polar_motion>
              <speed units="km/h">0.0</speed>
            </polar_motion>
          </moving-point>
          <major_axis units="km">11.50</major_axis>
          <minor_axis units="km">11.50</minor_axis>
          <orientation units="degrees true">0</orientation>
        </ellipse>
      </area>
    </location>
    <nowcast-parameters>
      <mesocyclone_shear_mean units="m/s/km">3.133692</mesocyclone_shear_mean>
      <mesocyclone_shear_max units="m/s/km">13.747737</mesocyclone_shear_max>
      <mesocyclone_momentum_mean units="m/s/km">117.411966</mesocyclone_momentum_mean>
      <mesocyclone_momentum_max units="m/s/km">313.237047</mesocyclone_momentum_max>
      <mesocyclone_diameter units="km">11.500000</mesocyclone_diameter>
      <mesocyclone_diameter_equivalent units="km">6.534118</mesocyclone_diameter_equivalent>
      <mesocyclone_top units="km">4.702735</mesocyclone_top>
      <mesocyclone_base units="km">2.442262</mesocyclone_base>
      <mesocyclone_echotop units="km">7.459677</mesocyclone_echotop>
      <mesocyclone_vil units="kg/m*m">17.886130</mesocyclone_vil>
      <mesocyclone_shear_vectors>18</mesocyclone_shear_vectors>
      <mesocyclone_shear_features>3</mesocyclone_shear_features>
      <elevations>
        <elevation site="mem" units="&#176;">3.5,4.5,5.5</elevation>
      </elevations>
      <mean_dbz units="DBZ">40.82</mean_dbz>
      <max_dbz units="DBZ">57.68</max_dbz>
      <mesocyclone_velocity_max units="m/s">22.850269</mesocyclone_velocity_max>
      <mesocyclone_velocity_rotational_max units="m/s">16.664285</mesocyclone_velocity_rotational_max>
      <mesocyclone_velocity_rotational_mean units="m/s">8.588458</mesocyclone_velocity_rotational_mean>
      <mesocyclone_velocity_rotational_max_closest_to_ground units="m/s">16.664285</mesocyclone_velocity_rotational_max_closest_to_ground>
      <meso_intensity>2</meso_intensity>
    </nowcast-parameters>
  </event>
</nowcast-data>
