<?xml version="1.0" encoding="UTF-8"?>
<nowcast-data>
  <radar-stations>ASB,BOO,ROS,HNR,UMD,PRO,ESS,FLD,DRS,NEU,NHB,OFT,EIS,TUR,ISN,FBG,MEM</radar-stations>
  <event ID="50">
    <time time-coordinate="UTC">2021-07-08T03:25:00</time>
    <location>
      <area>
        <ellipse>
          <moving-point>
            <latitude>48.085982</latitude>
            <longitude>9.867887</longitude>
            <polar_motion>
              <speed units="km/h">0.0</speed>
            </polar_motion>
          </moving-point>
          <major_axis units="km">8.25</major_axis>
          <minor_axis units="km">8.25</minor_axis>
          <orientation units="degrees true">0</orientation>
        </ellipse>
      </area>
    </location>
    <nowcast-parameters>
      <mesocyclone_shear_mean units="m/s/km">3.752371</mesocyclone_shear_mean>
      <mesocyclone_shear_max units="m/s/km">7.009819</mesocyclone_shear_max>
      <mesocyclone_momentum_mean units="m/s/km">53.629272</mesocyclone_momentum_mean>
      <mesocyclone_momentum_max units="m/s/km">127.649895</mesocyclone_momentum_max>
      <mesocyclone_diameter units="km">8.250000</mesocyclone_diameter>
      <mesocyclone_diameter_equivalent units="km">3.971460</mesocyclone_diameter_equivalent>
      <mesocyclone_top units="km">4.137664</mesocyclone_top>
      <mesocyclone_base units="km">1.931887</mesocyclone_base>
      <mesocyclone_echotop units="km">8.483703</mesocyclone_echotop>
      <mesocyclone_vil units="kg/m*m">7.660589</mesocyclone_vil>
      <mesocyclone_shear_vectors>13</mesocyclone_shear_vectors>
      <mesocyclone_shear_features>3</mesocyclone_shear_features>
      <elevations>
        <elevation site="mem" units="&#176;">4.5,5.5,8.0</elevation>
      </elevations>
      <mean_dbz units="DBZ">39.01</mean_dbz>
      <max_dbz units="DBZ">52.86</max_dbz>
      <mesocyclone_velocity_max units="m/s">12.498215</mesocyclone_velocity_max>
      <mesocyclone_velocity_rotational_max units="m/s">7.827166</mesocyclone_velocity_rotational_max>
      <mesocyclone_velocity_rotational_mean units="m/s">6.646167</mesocyclone_velocity_rotational_mean>
      <mesocyclone_velocity_rotational_max_closest_to_ground units="m/s">7.827166</mesocyclone_velocity_rotational_max_closest_to_ground>
      <meso_intensity>2</meso_intensity>
    </nowcast-parameters>
  </event>
  <event ID="27">
    <time time-coordinate="UTC">2021-07-08T03:25:00</time>
    <location>
      <area>
        <ellipse>
          <moving-point>
            <latitude>47.014151</latitude>
            <longitude>9.351806</longitude>
            <polar_motion>
              <speed units="km/h">0.0</speed>
            </polar_motion>
          </moving-point>
          <major_axis units="km">7.50</major_axis>
          <minor_axis units="km">7.50</minor_axis>
          <orientation units="degrees true">0</orientation>
        </ellipse>
      </area>
    </location>
    <nowcast-parameters>
      <mesocyclone_shear_mean units="m/s/km">4.594908</mesocyclone_shear_mean>
      <mesocyclone_shear_max units="m/s/km">9.781542</mesocyclone_shear_max>
      <mesocyclone_momentum_mean units="m/s/km">69.988474</mesocyclone_momentum_mean>
      <mesocyclone_momentum_max units="m/s/km">198.383037</mesocyclone_momentum_max>
      <mesocyclone_diameter units="km">7.500000</mesocyclone_diameter>
      <mesocyclone_diameter_equivalent units="km">4.592917</mesocyclone_diameter_equivalent>
      <mesocyclone_top units="km">5.358543</mesocyclone_top>
      <mesocyclone_base units="km">1.564663</mesocyclone_base>
      <mesocyclone_echotop units="km">6.448680</mesocyclone_echotop>
      <mesocyclone_vil units="kg/m*m">9.872044</mesocyclone_vil>
      <mesocyclone_shear_vectors>16</mesocyclone_shear_vectors>
      <mesocyclone_shear_features>2</mesocyclone_shear_features>
      <elevations>
        <elevation site="tur" units="&#176;">0.5</elevation>
        <elevation site="mem" units="&#176;">1.5</elevation>
      </elevations>
      <mean_dbz units="DBZ">44.60</mean_dbz>
      <max_dbz units="DBZ">56.38</max_dbz>
      <mesocyclone_velocity_max units="m/s">30.172455</mesocyclone_velocity_max>
      <mesocyclone_velocity_rotational_max units="m/s">16.033063</mesocyclone_velocity_rotational_max>
      <mesocyclone_velocity_rotational_mean units="m/s">8.023836</mesocyclone_velocity_rotational_mean>
      <mesocyclone_velocity_rotational_max_closest_to_ground units="m/s">12.692089</mesocyclone_velocity_rotational_max_closest_to_ground>
      <meso_intensity>2</meso_intensity>
    </nowcast-parameters>
  </event>
</nowcast-data>
