<?xml version="1.0" encoding="UTF-8"?>
<nowcast-data>
  <radar-stations>ASB,BOO,ROS,HNR,UMD,PRO,ESS,FLD,DRS,NEU,NHB,OFT,EIS,TUR,ISN,FBG,MEM</radar-stations>
  <event ID="5">
    <time time-coordinate="UTC">2021-07-08T15:20:00</time>
    <location>
      <area>
        <ellipse>
          <moving-point>
            <latitude>52.090768</latitude>
            <longitude>7.227945</longitude>
            <polar_motion>
              <speed units="km/h">0.0</speed>
            </polar_motion>
          </moving-point>
          <major_axis units="km">9.75</major_axis>
          <minor_axis units="km">9.75</minor_axis>
          <orientation units="degrees true">0</orientation>
        </ellipse>
      </area>
    </location>
    <nowcast-parameters>
      <mesocyclone_shear_mean units="m/s/km">5.354112</mesocyclone_shear_mean>
      <mesocyclone_shear_max units="m/s/km">18.105783</mesocyclone_shear_max>
      <mesocyclone_momentum_mean units="m/s/km">89.045595</mesocyclone_momentum_mean>
      <mesocyclone_momentum_max units="m/s/km">238.492160</mesocyclone_momentum_max>
      <mesocyclone_diameter units="km">9.750000</mesocyclone_diameter>
      <mesocyclone_diameter_equivalent units="km">5.669733</mesocyclone_diameter_equivalent>
      <mesocyclone_top units="km">7.418419</mesocyclone_top>
      <mesocyclone_base units="km">4.362640</mesocyclone_base>
      <mesocyclone_echotop units="km">9.242657</mesocyclone_echotop>
      <mesocyclone_vil units="kg/m*m">7.826561</mesocyclone_vil>
      <mesocyclone_shear_vectors>23</mesocyclone_shear_vectors>
      <mesocyclone_shear_features>2</mesocyclone_shear_features>
      <elevations>
        <elevation site="asb" units="&#176;">1.5</elevation>
        <elevation site="ess" units="&#176;">3.5</elevation>
      </elevations>
      <mean_dbz units="DBZ">32.25</mean_dbz>
      <max_dbz units="DBZ">51.10</max_dbz>
      <mesocyclone_velocity_max units="m/s">22.809757</mesocyclone_velocity_max>
      <mesocyclone_velocity_rotational_max units="m/s">15.752594</mesocyclone_velocity_rotational_max>
      <mesocyclone_velocity_rotational_mean units="m/s">9.203860</mesocyclone_velocity_rotational_mean>
      <mesocyclone_velocity_rotational_max_closest_to_ground units="m/s">15.500551</mesocyclone_velocity_rotational_max_closest_to_ground>
      <meso_intensity>3</meso_intensity>
    </nowcast-parameters>
  </event>
  <event ID="25">
    <time time-coordinate="UTC">2021-07-08T15:20:00</time>
    <location>
      <area>
        <ellipse>
          <moving-point>
            <latitude>51.269046</latitude>
            <longitude>9.497655</longitude>
            <polar_motion>
              <speed units="km/h">0.0</speed>
            </polar_motion>
          </moving-point>
          <major_axis units="km">11.52</major_axis>
          <minor_axis units="km">11.52</minor_axis>
          <orientation units="degrees true">0</orientation>
        </ellipse>
      </area>
    </location>
    <nowcast-parameters>
      <mesocyclone_shear_mean units="m/s/km">3.841868</mesocyclone_shear_mean>
      <mesocyclone_shear_max units="m/s/km">8.770735</mesocyclone_shear_max>
      <mesocyclone_momentum_mean units="m/s/km">182.463331</mesocyclone_momentum_mean>
      <mesocyclone_momentum_max units="m/s/km">493.072113</mesocyclone_momentum_max>
      <mesocyclone_diameter units="km">11.523872</mesocyclone_diameter>
      <mesocyclone_diameter_equivalent units="km">6.057350</mesocyclone_diameter_equivalent>
      <mesocyclone_top units="km">9.365328</mesocyclone_top>
      <mesocyclone_base units="km">4.003862</mesocyclone_base>
      <mesocyclone_echotop units="km">8.295382</mesocyclone_echotop>
      <mesocyclone_vil units="kg/m*m">9.286071</mesocyclone_vil>
      <mesocyclone_shear_vectors>12</mesocyclone_shear_vectors>
      <mesocyclone_shear_features>2</mesocyclone_shear_features>
      <elevations>
        <elevation site="umd" units="&#176;">2.5</elevation>
        <elevation site="oft" units="&#176;">1.5</elevation>
      </elevations>
      <mean_dbz units="DBZ">34.27</mean_dbz>
      <max_dbz units="DBZ">57.07</max_dbz>
      <mesocyclone_velocity_max units="m/s">31.379168</mesocyclone_velocity_max>
      <mesocyclone_velocity_rotational_max units="m/s">18.146987</mesocyclone_velocity_rotational_max>
      <mesocyclone_velocity_rotational_mean units="m/s">11.125832</mesocyclone_velocity_rotational_mean>
      <mesocyclone_velocity_rotational_max_closest_to_ground units="m/s">15.122491</mesocyclone_velocity_rotational_max_closest_to_ground>
      <meso_intensity>3</meso_intensity>
    </nowcast-parameters>
  </event>
  <event ID="17">
    <time time-coordinate="UTC">2021-07-08T15:20:00</time>
    <location>
      <area>
        <ellipse>
          <moving-point>
            <latitude>51.128839</latitude>
            <longitude>9.476310</longitude>
            <polar_motion>
              <speed units="km/h">0.0</speed>
            </polar_motion>
          </moving-point>
          <major_axis units="km">9.82</major_axis>
          <minor_axis units="km">9.82</minor_axis>
          <orientation units="degrees true">0</orientation>
        </ellipse>
      </area>
    </location>
    <nowcast-parameters>
      <mesocyclone_shear_mean units="m/s/km">6.494792</mesocyclone_shear_mean>
      <mesocyclone_shear_max units="m/s/km">10.644459</mesocyclone_shear_max>
      <mesocyclone_momentum_mean units="m/s/km">88.832545</mesocyclone_momentum_mean>
      <mesocyclone_momentum_max units="m/s/km">298.301030</mesocyclone_momentum_max>
      <mesocyclone_diameter units="km">9.821702</mesocyclone_diameter>
      <mesocyclone_diameter_equivalent units="km">4.557058</mesocyclone_diameter_equivalent>
      <mesocyclone_top units="km">7.364147</mesocyclone_top>
      <mesocyclone_base units="km">1.412685</mesocyclone_base>
      <mesocyclone_echotop units="km">7.207257</mesocyclone_echotop>
      <mesocyclone_vil units="kg/m*m">21.813165</mesocyclone_vil>
      <mesocyclone_shear_vectors>20</mesocyclone_shear_vectors>
      <mesocyclone_shear_features>2</mesocyclone_shear_features>
      <elevations>
        <elevation site="umd" units="&#176;">0.5,1.5</elevation>
      </elevations>
      <mean_dbz units="DBZ">45.07</mean_dbz>
      <max_dbz units="DBZ">61.28</max_dbz>
      <mesocyclone_velocity_max units="m/s">24.574043</mesocyclone_velocity_max>
      <mesocyclone_velocity_rotational_max units="m/s">14.870449</mesocyclone_velocity_rotational_max>
      <mesocyclone_velocity_rotational_mean units="m/s">10.553071</mesocyclone_velocity_rotational_mean>
      <mesocyclone_velocity_rotational_max_closest_to_ground units="m/s">14.870449</mesocyclone_velocity_rotational_max_closest_to_ground>
      <meso_intensity>2</meso_intensity>
    </nowcast-parameters>
  </event>
  <event ID="53">
    <time time-coordinate="UTC">2021-07-08T15:20:00</time>
    <location>
      <area>
        <ellipse>
          <moving-point>
            <latitude>49.462668</latitude>
            <longitude>13.417264</longitude>
            <polar_motion>
              <speed units="km/h">0.0</speed>
            </polar_motion>
          </moving-point>
          <major_axis units="km">16.25</major_axis>
          <minor_axis units="km">16.25</minor_axis>
          <orientation units="degrees true">0</orientation>
        </ellipse>
      </area>
    </location>
    <nowcast-parameters>
      <mesocyclone_shear_mean units="m/s/km">4.180979</mesocyclone_shear_mean>
      <mesocyclone_shear_max units="m/s/km">8.792739</mesocyclone_shear_max>
      <mesocyclone_momentum_mean units="m/s/km">126.579575</mesocyclone_momentum_mean>
      <mesocyclone_momentum_max units="m/s/km">1338.831265</mesocyclone_momentum_max>
      <mesocyclone_diameter units="km">16.250000</mesocyclone_diameter>
      <mesocyclone_diameter_equivalent units="km">9.048715</mesocyclone_diameter_equivalent>
      <mesocyclone_top units="km">8.016564</mesocyclone_top>
      <mesocyclone_base units="km">0.667371</mesocyclone_base>
      <mesocyclone_echotop units="km">10.873902</mesocyclone_echotop>
      <mesocyclone_vil units="kg/m*m">27.952447</mesocyclone_vil>
      <mesocyclone_shear_vectors>56</mesocyclone_shear_vectors>
      <mesocyclone_shear_features>4</mesocyclone_shear_features>
      <elevations>
        <elevation site="neu" units="&#176;">0.5</elevation>
        <elevation site="eis" units="&#176;">0.5</elevation>
        <elevation site="isn" units="&#176;">0.5,1.5</elevation>
      </elevations>
      <mean_dbz units="DBZ">41.92</mean_dbz>
      <max_dbz units="DBZ">60.01</max_dbz>
      <mesocyclone_velocity_max units="m/s">31.715559</mesocyclone_velocity_max>
      <mesocyclone_velocity_rotational_max units="m/s">42.834955</mesocyclone_velocity_rotational_max>
      <mesocyclone_velocity_rotational_mean units="m/s">9.708831</mesocyclone_velocity_rotational_mean>
      <mesocyclone_velocity_rotational_max_closest_to_ground units="m/s">9.199513</mesocyclone_velocity_rotational_max_closest_to_ground>
      <meso_intensity>4</meso_intensity>
    </nowcast-parameters>
  </event>
  <event ID="63">
    <time time-coordinate="UTC">2021-07-08T15:20:00</time>
    <location>
      <area>
        <ellipse>
          <moving-point>
            <latitude>48.732873</latitude>
            <longitude>13.500543</longitude>
            <polar_motion>
              <speed units="km/h">0.0</speed>
            </polar_motion>
          </moving-point>
          <major_axis units="km">18.25</major_axis>
          <minor_axis units="km">18.25</minor_axis>
          <orientation units="degrees true">0</orientation>
        </ellipse>
      </area>
    </location>
    <nowcast-parameters>
      <mesocyclone_shear_mean units="m/s/km">4.505683</mesocyclone_shear_mean>
      <mesocyclone_shear_max units="m/s/km">11.892881</mesocyclone_shear_max>
      <mesocyclone_momentum_mean units="m/s/km">134.884622</mesocyclone_momentum_mean>
      <mesocyclone_momentum_max units="m/s/km">1175.649127</mesocyclone_momentum_max>
      <mesocyclone_diameter units="km">18.250000</mesocyclone_diameter>
      <mesocyclone_diameter_equivalent units="km">8.933072</mesocyclone_diameter_equivalent>
      <mesocyclone_top units="km">9.307384</mesocyclone_top>
      <mesocyclone_base units="km">1.100114</mesocyclone_base>
      <mesocyclone_echotop units="km">11.658820</mesocyclone_echotop>
      <mesocyclone_vil units="kg/m*m">50.970889</mesocyclone_vil>
      <mesocyclone_shear_vectors>36</mesocyclone_shear_vectors>
      <mesocyclone_shear_features>5</mesocyclone_shear_features>
      <elevations>
        <elevation site="eis" units="&#176;">0.5,1.5,2.5</elevation>
        <elevation site="isn" units="&#176;">1.5,3.5</elevation>
      </elevations>
      <mean_dbz units="DBZ">49.84</mean_dbz>
      <max_dbz units="DBZ">64.52</max_dbz>
      <mesocyclone_velocity_max units="m/s">31.127127</mesocyclone_velocity_max>
      <mesocyclone_velocity_rotational_max units="m/s">39.948576</mesocyclone_velocity_rotational_max>
      <mesocyclone_velocity_rotational_mean units="m/s">10.411288</mesocyclone_velocity_rotational_mean>
      <mesocyclone_velocity_rotational_max_closest_to_ground units="m/s">13.358200</mesocyclone_velocity_rotational_max_closest_to_ground>
      <meso_intensity>5</meso_intensity>
    </nowcast-parameters>
  </event>
  <event ID="80">
    <time time-coordinate="UTC">2021-07-08T15:20:00</time>
    <location>
      <area>
        <ellipse>
          <moving-point>
            <latitude>48.083921</latitude>
            <longitude>9.014195</longitude>
            <polar_motion>
              <speed units="km/h">0.0</speed>
            </polar_motion>
          </moving-point>
          <major_axis units="km">8.53</major_axis>
          <minor_axis units="km">8.53</minor_axis>
          <orientation units="degrees true">0</orientation>
        </ellipse>
      </area>
    </location>
    <nowcast-parameters>
      <mesocyclone_shear_mean units="m/s/km">3.280378</mesocyclone_shear_mean>
      <mesocyclone_shear_max units="m/s/km">7.895048</mesocyclone_shear_max>
      <mesocyclone_momentum_mean units="m/s/km">94.132994</mesocyclone_momentum_mean>
      <mesocyclone_momentum_max units="m/s/km">197.509832</mesocyclone_momentum_max>
      <mesocyclone_diameter units="km">8.533091</mesocyclone_diameter>
      <mesocyclone_diameter_equivalent units="km">4.786450</mesocyclone_diameter_equivalent>
      <mesocyclone_top units="km">7.176357</mesocyclone_top>
      <mesocyclone_base units="km">4.573481</mesocyclone_base>
      <mesocyclone_echotop units="km">7.860130</mesocyclone_echotop>
      <mesocyclone_vil units="kg/m*m">6.211299</mesocyclone_vil>
      <mesocyclone_shear_vectors>10</mesocyclone_shear_vectors>
      <mesocyclone_shear_features>2</mesocyclone_shear_features>
      <elevations>
        <elevation site="tur" units="&#176;">3.5,4.5</elevation>
      </elevations>
      <mean_dbz units="DBZ">33.08</mean_dbz>
      <max_dbz units="DBZ">49.24</max_dbz>
      <mesocyclone_velocity_max units="m/s">23.480368</mesocyclone_velocity_max>
      <mesocyclone_velocity_rotational_max units="m/s">11.042117</mesocyclone_velocity_rotational_max>
      <mesocyclone_velocity_rotational_mean units="m/s">7.568493</mesocyclone_velocity_rotational_mean>
      <mesocyclone_velocity_rotational_max_closest_to_ground units="m/s">11.042117</mesocyclone_velocity_rotational_max_closest_to_ground>
      <meso_intensity>2</meso_intensity>
    </nowcast-parameters>
  </event>
  <event ID="104">
    <time time-coordinate="UTC">2021-07-08T15:20:00</time>
    <location>
      <area>
        <ellipse>
          <moving-point>
            <latitude>47.873208</latitude>
            <longitude>11.703118</longitude>
            <polar_motion>
              <speed units="km/h">0.0</speed>
            </polar_motion>
          </moving-point>
          <major_axis units="km">12.75</major_axis>
          <minor_axis units="km">12.75</minor_axis>
          <orientation units="degrees true">0</orientation>
        </ellipse>
      </area>
    </location>
    <nowcast-parameters>
      <mesocyclone_shear_mean units="m/s/km">3.137647</mesocyclone_shear_mean>
      <mesocyclone_shear_max units="m/s/km">5.418855</mesocyclone_shear_max>
      <mesocyclone_momentum_mean units="m/s/km">102.309790</mesocyclone_momentum_mean>
      <mesocyclone_momentum_max units="m/s/km">229.622062</mesocyclone_momentum_max>
      <mesocyclone_diameter units="km">12.750000</mesocyclone_diameter>
      <mesocyclone_diameter_equivalent units="km">10.163438</mesocyclone_diameter_equivalent>
      <mesocyclone_top units="km">6.436778</mesocyclone_top>
      <mesocyclone_base units="km">3.638338</mesocyclone_base>
      <mesocyclone_echotop units="km">9.103314</mesocyclone_echotop>
      <mesocyclone_vil units="kg/m*m">5.954379</mesocyclone_vil>
      <mesocyclone_shear_vectors>50</mesocyclone_shear_vectors>
      <mesocyclone_shear_features>3</mesocyclone_shear_features>
      <elevations>
        <elevation site="isn" units="&#176;">4.5,5.5,8.0</elevation>
      </elevations>
      <mean_dbz units="DBZ">29.66</mean_dbz>
      <max_dbz units="DBZ">47.93</max_dbz>
      <mesocyclone_velocity_max units="m/s">30.451990</mesocyclone_velocity_max>
      <mesocyclone_velocity_rotational_max units="m/s">11.119400</mesocyclone_velocity_rotational_max>
      <mesocyclone_velocity_rotational_mean units="m/s">8.531717</mesocyclone_velocity_rotational_mean>
      <mesocyclone_velocity_rotational_max_closest_to_ground units="m/s">7.960479</mesocyclone_velocity_rotational_max_closest_to_ground>
      <meso_intensity>1</meso_intensity>
    </nowcast-parameters>
  </event>
  <event ID="102">
    <time time-coordinate="UTC">2021-07-08T15:20:00</time>
    <location>
      <area>
        <ellipse>
          <moving-point>
            <latitude>47.708978</latitude>
            <longitude>11.709054</longitude>
            <polar_motion>
              <speed units="km/h">0.0</speed>
            </polar_motion>
          </moving-point>
          <major_axis units="km">14.25</major_axis>
          <minor_axis units="km">14.25</minor_axis>
          <orientation units="degrees true">0</orientation>
        </ellipse>
      </area>
    </location>
    <nowcast-parameters>
      <mesocyclone_shear_mean units="m/s/km">3.880444</mesocyclone_shear_mean>
      <mesocyclone_shear_max units="m/s/km">10.308500</mesocyclone_shear_max>
      <mesocyclone_momentum_mean units="m/s/km">76.691189</mesocyclone_momentum_mean>
      <mesocyclone_momentum_max units="m/s/km">175.290861</mesocyclone_momentum_max>
      <mesocyclone_diameter units="km">14.250000</mesocyclone_diameter>
      <mesocyclone_diameter_equivalent units="km">6.883225</mesocyclone_diameter_equivalent>
      <mesocyclone_top units="km">6.288125</mesocyclone_top>
      <mesocyclone_base units="km">4.209233</mesocyclone_base>
      <mesocyclone_echotop units="km">9.285047</mesocyclone_echotop>
      <mesocyclone_vil units="kg/m*m">8.553527</mesocyclone_vil>
      <mesocyclone_shear_vectors>27</mesocyclone_shear_vectors>
      <mesocyclone_shear_features>2</mesocyclone_shear_features>
      <elevations>
        <elevation site="isn" units="&#176;">4.5,5.5</elevation>
      </elevations>
      <mean_dbz units="DBZ">31.81</mean_dbz>
      <max_dbz units="DBZ">51.30</max_dbz>
      <mesocyclone_velocity_max units="m/s">31.462849</mesocyclone_velocity_max>
      <mesocyclone_velocity_rotational_max units="m/s">10.740328</mesocyclone_velocity_rotational_max>
      <mesocyclone_velocity_rotational_mean units="m/s">7.485787</mesocyclone_velocity_rotational_mean>
      <mesocyclone_velocity_rotational_max_closest_to_ground units="m/s">8.339549</mesocyclone_velocity_rotational_max_closest_to_ground>
      <meso_intensity>2</meso_intensity>
    </nowcast-parameters>
  </event>
  <event ID="73">
    <time time-coordinate="UTC">2021-07-08T15:20:00</time>
    <location>
      <area>
        <ellipse>
          <moving-point>
            <latitude>47.613093</latitude>
            <longitude>11.545976</longitude>
            <polar_motion>
              <speed units="km/h">0.0</speed>
            </polar_motion>
          </moving-point>
          <major_axis units="km">12.75</major_axis>
          <minor_axis units="km">12.75</minor_axis>
          <orientation units="degrees true">0</orientation>
        </ellipse>
      </area>
    </location>
    <nowcast-parameters>
      <mesocyclone_shear_mean units="m/s/km">3.588031</mesocyclone_shear_mean>
      <mesocyclone_shear_max units="m/s/km">8.513933</mesocyclone_shear_max>
      <mesocyclone_momentum_mean units="m/s/km">80.833118</mesocyclone_momentum_mean>
      <mesocyclone_momentum_max units="m/s/km">246.624487</mesocyclone_momentum_max>
      <mesocyclone_diameter units="km">12.750000</mesocyclone_diameter>
      <mesocyclone_diameter_equivalent units="km">7.509798</mesocyclone_diameter_equivalent>
      <mesocyclone_top units="km">6.025650</mesocyclone_top>
      <mesocyclone_base units="km">1.704474</mesocyclone_base>
      <mesocyclone_echotop units="km">8.805031</mesocyclone_echotop>
      <mesocyclone_vil units="kg/m*m">6.623000</mesocyclone_vil>
      <mesocyclone_shear_vectors>30</mesocyclone_shear_vectors>
      <mesocyclone_shear_features>4</mesocyclone_shear_features>
      <elevations>
        <elevation site="tur" units="&#176;">0.5</elevation>
        <elevation site="isn" units="&#176;">2.5,3.5,4.5</elevation>
      </elevations>
      <mean_dbz units="DBZ">34.63</mean_dbz>
      <max_dbz units="DBZ">48.77</max_dbz>
      <mesocyclone_velocity_max units="m/s">30.451990</mesocyclone_velocity_max>
      <mesocyclone_velocity_rotational_max units="m/s">12.382967</mesocyclone_velocity_rotational_max>
      <mesocyclone_velocity_rotational_mean units="m/s">7.891666</mesocyclone_velocity_rotational_mean>
      <mesocyclone_velocity_rotational_max_closest_to_ground units="m/s">12.184404</mesocyclone_velocity_rotational_max_closest_to_ground>
      <meso_intensity>2</meso_intensity>
    </nowcast-parameters>
  </event>
  <event ID="97">
    <time time-coordinate="UTC">2021-07-08T15:20:00</time>
    <location>
      <area>
        <ellipse>
          <moving-point>
            <latitude>47.550468</latitude>
            <longitude>12.126440</longitude>
            <polar_motion>
              <speed units="km/h">0.0</speed>
            </polar_motion>
          </moving-point>
          <major_axis units="km">18.75</major_axis>
          <minor_axis units="km">18.75</minor_axis>
          <orientation units="degrees true">0</orientation>
        </ellipse>
      </area>
    </location>
    <nowcast-parameters>
      <mesocyclone_shear_mean units="m/s/km">3.084874</mesocyclone_shear_mean>
      <mesocyclone_shear_max units="m/s/km">6.353832</mesocyclone_shear_max>
      <mesocyclone_momentum_mean units="m/s/km">118.363936</mesocyclone_momentum_mean>
      <mesocyclone_momentum_max units="m/s/km">545.997839</mesocyclone_momentum_max>
      <mesocyclone_diameter units="km">18.750000</mesocyclone_diameter>
      <mesocyclone_diameter_equivalent units="km">9.916184</mesocyclone_diameter_equivalent>
      <mesocyclone_top units="km">6.323735</mesocyclone_top>
      <mesocyclone_base units="km">2.899445</mesocyclone_base>
      <mesocyclone_echotop units="km">8.267411</mesocyclone_echotop>
      <mesocyclone_vil units="kg/m*m">15.784453</mesocyclone_vil>
      <mesocyclone_shear_vectors>41</mesocyclone_shear_vectors>
      <mesocyclone_shear_features>5</mesocyclone_shear_features>
      <elevations>
        <elevation site="isn" units="&#176;">2.5,3.5,4.5,5.5</elevation>
        <elevation site="mem" units="&#176;">1.5</elevation>
      </elevations>
      <mean_dbz units="DBZ">40.15</mean_dbz>
      <max_dbz units="DBZ">58.11</max_dbz>
      <mesocyclone_velocity_max units="m/s">31.968277</mesocyclone_velocity_max>
      <mesocyclone_velocity_rotational_max units="m/s">20.848875</mesocyclone_velocity_rotational_max>
      <mesocyclone_velocity_rotational_mean units="m/s">8.384340</mesocyclone_velocity_rotational_mean>
      <mesocyclone_velocity_rotational_max_closest_to_ground units="m/s">13.520179</mesocyclone_velocity_rotational_max_closest_to_ground>
      <meso_intensity>3</meso_intensity>
    </nowcast-parameters>
  </event>
</nowcast-data>
