<?xml version="1.0" encoding="UTF-8"?>
<nowcast-data>
  <radar-stations>ASB,BOO,ROS,HNR,UMD,PRO,ESS,FLD,DRS,NEU,NHB,OFT,EIS,TUR,ISN,FBG,MEM</radar-stations>
  <event ID="42">
    <time time-coordinate="UTC">2021-07-08T07:10:00</time>
    <location>
      <area>
        <ellipse>
          <moving-point>
            <latitude>48.244868</latitude>
            <longitude>10.538336</longitude>
            <polar_motion>
              <speed units="km/h">0.0</speed>
            </polar_motion>
          </moving-point>
          <major_axis units="km">6.75</major_axis>
          <minor_axis units="km">6.75</minor_axis>
          <orientation units="degrees true">0</orientation>
        </ellipse>
      </area>
    </location>
    <nowcast-parameters>
      <mesocyclone_shear_mean units="m/s/km">7.259569</mesocyclone_shear_mean>
      <mesocyclone_shear_max units="m/s/km">11.965162</mesocyclone_shear_max>
      <mesocyclone_momentum_mean units="m/s/km">49.570907</mesocyclone_momentum_mean>
      <mesocyclone_momentum_max units="m/s/km">115.512745</mesocyclone_momentum_max>
      <mesocyclone_diameter units="km">6.750000</mesocyclone_diameter>
      <mesocyclone_diameter_equivalent units="km">3.393835</mesocyclone_diameter_equivalent>
      <mesocyclone_top units="km">3.699120</mesocyclone_top>
      <mesocyclone_base units="km">2.510948</mesocyclone_base>
      <mesocyclone_echotop units="km">6.966486</mesocyclone_echotop>
      <mesocyclone_vil units="kg/m*m">8.015553</mesocyclone_vil>
      <mesocyclone_shear_vectors>12</mesocyclone_shear_vectors>
      <mesocyclone_shear_features>2</mesocyclone_shear_features>
      <elevations>
        <elevation site="mem" units="&#176;">4.5,5.5</elevation>
      </elevations>
      <mean_dbz units="DBZ">38.12</mean_dbz>
      <max_dbz units="DBZ">57.41</max_dbz>
      <mesocyclone_velocity_max units="m/s">25.375160</mesocyclone_velocity_max>
      <mesocyclone_velocity_rotational_max units="m/s">11.993236</mesocyclone_velocity_rotational_max>
      <mesocyclone_velocity_rotational_mean units="m/s">9.106077</mesocyclone_velocity_rotational_mean>
      <mesocyclone_velocity_rotational_max_closest_to_ground units="m/s">11.614502</mesocyclone_velocity_rotational_max_closest_to_ground>
      <meso_intensity>1</meso_intensity>
    </nowcast-parameters>
  </event>
</nowcast-data>
