<?xml version="1.0" encoding="UTF-8"?>
<nowcast-data>
  <radar-stations>ASB,BOO,ROS,HNR,UMD,PRO,ESS,FLD,DRS,NEU,NHB,OFT,EIS,TUR,ISN,FBG,MEM</radar-stations>
  <event ID="8">
    <time time-coordinate="UTC">2021-07-08T13:35:00</time>
    <location>
      <area>
        <ellipse>
          <moving-point>
            <latitude>51.172624</latitude>
            <longitude>8.187458</longitude>
            <polar_motion>
              <speed units="km/h">0.0</speed>
            </polar_motion>
          </moving-point>
          <major_axis units="km">4.23</major_axis>
          <minor_axis units="km">4.23</minor_axis>
          <orientation units="degrees true">0</orientation>
        </ellipse>
      </area>
    </location>
    <nowcast-parameters>
      <mesocyclone_shear_mean units="m/s/km">4.874238</mesocyclone_shear_mean>
      <mesocyclone_shear_max units="m/s/km">6.342769</mesocyclone_shear_max>
      <mesocyclone_momentum_mean units="m/s/km">52.305913</mesocyclone_momentum_mean>
      <mesocyclone_momentum_max units="m/s/km">218.448938</mesocyclone_momentum_max>
      <mesocyclone_diameter units="km">4.234674</mesocyclone_diameter>
      <mesocyclone_diameter_equivalent units="km">3.437721</mesocyclone_diameter_equivalent>
      <mesocyclone_top units="km">7.691693</mesocyclone_top>
      <mesocyclone_base units="km">1.713171</mesocyclone_base>
      <mesocyclone_echotop units="km">7.033360</mesocyclone_echotop>
      <mesocyclone_vil units="kg/m*m">7.431473</mesocyclone_vil>
      <mesocyclone_shear_vectors>11</mesocyclone_shear_vectors>
      <mesocyclone_shear_features>2</mesocyclone_shear_features>
      <elevations>
        <elevation site="hnr" units="&#176;">1.5</elevation>
        <elevation site="nhb" units="&#176;">0.5</elevation>
      </elevations>
      <mean_dbz units="DBZ">32.53</mean_dbz>
      <max_dbz units="DBZ">50.47</max_dbz>
      <mesocyclone_velocity_max units="m/s">29.614872</mesocyclone_velocity_max>
      <mesocyclone_velocity_rotational_max units="m/s">17.768927</mesocyclone_velocity_rotational_max>
      <mesocyclone_velocity_rotational_mean units="m/s">7.773296</mesocyclone_velocity_rotational_mean>
      <mesocyclone_velocity_rotational_max_closest_to_ground units="m/s">9.224047</mesocyclone_velocity_rotational_max_closest_to_ground>
      <meso_intensity>2</meso_intensity>
    </nowcast-parameters>
  </event>
  <event ID="51">
    <time time-coordinate="UTC">2021-07-08T13:35:00</time>
    <location>
      <area>
        <ellipse>
          <moving-point>
            <latitude>48.800588</latitude>
            <longitude>12.387845</longitude>
            <polar_motion>
              <speed units="km/h">0.0</speed>
            </polar_motion>
          </moving-point>
          <major_axis units="km">20.75</major_axis>
          <minor_axis units="km">20.75</minor_axis>
          <orientation units="degrees true">0</orientation>
        </ellipse>
      </area>
    </location>
    <nowcast-parameters>
      <mesocyclone_shear_mean units="m/s/km">3.480729</mesocyclone_shear_mean>
      <mesocyclone_shear_max units="m/s/km">14.223158</mesocyclone_shear_max>
      <mesocyclone_momentum_mean units="m/s/km">126.455885</mesocyclone_momentum_mean>
      <mesocyclone_momentum_max units="m/s/km">557.644631</mesocyclone_momentum_max>
      <mesocyclone_diameter units="km">20.750000</mesocyclone_diameter>
      <mesocyclone_diameter_equivalent units="km">11.293024</mesocyclone_diameter_equivalent>
      <mesocyclone_top units="km">7.720310</mesocyclone_top>
      <mesocyclone_base units="km">3.029183</mesocyclone_base>
      <mesocyclone_echotop units="km">10.012066</mesocyclone_echotop>
      <mesocyclone_vil units="kg/m*m">17.318475</mesocyclone_vil>
      <mesocyclone_shear_vectors>58</mesocyclone_shear_vectors>
      <mesocyclone_shear_features>4</mesocyclone_shear_features>
      <elevations>
        <elevation site="eis" units="&#176;">2.5</elevation>
        <elevation site="isn" units="&#176;">2.5,4.5,5.5</elevation>
      </elevations>
      <mean_dbz units="DBZ">40.90</mean_dbz>
      <max_dbz units="DBZ">55.27</max_dbz>
      <mesocyclone_velocity_max units="m/s">31.968271</mesocyclone_velocity_max>
      <mesocyclone_velocity_rotational_max units="m/s">33.521519</mesocyclone_velocity_rotational_max>
      <mesocyclone_velocity_rotational_mean units="m/s">9.497750</mesocyclone_velocity_rotational_mean>
      <mesocyclone_velocity_rotational_max_closest_to_ground units="m/s">17.058169</mesocyclone_velocity_rotational_max_closest_to_ground>
      <meso_intensity>3</meso_intensity>
    </nowcast-parameters>
  </event>
  <event ID="52">
    <time time-coordinate="UTC">2021-07-08T13:35:00</time>
    <location>
      <area>
        <ellipse>
          <moving-point>
            <latitude>48.511494</latitude>
            <longitude>12.310412</longitude>
            <polar_motion>
              <speed units="km/h">0.0</speed>
            </polar_motion>
          </moving-point>
          <major_axis units="km">13.25</major_axis>
          <minor_axis units="km">13.25</minor_axis>
          <orientation units="degrees true">0</orientation>
        </ellipse>
      </area>
    </location>
    <nowcast-parameters>
      <mesocyclone_shear_mean units="m/s/km">3.980229</mesocyclone_shear_mean>
      <mesocyclone_shear_max units="m/s/km">11.308695</mesocyclone_shear_max>
      <mesocyclone_momentum_mean units="m/s/km">84.385530</mesocyclone_momentum_mean>
      <mesocyclone_momentum_max units="m/s/km">514.112656</mesocyclone_momentum_max>
      <mesocyclone_diameter units="km">13.250000</mesocyclone_diameter>
      <mesocyclone_diameter_equivalent units="km">5.972791</mesocyclone_diameter_equivalent>
      <mesocyclone_top units="km">7.432804</mesocyclone_top>
      <mesocyclone_base units="km">1.744276</mesocyclone_base>
      <mesocyclone_echotop units="km">6.230526</mesocyclone_echotop>
      <mesocyclone_vil units="kg/m*m">4.440457</mesocyclone_vil>
      <mesocyclone_shear_vectors>26</mesocyclone_shear_vectors>
      <mesocyclone_shear_features>5</mesocyclone_shear_features>
      <elevations>
        <elevation site="eis" units="&#176;">1.5</elevation>
        <elevation site="isn" units="&#176;">4.5,5.5</elevation>
        <elevation site="mem" units="&#176;">0.5,1.5</elevation>
      </elevations>
      <mean_dbz units="DBZ">34.01</mean_dbz>
      <max_dbz units="DBZ">47.50</max_dbz>
      <mesocyclone_velocity_max units="m/s">30.929926</mesocyclone_velocity_max>
      <mesocyclone_velocity_rotational_max units="m/s">15.780573</mesocyclone_velocity_rotational_max>
      <mesocyclone_velocity_rotational_mean units="m/s">8.003350</mesocyclone_velocity_rotational_mean>
      <mesocyclone_velocity_rotational_max_closest_to_ground units="m/s">15.401841</mesocyclone_velocity_rotational_max_closest_to_ground>
      <meso_intensity>3</meso_intensity>
    </nowcast-parameters>
  </event>
  <event ID="48">
    <time time-coordinate="UTC">2021-07-08T13:35:00</time>
    <location>
      <area>
        <ellipse>
          <moving-point>
            <latitude>48.044167</latitude>
            <longitude>12.491883</longitude>
            <polar_motion>
              <speed units="km/h">0.0</speed>
            </polar_motion>
          </moving-point>
          <major_axis units="km">15.50</major_axis>
          <minor_axis units="km">15.50</minor_axis>
          <orientation units="degrees true">0</orientation>
        </ellipse>
      </area>
    </location>
    <nowcast-parameters>
      <mesocyclone_shear_mean units="m/s/km">4.375190</mesocyclone_shear_mean>
      <mesocyclone_shear_max units="m/s/km">24.501988</mesocyclone_shear_max>
      <mesocyclone_momentum_mean units="m/s/km">122.743902</mesocyclone_momentum_mean>
      <mesocyclone_momentum_max units="m/s/km">1125.506310</mesocyclone_momentum_max>
      <mesocyclone_diameter units="km">15.500000</mesocyclone_diameter>
      <mesocyclone_diameter_equivalent units="km">9.081130</mesocyclone_diameter_equivalent>
      <mesocyclone_top units="km">8.366942</mesocyclone_top>
      <mesocyclone_base units="km">1.813799</mesocyclone_base>
      <mesocyclone_echotop units="km">9.003233</mesocyclone_echotop>
      <mesocyclone_vil units="kg/m*m">17.801610</mesocyclone_vil>
      <mesocyclone_shear_vectors>40</mesocyclone_shear_vectors>
      <mesocyclone_shear_features>7</mesocyclone_shear_features>
      <elevations>
        <elevation site="eis" units="&#176;">1.5</elevation>
        <elevation site="isn" units="&#176;">2.5,3.5,12.0,25.0</elevation>
        <elevation site="mem" units="&#176;">0.5,1.5</elevation>
      </elevations>
      <mean_dbz units="DBZ">41.01</mean_dbz>
      <max_dbz units="DBZ">60.39</max_dbz>
      <mesocyclone_velocity_max units="m/s">31.631208</mesocyclone_velocity_max>
      <mesocyclone_velocity_rotational_max units="m/s">25.627652</mesocyclone_velocity_rotational_max>
      <mesocyclone_velocity_rotational_mean units="m/s">9.493687</mesocyclone_velocity_rotational_mean>
      <mesocyclone_velocity_rotational_max_closest_to_ground units="m/s">16.173672</mesocyclone_velocity_rotational_max_closest_to_ground>
      <meso_intensity>4</meso_intensity>
    </nowcast-parameters>
  </event>
  <event ID="60">
    <time time-coordinate="UTC">2021-07-08T13:35:00</time>
    <location>
      <area>
        <ellipse>
          <moving-point>
            <latitude>47.806955</latitude>
            <longitude>11.719981</longitude>
            <polar_motion>
              <speed units="km/h">0.0</speed>
            </polar_motion>
          </moving-point>
          <major_axis units="km">15.50</major_axis>
          <minor_axis units="km">15.50</minor_axis>
          <orientation units="degrees true">0</orientation>
        </ellipse>
      </area>
    </location>
    <nowcast-parameters>
      <mesocyclone_shear_mean units="m/s/km">3.881850</mesocyclone_shear_mean>
      <mesocyclone_shear_max units="m/s/km">12.335385</mesocyclone_shear_max>
      <mesocyclone_momentum_mean units="m/s/km">93.100354</mesocyclone_momentum_mean>
      <mesocyclone_momentum_max units="m/s/km">279.004159</mesocyclone_momentum_max>
      <mesocyclone_diameter units="km">15.500000</mesocyclone_diameter>
      <mesocyclone_diameter_equivalent units="km">7.196544</mesocyclone_diameter_equivalent>
      <mesocyclone_top units="km">4.609318</mesocyclone_top>
      <mesocyclone_base units="km">1.673724</mesocyclone_base>
      <mesocyclone_echotop units="km">8.131847</mesocyclone_echotop>
      <mesocyclone_vil units="kg/m*m">7.118555</mesocyclone_vil>
      <mesocyclone_shear_vectors>23</mesocyclone_shear_vectors>
      <mesocyclone_shear_features>4</mesocyclone_shear_features>
      <elevations>
        <elevation site="tur" units="&#176;">0.5</elevation>
        <elevation site="isn" units="&#176;">3.5,4.5</elevation>
        <elevation site="mem" units="&#176;">1.5</elevation>
      </elevations>
      <mean_dbz units="DBZ">32.08</mean_dbz>
      <max_dbz units="DBZ">50.36</max_dbz>
      <mesocyclone_velocity_max units="m/s">30.199276</mesocyclone_velocity_max>
      <mesocyclone_velocity_rotational_max units="m/s">12.762038</mesocyclone_velocity_rotational_max>
      <mesocyclone_velocity_rotational_mean units="m/s">8.667328</mesocyclone_velocity_rotational_mean>
      <mesocyclone_velocity_rotational_max_closest_to_ground units="m/s">11.676722</mesocyclone_velocity_rotational_max_closest_to_ground>
      <meso_intensity>2</meso_intensity>
    </nowcast-parameters>
  </event>
  <event ID="76">
    <time time-coordinate="UTC">2021-07-08T13:35:00</time>
    <location>
      <area>
        <ellipse>
          <moving-point>
            <latitude>47.494843</latitude>
            <longitude>11.564400</longitude>
            <polar_motion>
              <speed units="km/h">0.0</speed>
            </polar_motion>
          </moving-point>
          <major_axis units="km">15.25</major_axis>
          <minor_axis units="km">15.25</minor_axis>
          <orientation units="degrees true">0</orientation>
        </ellipse>
      </area>
    </location>
    <nowcast-parameters>
      <mesocyclone_shear_mean units="m/s/km">3.547818</mesocyclone_shear_mean>
      <mesocyclone_shear_max units="m/s/km">16.953843</mesocyclone_shear_max>
      <mesocyclone_momentum_mean units="m/s/km">117.877551</mesocyclone_momentum_mean>
      <mesocyclone_momentum_max units="m/s/km">559.742083</mesocyclone_momentum_max>
      <mesocyclone_diameter units="km">15.250000</mesocyclone_diameter>
      <mesocyclone_diameter_equivalent units="km">6.602281</mesocyclone_diameter_equivalent>
      <mesocyclone_top units="km">7.375892</mesocyclone_top>
      <mesocyclone_base units="km">2.792698</mesocyclone_base>
      <mesocyclone_echotop units="km">8.822306</mesocyclone_echotop>
      <mesocyclone_vil units="kg/m*m">50.431983</mesocyclone_vil>
      <mesocyclone_shear_vectors>26</mesocyclone_shear_vectors>
      <mesocyclone_shear_features>3</mesocyclone_shear_features>
      <elevations>
        <elevation site="isn" units="&#176;">2.5,3.5,4.5</elevation>
      </elevations>
      <mean_dbz units="DBZ">46.90</mean_dbz>
      <max_dbz units="DBZ">61.65</max_dbz>
      <mesocyclone_velocity_max units="m/s">31.968277</mesocyclone_velocity_max>
      <mesocyclone_velocity_rotational_max units="m/s">26.661286</mesocyclone_velocity_rotational_max>
      <mesocyclone_velocity_rotational_mean units="m/s">8.968586</mesocyclone_velocity_rotational_mean>
      <mesocyclone_velocity_rotational_max_closest_to_ground units="m/s">11.877539</mesocyclone_velocity_rotational_max_closest_to_ground>
      <meso_intensity>3</meso_intensity>
    </nowcast-parameters>
  </event>
  <event ID="58">
    <time time-coordinate="UTC">2021-07-08T13:35:00</time>
    <location>
      <area>
        <ellipse>
          <moving-point>
            <latitude>47.187736</latitude>
            <longitude>10.171125</longitude>
            <polar_motion>
              <speed units="km/h">0.0</speed>
            </polar_motion>
          </moving-point>
          <major_axis units="km">6.25</major_axis>
          <minor_axis units="km">6.25</minor_axis>
          <orientation units="degrees true">0</orientation>
        </ellipse>
      </area>
    </location>
    <nowcast-parameters>
      <mesocyclone_shear_mean units="m/s/km">4.387649</mesocyclone_shear_mean>
      <mesocyclone_shear_max units="m/s/km">10.937944</mesocyclone_shear_max>
      <mesocyclone_momentum_mean units="m/s/km">47.915683</mesocyclone_momentum_mean>
      <mesocyclone_momentum_max units="m/s/km">108.281830</mesocyclone_momentum_max>
      <mesocyclone_diameter units="km">6.250000</mesocyclone_diameter>
      <mesocyclone_diameter_equivalent units="km">3.444365</mesocyclone_diameter_equivalent>
      <mesocyclone_top units="km">5.782095</mesocyclone_top>
      <mesocyclone_base units="km">-0.083219</mesocyclone_base>
      <mesocyclone_echotop units="km">7.305076</mesocyclone_echotop>
      <mesocyclone_vil units="kg/m*m">4.606076</mesocyclone_vil>
      <mesocyclone_shear_vectors>8</mesocyclone_shear_vectors>
      <mesocyclone_shear_features>4</mesocyclone_shear_features>
      <elevations>
        <elevation site="tur" units="&#176;">0.5,1.5</elevation>
        <elevation site="isn" units="&#176;">0.5</elevation>
        <elevation site="mem" units="&#176;">2.5</elevation>
      </elevations>
      <mean_dbz units="DBZ">34.73</mean_dbz>
      <max_dbz units="DBZ">45.51</max_dbz>
      <mesocyclone_velocity_max units="m/s">31.349457</mesocyclone_velocity_max>
      <mesocyclone_velocity_rotational_max units="m/s">15.484350</mesocyclone_velocity_rotational_max>
      <mesocyclone_velocity_rotational_mean units="m/s">6.977058</mesocyclone_velocity_rotational_mean>
      <mesocyclone_velocity_rotational_max_closest_to_ground units="m/s">15.484350</mesocyclone_velocity_rotational_max_closest_to_ground>
      <meso_intensity>2</meso_intensity>
    </nowcast-parameters>
  </event>
  <event ID="92">
    <time time-coordinate="UTC">2021-07-08T13:35:00</time>
    <location>
      <area>
        <ellipse>
          <moving-point>
            <latitude>46.759268</latitude>
            <longitude>7.962304</longitude>
            <polar_motion>
              <speed units="km/h">0.0</speed>
            </polar_motion>
          </moving-point>
          <major_axis units="km">30.25</major_axis>
          <minor_axis units="km">30.25</minor_axis>
          <orientation units="degrees true">0</orientation>
        </ellipse>
      </area>
    </location>
    <nowcast-parameters>
      <mesocyclone_shear_mean units="m/s/km">3.740701</mesocyclone_shear_mean>
      <mesocyclone_shear_max units="m/s/km">7.774947</mesocyclone_shear_max>
      <mesocyclone_momentum_mean units="m/s/km">209.571209</mesocyclone_momentum_mean>
      <mesocyclone_momentum_max units="m/s/km">1106.911457</mesocyclone_momentum_max>
      <mesocyclone_diameter units="km">30.250000</mesocyclone_diameter>
      <mesocyclone_diameter_equivalent units="km">10.778967</mesocyclone_diameter_equivalent>
      <mesocyclone_top units="km">7.309816</mesocyclone_top>
      <mesocyclone_base units="km">2.949850</mesocyclone_base>
      <mesocyclone_echotop units="km">6.595942</mesocyclone_echotop>
      <mesocyclone_vil units="kg/m*m">6.015663</mesocyclone_vil>
      <mesocyclone_shear_vectors>44</mesocyclone_shear_vectors>
      <mesocyclone_shear_features>2</mesocyclone_shear_features>
      <elevations>
        <elevation site="fbg" units="&#176;">1.5,2.5</elevation>
      </elevations>
      <mean_dbz units="DBZ">38.55</mean_dbz>
      <max_dbz units="DBZ">51.70</max_dbz>
      <mesocyclone_velocity_max units="m/s">30.962433</mesocyclone_velocity_max>
      <mesocyclone_velocity_rotational_max units="m/s">38.483671</mesocyclone_velocity_rotational_max>
      <mesocyclone_velocity_rotational_mean units="m/s">11.343507</mesocyclone_velocity_rotational_mean>
      <mesocyclone_velocity_rotational_max_closest_to_ground units="m/s">21.310177</mesocyclone_velocity_rotational_max_closest_to_ground>
      <meso_intensity>3</meso_intensity>
    </nowcast-parameters>
  </event>
</nowcast-data>
