<?xml version="1.0" encoding="UTF-8"?>
<nowcast-data>
  <radar-stations>ASB,BOO,ROS,HNR,UMD,PRO,ESS,FLD,DRS,NEU,NHB,OFT,EIS,TUR,ISN,FBG,MEM</radar-stations>
  <event ID="28">
    <time time-coordinate="UTC">2021-07-08T10:45:00</time>
    <location>
      <area>
        <ellipse>
          <moving-point>
            <latitude>49.789449</latitude>
            <longitude>12.217535</longitude>
            <polar_motion>
              <speed units="km/h">0.0</speed>
            </polar_motion>
          </moving-point>
          <major_axis units="km">10.75</major_axis>
          <minor_axis units="km">10.75</minor_axis>
          <orientation units="degrees true">0</orientation>
        </ellipse>
      </area>
    </location>
    <nowcast-parameters>
      <mesocyclone_shear_mean units="m/s/km">2.939880</mesocyclone_shear_mean>
      <mesocyclone_shear_max units="m/s/km">6.911165</mesocyclone_shear_max>
      <mesocyclone_momentum_mean units="m/s/km">102.012369</mesocyclone_momentum_mean>
      <mesocyclone_momentum_max units="m/s/km">233.298376</mesocyclone_momentum_max>
      <mesocyclone_diameter units="km">10.750000</mesocyclone_diameter>
      <mesocyclone_diameter_equivalent units="km">7.418792</mesocyclone_diameter_equivalent>
      <mesocyclone_top units="km">8.229917</mesocyclone_top>
      <mesocyclone_base units="km">4.891913</mesocyclone_base>
      <mesocyclone_echotop units="km">8.163864</mesocyclone_echotop>
      <mesocyclone_vil units="kg/m*m">22.210058</mesocyclone_vil>
      <mesocyclone_shear_vectors>26</mesocyclone_shear_vectors>
      <mesocyclone_shear_features>2</mesocyclone_shear_features>
      <elevations>
        <elevation site="eis" units="&#176;">8.0</elevation>
        <elevation site="isn" units="&#176;">1.5</elevation>
      </elevations>
      <mean_dbz units="DBZ">40.62</mean_dbz>
      <max_dbz units="DBZ">60.51</max_dbz>
      <mesocyclone_velocity_max units="m/s">27.924858</mesocyclone_velocity_max>
      <mesocyclone_velocity_rotational_max units="m/s">16.679098</mesocyclone_velocity_rotational_max>
      <mesocyclone_velocity_rotational_mean units="m/s">7.761452</mesocyclone_velocity_rotational_mean>
      <mesocyclone_velocity_rotational_max_closest_to_ground units="m/s">9.451555</mesocyclone_velocity_rotational_max_closest_to_ground>
      <meso_intensity>3</meso_intensity>
    </nowcast-parameters>
  </event>
  <event ID="48">
    <time time-coordinate="UTC">2021-07-08T10:45:00</time>
    <location>
      <area>
        <ellipse>
          <moving-point>
            <latitude>47.586317</latitude>
            <longitude>9.916736</longitude>
            <polar_motion>
              <speed units="km/h">0.0</speed>
            </polar_motion>
          </moving-point>
          <major_axis units="km">14.25</major_axis>
          <minor_axis units="km">14.25</minor_axis>
          <orientation units="degrees true">0</orientation>
        </ellipse>
      </area>
    </location>
    <nowcast-parameters>
      <mesocyclone_shear_mean units="m/s/km">3.643084</mesocyclone_shear_mean>
      <mesocyclone_shear_max units="m/s/km">13.125469</mesocyclone_shear_max>
      <mesocyclone_momentum_mean units="m/s/km">92.271373</mesocyclone_momentum_mean>
      <mesocyclone_momentum_max units="m/s/km">258.385697</mesocyclone_momentum_max>
      <mesocyclone_diameter units="km">14.250000</mesocyclone_diameter>
      <mesocyclone_diameter_equivalent units="km">8.442377</mesocyclone_diameter_equivalent>
      <mesocyclone_top units="km">6.330027</mesocyclone_top>
      <mesocyclone_base units="km">4.021417</mesocyclone_base>
      <mesocyclone_echotop units="km">8.658868</mesocyclone_echotop>
      <mesocyclone_vil units="kg/m*m">4.905787</mesocyclone_vil>
      <mesocyclone_shear_vectors>35</mesocyclone_shear_vectors>
      <mesocyclone_shear_features>3</mesocyclone_shear_features>
      <elevations>
        <elevation site="tur" units="&#176;">2.5</elevation>
        <elevation site="mem" units="&#176;">4.5,5.5</elevation>
      </elevations>
      <mean_dbz units="DBZ">31.83</mean_dbz>
      <max_dbz units="DBZ">50.35</max_dbz>
      <mesocyclone_velocity_max units="m/s">30.587933</mesocyclone_velocity_max>
      <mesocyclone_velocity_rotational_max units="m/s">12.057486</mesocyclone_velocity_rotational_max>
      <mesocyclone_velocity_rotational_mean units="m/s">8.089084</mesocyclone_velocity_rotational_mean>
      <mesocyclone_velocity_rotational_max_closest_to_ground units="m/s">11.993236</mesocyclone_velocity_rotational_max_closest_to_ground>
      <meso_intensity>2</meso_intensity>
    </nowcast-parameters>
  </event>
  <event ID="43">
    <time time-coordinate="UTC">2021-07-08T10:45:00</time>
    <location>
      <area>
        <ellipse>
          <moving-point>
            <latitude>47.416151</latitude>
            <longitude>10.132373</longitude>
            <polar_motion>
              <speed units="km/h">0.0</speed>
            </polar_motion>
          </moving-point>
          <major_axis units="km">15.25</major_axis>
          <minor_axis units="km">15.25</minor_axis>
          <orientation units="degrees true">0</orientation>
        </ellipse>
      </area>
    </location>
    <nowcast-parameters>
      <mesocyclone_shear_mean units="m/s/km">4.228592</mesocyclone_shear_mean>
      <mesocyclone_shear_max units="m/s/km">8.808251</mesocyclone_shear_max>
      <mesocyclone_momentum_mean units="m/s/km">95.296647</mesocyclone_momentum_mean>
      <mesocyclone_momentum_max units="m/s/km">299.862371</mesocyclone_momentum_max>
      <mesocyclone_diameter units="km">15.250000</mesocyclone_diameter>
      <mesocyclone_diameter_equivalent units="km">6.511119</mesocyclone_diameter_equivalent>
      <mesocyclone_top units="km">6.786262</mesocyclone_top>
      <mesocyclone_base units="km">1.744094</mesocyclone_base>
      <mesocyclone_echotop units="km">6.763653</mesocyclone_echotop>
      <mesocyclone_vil units="kg/m*m">7.015074</mesocyclone_vil>
      <mesocyclone_shear_vectors>29</mesocyclone_shear_vectors>
      <mesocyclone_shear_features>4</mesocyclone_shear_features>
      <elevations>
        <elevation site="tur" units="&#176;">1.5</elevation>
        <elevation site="isn" units="&#176;">1.5</elevation>
        <elevation site="fbg" units="&#176;">0.5</elevation>
        <elevation site="mem" units="&#176;">3.5</elevation>
      </elevations>
      <mean_dbz units="DBZ">33.20</mean_dbz>
      <max_dbz units="DBZ">49.30</max_dbz>
      <mesocyclone_velocity_max units="m/s">29.919970</mesocyclone_velocity_max>
      <mesocyclone_velocity_rotational_max units="m/s">12.624458</mesocyclone_velocity_rotational_max>
      <mesocyclone_velocity_rotational_mean units="m/s">8.424865</mesocyclone_velocity_rotational_mean>
      <mesocyclone_velocity_rotational_max_closest_to_ground units="m/s">10.529735</mesocyclone_velocity_rotational_max_closest_to_ground>
      <meso_intensity>2</meso_intensity>
    </nowcast-parameters>
  </event>
</nowcast-data>
