<?xml version="1.0" encoding="UTF-8"?>
<nowcast-data>
  <radar-stations>ASB,BOO,ROS,HNR,UMD,PRO,ESS,FLD,DRS,NEU,NHB,OFT,EIS,TUR,ISN,FBG,MEM</radar-stations>
  <event ID="31">
    <time time-coordinate="UTC">2021-07-08T13:40:00</time>
    <location>
      <area>
        <ellipse>
          <moving-point>
            <latitude>49.864173</latitude>
            <longitude>13.120059</longitude>
            <polar_motion>
              <speed units="km/h">0.0</speed>
            </polar_motion>
          </moving-point>
          <major_axis units="km">12.25</major_axis>
          <minor_axis units="km">12.25</minor_axis>
          <orientation units="degrees true">0</orientation>
        </ellipse>
      </area>
    </location>
    <nowcast-parameters>
      <mesocyclone_shear_mean units="m/s/km">3.978664</mesocyclone_shear_mean>
      <mesocyclone_shear_max units="m/s/km">8.794733</mesocyclone_shear_max>
      <mesocyclone_momentum_mean units="m/s/km">80.591875</mesocyclone_momentum_mean>
      <mesocyclone_momentum_max units="m/s/km">197.639192</mesocyclone_momentum_max>
      <mesocyclone_diameter units="km">12.250000</mesocyclone_diameter>
      <mesocyclone_diameter_equivalent units="km">6.318532</mesocyclone_diameter_equivalent>
      <mesocyclone_top units="km">8.375478</mesocyclone_top>
      <mesocyclone_base units="km">3.391016</mesocyclone_base>
      <mesocyclone_echotop units="km">8.479635</mesocyclone_echotop>
      <mesocyclone_vil units="kg/m*m">9.975232</mesocyclone_vil>
      <mesocyclone_shear_vectors>22</mesocyclone_shear_vectors>
      <mesocyclone_shear_features>4</mesocyclone_shear_features>
      <elevations>
        <elevation site="drs" units="&#176;">1.5,2.5</elevation>
        <elevation site="eis" units="&#176;">3.5,4.5</elevation>
      </elevations>
      <mean_dbz units="DBZ">38.61</mean_dbz>
      <max_dbz units="DBZ">52.84</max_dbz>
      <mesocyclone_velocity_max units="m/s">30.371002</mesocyclone_velocity_max>
      <mesocyclone_velocity_rotational_max units="m/s">10.837785</mesocyclone_velocity_rotational_max>
      <mesocyclone_velocity_rotational_mean units="m/s">8.110835</mesocyclone_velocity_rotational_mean>
      <mesocyclone_velocity_rotational_max_closest_to_ground units="m/s">10.837785</mesocyclone_velocity_rotational_max_closest_to_ground>
      <meso_intensity>2</meso_intensity>
    </nowcast-parameters>
  </event>
  <event ID="52">
    <time time-coordinate="UTC">2021-07-08T13:40:00</time>
    <location>
      <area>
        <ellipse>
          <moving-point>
            <latitude>48.811914</latitude>
            <longitude>12.461614</longitude>
            <polar_motion>
              <speed units="km/h">0.0</speed>
            </polar_motion>
          </moving-point>
          <major_axis units="km">17.50</major_axis>
          <minor_axis units="km">17.50</minor_axis>
          <orientation units="degrees true">0</orientation>
        </ellipse>
      </area>
    </location>
    <nowcast-parameters>
      <mesocyclone_shear_mean units="m/s/km">3.062286</mesocyclone_shear_mean>
      <mesocyclone_shear_max units="m/s/km">12.951500</mesocyclone_shear_max>
      <mesocyclone_momentum_mean units="m/s/km">124.711502</mesocyclone_momentum_mean>
      <mesocyclone_momentum_max units="m/s/km">705.420354</mesocyclone_momentum_max>
      <mesocyclone_diameter units="km">17.500000</mesocyclone_diameter>
      <mesocyclone_diameter_equivalent units="km">10.107309</mesocyclone_diameter_equivalent>
      <mesocyclone_top units="km">9.155484</mesocyclone_top>
      <mesocyclone_base units="km">2.315613</mesocyclone_base>
      <mesocyclone_echotop units="km">8.857838</mesocyclone_echotop>
      <mesocyclone_vil units="kg/m*m">10.592532</mesocyclone_vil>
      <mesocyclone_shear_vectors>44</mesocyclone_shear_vectors>
      <mesocyclone_shear_features>8</mesocyclone_shear_features>
      <elevations>
        <elevation site="eis" units="&#176;">2.5,3.5,4.5,5.5</elevation>
        <elevation site="isn" units="&#176;">1.5,2.5,4.5,5.5</elevation>
      </elevations>
      <mean_dbz units="DBZ">35.44</mean_dbz>
      <max_dbz units="DBZ">53.15</max_dbz>
      <mesocyclone_velocity_max units="m/s">31.968277</mesocyclone_velocity_max>
      <mesocyclone_velocity_rotational_max units="m/s">35.159789</mesocyclone_velocity_rotational_max>
      <mesocyclone_velocity_rotational_mean units="m/s">8.875863</mesocyclone_velocity_rotational_mean>
      <mesocyclone_velocity_rotational_max_closest_to_ground units="m/s">8.086836</mesocyclone_velocity_rotational_max_closest_to_ground>
      <meso_intensity>4</meso_intensity>
    </nowcast-parameters>
  </event>
  <event ID="79">
    <time time-coordinate="UTC">2021-07-08T13:40:00</time>
    <location>
      <area>
        <ellipse>
          <moving-point>
            <latitude>48.480082</latitude>
            <longitude>12.391450</longitude>
            <polar_motion>
              <speed units="km/h">0.0</speed>
            </polar_motion>
          </moving-point>
          <major_axis units="km">8.75</major_axis>
          <minor_axis units="km">8.75</minor_axis>
          <orientation units="degrees true">0</orientation>
        </ellipse>
      </area>
    </location>
    <nowcast-parameters>
      <mesocyclone_shear_mean units="m/s/km">2.911050</mesocyclone_shear_mean>
      <mesocyclone_shear_max units="m/s/km">4.516714</mesocyclone_shear_max>
      <mesocyclone_momentum_mean units="m/s/km">104.102241</mesocyclone_momentum_mean>
      <mesocyclone_momentum_max units="m/s/km">214.810943</mesocyclone_momentum_max>
      <mesocyclone_diameter units="km">8.750000</mesocyclone_diameter>
      <mesocyclone_diameter_equivalent units="km">6.095855</mesocyclone_diameter_equivalent>
      <mesocyclone_top units="km">4.508240</mesocyclone_top>
      <mesocyclone_base units="km">3.168732</mesocyclone_base>
      <mesocyclone_echotop units="km">7.775381</mesocyclone_echotop>
      <mesocyclone_vil units="kg/m*m">7.999194</mesocyclone_vil>
      <mesocyclone_shear_vectors>20</mesocyclone_shear_vectors>
      <mesocyclone_shear_features>2</mesocyclone_shear_features>
      <elevations>
        <elevation site="isn" units="&#176;">4.5,5.5</elevation>
      </elevations>
      <mean_dbz units="DBZ">38.47</mean_dbz>
      <max_dbz units="DBZ">51.75</max_dbz>
      <mesocyclone_velocity_max units="m/s">25.650433</mesocyclone_velocity_max>
      <mesocyclone_velocity_rotational_max units="m/s">10.613974</mesocyclone_velocity_rotational_max>
      <mesocyclone_velocity_rotational_mean units="m/s">8.168596</mesocyclone_velocity_rotational_mean>
      <mesocyclone_velocity_rotational_max_closest_to_ground units="m/s">10.613974</mesocyclone_velocity_rotational_max_closest_to_ground>
      <meso_intensity>1</meso_intensity>
    </nowcast-parameters>
  </event>
  <event ID="48">
    <time time-coordinate="UTC">2021-07-08T13:40:00</time>
    <location>
      <area>
        <ellipse>
          <moving-point>
            <latitude>48.232561</latitude>
            <longitude>11.960704</longitude>
            <polar_motion>
              <speed units="km/h">0.0</speed>
            </polar_motion>
          </moving-point>
          <major_axis units="km">11.25</major_axis>
          <minor_axis units="km">11.25</minor_axis>
          <orientation units="degrees true">0</orientation>
        </ellipse>
      </area>
    </location>
    <nowcast-parameters>
      <mesocyclone_shear_mean units="m/s/km">5.439078</mesocyclone_shear_mean>
      <mesocyclone_shear_max units="m/s/km">7.755691</mesocyclone_shear_max>
      <mesocyclone_momentum_mean units="m/s/km">58.812210</mesocyclone_momentum_mean>
      <mesocyclone_momentum_max units="m/s/km">219.381322</mesocyclone_momentum_max>
      <mesocyclone_diameter units="km">11.250000</mesocyclone_diameter>
      <mesocyclone_diameter_equivalent units="km">6.504568</mesocyclone_diameter_equivalent>
      <mesocyclone_top units="km">6.521206</mesocyclone_top>
      <mesocyclone_base units="km">1.599518</mesocyclone_base>
      <mesocyclone_echotop units="km">4.874986</mesocyclone_echotop>
      <mesocyclone_vil units="kg/m*m">3.031243</mesocyclone_vil>
      <mesocyclone_shear_vectors>39</mesocyclone_shear_vectors>
      <mesocyclone_shear_features>2</mesocyclone_shear_features>
      <elevations>
        <elevation site="eis" units="&#176;">0.5,1.5</elevation>
      </elevations>
      <mean_dbz units="DBZ">32.50</mean_dbz>
      <max_dbz units="DBZ">43.23</max_dbz>
      <mesocyclone_velocity_max units="m/s">23.565882</mesocyclone_velocity_max>
      <mesocyclone_velocity_rotational_max units="m/s">16.634739</mesocyclone_velocity_rotational_max>
      <mesocyclone_velocity_rotational_mean units="m/s">8.154942</mesocyclone_velocity_rotational_mean>
      <mesocyclone_velocity_rotational_max_closest_to_ground units="m/s">16.634739</mesocyclone_velocity_rotational_max_closest_to_ground>
      <meso_intensity>3</meso_intensity>
    </nowcast-parameters>
  </event>
  <event ID="49">
    <time time-coordinate="UTC">2021-07-08T13:40:00</time>
    <location>
      <area>
        <ellipse>
          <moving-point>
            <latitude>48.071765</latitude>
            <longitude>12.501951</longitude>
            <polar_motion>
              <speed units="km/h">0.0</speed>
            </polar_motion>
          </moving-point>
          <major_axis units="km">14.75</major_axis>
          <minor_axis units="km">14.75</minor_axis>
          <orientation units="degrees true">0</orientation>
        </ellipse>
      </area>
    </location>
    <nowcast-parameters>
      <mesocyclone_shear_mean units="m/s/km">4.088164</mesocyclone_shear_mean>
      <mesocyclone_shear_max units="m/s/km">9.134473</mesocyclone_shear_max>
      <mesocyclone_momentum_mean units="m/s/km">92.043054</mesocyclone_momentum_mean>
      <mesocyclone_momentum_max units="m/s/km">265.767060</mesocyclone_momentum_max>
      <mesocyclone_diameter units="km">14.750000</mesocyclone_diameter>
      <mesocyclone_diameter_equivalent units="km">8.358298</mesocyclone_diameter_equivalent>
      <mesocyclone_top units="km">4.677997</mesocyclone_top>
      <mesocyclone_base units="km">1.802777</mesocyclone_base>
      <mesocyclone_echotop units="km">10.272143</mesocyclone_echotop>
      <mesocyclone_vil units="kg/m*m">33.686585</mesocyclone_vil>
      <mesocyclone_shear_vectors>39</mesocyclone_shear_vectors>
      <mesocyclone_shear_features>5</mesocyclone_shear_features>
      <elevations>
        <elevation site="eis" units="&#176;">0.5</elevation>
        <elevation site="isn" units="&#176;">3.5,4.5,5.5,8.0</elevation>
      </elevations>
      <mean_dbz units="DBZ">42.46</mean_dbz>
      <max_dbz units="DBZ">61.28</max_dbz>
      <mesocyclone_velocity_max units="m/s">18.020969</mesocyclone_velocity_max>
      <mesocyclone_velocity_rotational_max units="m/s">12.980137</mesocyclone_velocity_rotational_max>
      <mesocyclone_velocity_rotational_mean units="m/s">8.927138</mesocyclone_velocity_rotational_mean>
      <mesocyclone_velocity_rotational_max_closest_to_ground units="m/s">12.980137</mesocyclone_velocity_rotational_max_closest_to_ground>
      <meso_intensity>2</meso_intensity>
    </nowcast-parameters>
  </event>
  <event ID="51">
    <time time-coordinate="UTC">2021-07-08T13:40:00</time>
    <location>
      <area>
        <ellipse>
          <moving-point>
            <latitude>47.941265</latitude>
            <longitude>12.464994</longitude>
            <polar_motion>
              <speed units="km/h">0.0</speed>
            </polar_motion>
          </moving-point>
          <major_axis units="km">5.69</major_axis>
          <minor_axis units="km">5.69</minor_axis>
          <orientation units="degrees true">0</orientation>
        </ellipse>
      </area>
    </location>
    <nowcast-parameters>
      <mesocyclone_shear_mean units="m/s/km">4.814383</mesocyclone_shear_mean>
      <mesocyclone_shear_max units="m/s/km">9.152180</mesocyclone_shear_max>
      <mesocyclone_momentum_mean units="m/s/km">62.326442</mesocyclone_momentum_mean>
      <mesocyclone_momentum_max units="m/s/km">183.783478</mesocyclone_momentum_max>
      <mesocyclone_diameter units="km">5.689369</mesocyclone_diameter>
      <mesocyclone_diameter_equivalent units="km">3.789739</mesocyclone_diameter_equivalent>
      <mesocyclone_top units="km">8.665189</mesocyclone_top>
      <mesocyclone_base units="km">2.117072</mesocyclone_base>
      <mesocyclone_echotop units="km">10.020368</mesocyclone_echotop>
      <mesocyclone_vil units="kg/m*m">27.175960</mesocyclone_vil>
      <mesocyclone_shear_vectors>11</mesocyclone_shear_vectors>
      <mesocyclone_shear_features>3</mesocyclone_shear_features>
      <elevations>
        <elevation site="eis" units="&#176;">0.5</elevation>
        <elevation site="isn" units="&#176;">8.0,12.0</elevation>
      </elevations>
      <mean_dbz units="DBZ">47.20</mean_dbz>
      <max_dbz units="DBZ">60.85</max_dbz>
      <mesocyclone_velocity_max units="m/s">22.557713</mesocyclone_velocity_max>
      <mesocyclone_velocity_rotational_max units="m/s">14.996469</mesocyclone_velocity_rotational_max>
      <mesocyclone_velocity_rotational_mean units="m/s">8.048568</mesocyclone_velocity_rotational_mean>
      <mesocyclone_velocity_rotational_max_closest_to_ground units="m/s">14.996469</mesocyclone_velocity_rotational_max_closest_to_ground>
      <meso_intensity>2</meso_intensity>
    </nowcast-parameters>
  </event>
  <event ID="58">
    <time time-coordinate="UTC">2021-07-08T13:40:00</time>
    <location>
      <area>
        <ellipse>
          <moving-point>
            <latitude>47.912951</latitude>
            <longitude>11.513826</longitude>
            <polar_motion>
              <speed units="km/h">0.0</speed>
            </polar_motion>
          </moving-point>
          <major_axis units="km">8.50</major_axis>
          <minor_axis units="km">8.50</minor_axis>
          <orientation units="degrees true">0</orientation>
        </ellipse>
      </area>
    </location>
    <nowcast-parameters>
      <mesocyclone_shear_mean units="m/s/km">3.892507</mesocyclone_shear_mean>
      <mesocyclone_shear_max units="m/s/km">8.951239</mesocyclone_shear_max>
      <mesocyclone_momentum_mean units="m/s/km">82.121399</mesocyclone_momentum_mean>
      <mesocyclone_momentum_max units="m/s/km">280.226113</mesocyclone_momentum_max>
      <mesocyclone_diameter units="km">8.500000</mesocyclone_diameter>
      <mesocyclone_diameter_equivalent units="km">5.973525</mesocyclone_diameter_equivalent>
      <mesocyclone_top units="km">5.739502</mesocyclone_top>
      <mesocyclone_base units="km">1.475345</mesocyclone_base>
      <mesocyclone_echotop units="km">6.771575</mesocyclone_echotop>
      <mesocyclone_vil units="kg/m*m">3.809487</mesocyclone_vil>
      <mesocyclone_shear_vectors>17</mesocyclone_shear_vectors>
      <mesocyclone_shear_features>4</mesocyclone_shear_features>
      <elevations>
        <elevation site="tur" units="&#176;">0.5</elevation>
        <elevation site="isn" units="&#176;">3.5,4.5</elevation>
        <elevation site="mem" units="&#176;">2.5</elevation>
      </elevations>
      <mean_dbz units="DBZ">33.63</mean_dbz>
      <max_dbz units="DBZ">47.86</max_dbz>
      <mesocyclone_velocity_max units="m/s">29.318726</mesocyclone_velocity_max>
      <mesocyclone_velocity_rotational_max units="m/s">10.487616</mesocyclone_velocity_rotational_max>
      <mesocyclone_velocity_rotational_mean units="m/s">7.816972</mesocyclone_velocity_rotational_mean>
      <mesocyclone_velocity_rotational_max_closest_to_ground units="m/s">10.280592</mesocyclone_velocity_rotational_max_closest_to_ground>
      <meso_intensity>2</meso_intensity>
    </nowcast-parameters>
  </event>
  <event ID="62">
    <time time-coordinate="UTC">2021-07-08T13:40:00</time>
    <location>
      <area>
        <ellipse>
          <moving-point>
            <latitude>47.851125</latitude>
            <longitude>11.757578</longitude>
            <polar_motion>
              <speed units="km/h">0.0</speed>
            </polar_motion>
          </moving-point>
          <major_axis units="km">10.00</major_axis>
          <minor_axis units="km">10.00</minor_axis>
          <orientation units="degrees true">0</orientation>
        </ellipse>
      </area>
    </location>
    <nowcast-parameters>
      <mesocyclone_shear_mean units="m/s/km">3.049104</mesocyclone_shear_mean>
      <mesocyclone_shear_max units="m/s/km">5.776566</mesocyclone_shear_max>
      <mesocyclone_momentum_mean units="m/s/km">137.422861</mesocyclone_momentum_mean>
      <mesocyclone_momentum_max units="m/s/km">325.258559</mesocyclone_momentum_max>
      <mesocyclone_diameter units="km">10.002871</mesocyclone_diameter>
      <mesocyclone_diameter_equivalent units="km">7.070062</mesocyclone_diameter_equivalent>
      <mesocyclone_top units="km">4.771199</mesocyclone_top>
      <mesocyclone_base units="km">1.772759</mesocyclone_base>
      <mesocyclone_echotop units="km">8.009231</mesocyclone_echotop>
      <mesocyclone_vil units="kg/m*m">4.595171</mesocyclone_vil>
      <mesocyclone_shear_vectors>19</mesocyclone_shear_vectors>
      <mesocyclone_shear_features>3</mesocyclone_shear_features>
      <elevations>
        <elevation site="tur" units="&#176;">0.5</elevation>
        <elevation site="isn" units="&#176;">4.5,5.5</elevation>
      </elevations>
      <mean_dbz units="DBZ">28.58</mean_dbz>
      <max_dbz units="DBZ">45.47</max_dbz>
      <mesocyclone_velocity_max units="m/s">31.462845</mesocyclone_velocity_max>
      <mesocyclone_velocity_rotational_max units="m/s">15.103587</mesocyclone_velocity_rotational_max>
      <mesocyclone_velocity_rotational_mean units="m/s">9.273418</mesocyclone_velocity_rotational_mean>
      <mesocyclone_velocity_rotational_max_closest_to_ground units="m/s">15.103587</mesocyclone_velocity_rotational_max_closest_to_ground>
      <meso_intensity>2</meso_intensity>
    </nowcast-parameters>
  </event>
  <event ID="77">
    <time time-coordinate="UTC">2021-07-08T13:40:00</time>
    <location>
      <area>
        <ellipse>
          <moving-point>
            <latitude>47.518158</latitude>
            <longitude>11.637265</longitude>
            <polar_motion>
              <speed units="km/h">0.0</speed>
            </polar_motion>
          </moving-point>
          <major_axis units="km">16.25</major_axis>
          <minor_axis units="km">16.25</minor_axis>
          <orientation units="degrees true">0</orientation>
        </ellipse>
      </area>
    </location>
    <nowcast-parameters>
      <mesocyclone_shear_mean units="m/s/km">3.321854</mesocyclone_shear_mean>
      <mesocyclone_shear_max units="m/s/km">17.555102</mesocyclone_shear_max>
      <mesocyclone_momentum_mean units="m/s/km">122.240793</mesocyclone_momentum_mean>
      <mesocyclone_momentum_max units="m/s/km">424.008546</mesocyclone_momentum_max>
      <mesocyclone_diameter units="km">16.250000</mesocyclone_diameter>
      <mesocyclone_diameter_equivalent units="km">10.141450</mesocyclone_diameter_equivalent>
      <mesocyclone_top units="km">7.179164</mesocyclone_top>
      <mesocyclone_base units="km">3.143697</mesocyclone_base>
      <mesocyclone_echotop units="km">7.992730</mesocyclone_echotop>
      <mesocyclone_vil units="kg/m*m">9.769683</mesocyclone_vil>
      <mesocyclone_shear_vectors>41</mesocyclone_shear_vectors>
      <mesocyclone_shear_features>4</mesocyclone_shear_features>
      <elevations>
        <elevation site="isn" units="&#176;">2.5,3.5,4.5,5.5</elevation>
      </elevations>
      <mean_dbz units="DBZ">33.95</mean_dbz>
      <max_dbz units="DBZ">54.12</max_dbz>
      <mesocyclone_velocity_max units="m/s">31.968271</mesocyclone_velocity_max>
      <mesocyclone_velocity_rotational_max units="m/s">22.365155</mesocyclone_velocity_rotational_max>
      <mesocyclone_velocity_rotational_mean units="m/s">8.930834</mesocyclone_velocity_rotational_mean>
      <mesocyclone_velocity_rotational_max_closest_to_ground units="m/s">22.365155</mesocyclone_velocity_rotational_max_closest_to_ground>
      <meso_intensity>3</meso_intensity>
    </nowcast-parameters>
  </event>
  <event ID="71">
    <time time-coordinate="UTC">2021-07-08T13:40:00</time>
    <location>
      <area>
        <ellipse>
          <moving-point>
            <latitude>47.371287</latitude>
            <longitude>12.184962</longitude>
            <polar_motion>
              <speed units="km/h">0.0</speed>
            </polar_motion>
          </moving-point>
          <major_axis units="km">14.00</major_axis>
          <minor_axis units="km">14.00</minor_axis>
          <orientation units="degrees true">0</orientation>
        </ellipse>
      </area>
    </location>
    <nowcast-parameters>
      <mesocyclone_shear_mean units="m/s/km">4.904954</mesocyclone_shear_mean>
      <mesocyclone_shear_max units="m/s/km">13.337677</mesocyclone_shear_max>
      <mesocyclone_momentum_mean units="m/s/km">99.432269</mesocyclone_momentum_mean>
      <mesocyclone_momentum_max units="m/s/km">312.433122</mesocyclone_momentum_max>
      <mesocyclone_diameter units="km">14.000000</mesocyclone_diameter>
      <mesocyclone_diameter_equivalent units="km">7.365853</mesocyclone_diameter_equivalent>
      <mesocyclone_top units="km">4.697882</mesocyclone_top>
      <mesocyclone_base units="km">1.498415</mesocyclone_base>
      <mesocyclone_echotop units="km">7.109890</mesocyclone_echotop>
      <mesocyclone_vil units="kg/m*m">3.827392</mesocyclone_vil>
      <mesocyclone_shear_vectors>32</mesocyclone_shear_vectors>
      <mesocyclone_shear_features>2</mesocyclone_shear_features>
      <elevations>
        <elevation site="isn" units="&#176;">1.5,2.5</elevation>
      </elevations>
      <mean_dbz units="DBZ">34.76</mean_dbz>
      <max_dbz units="DBZ">45.67</max_dbz>
      <mesocyclone_velocity_max units="m/s">28.430281</mesocyclone_velocity_max>
      <mesocyclone_velocity_rotational_max units="m/s">17.437240</mesocyclone_velocity_rotational_max>
      <mesocyclone_velocity_rotational_mean units="m/s">9.510661</mesocyclone_velocity_rotational_mean>
      <mesocyclone_velocity_rotational_max_closest_to_ground units="m/s">17.437240</mesocyclone_velocity_rotational_max_closest_to_ground>
      <meso_intensity>3</meso_intensity>
    </nowcast-parameters>
  </event>
  <event ID="68">
    <time time-coordinate="UTC">2021-07-08T13:40:00</time>
    <location>
      <area>
        <ellipse>
          <moving-point>
            <latitude>47.233666</latitude>
            <longitude>10.220707</longitude>
            <polar_motion>
              <speed units="km/h">0.0</speed>
            </polar_motion>
          </moving-point>
          <major_axis units="km">8.31</major_axis>
          <minor_axis units="km">8.31</minor_axis>
          <orientation units="degrees true">0</orientation>
        </ellipse>
      </area>
    </location>
    <nowcast-parameters>
      <mesocyclone_shear_mean units="m/s/km">3.530905</mesocyclone_shear_mean>
      <mesocyclone_shear_max units="m/s/km">7.435730</mesocyclone_shear_max>
      <mesocyclone_momentum_mean units="m/s/km">103.721975</mesocyclone_momentum_mean>
      <mesocyclone_momentum_max units="m/s/km">347.093019</mesocyclone_momentum_max>
      <mesocyclone_diameter units="km">8.307450</mesocyclone_diameter>
      <mesocyclone_diameter_equivalent units="km">5.150463</mesocyclone_diameter_equivalent>
      <mesocyclone_top units="km">3.876340</mesocyclone_top>
      <mesocyclone_base units="km">0.792200</mesocyclone_base>
      <mesocyclone_echotop units="km">7.053541</mesocyclone_echotop>
      <mesocyclone_vil units="kg/m*m">4.541869</mesocyclone_vil>
      <mesocyclone_shear_vectors>16</mesocyclone_shear_vectors>
      <mesocyclone_shear_features>2</mesocyclone_shear_features>
      <elevations>
        <elevation site="isn" units="&#176;">0.5</elevation>
        <elevation site="mem" units="&#176;">2.5</elevation>
      </elevations>
      <mean_dbz units="DBZ">31.18</mean_dbz>
      <max_dbz units="DBZ">44.68</max_dbz>
      <mesocyclone_velocity_max units="m/s">31.715561</mesocyclone_velocity_max>
      <mesocyclone_velocity_rotational_max units="m/s">22.491511</mesocyclone_velocity_rotational_max>
      <mesocyclone_velocity_rotational_mean units="m/s">8.880213</mesocyclone_velocity_rotational_mean>
      <mesocyclone_velocity_rotational_max_closest_to_ground units="m/s">22.491511</mesocyclone_velocity_rotational_max_closest_to_ground>
      <meso_intensity>3</meso_intensity>
    </nowcast-parameters>
  </event>
  <event ID="97">
    <time time-coordinate="UTC">2021-07-08T13:40:00</time>
    <location>
      <area>
        <ellipse>
          <moving-point>
            <latitude>46.829532</latitude>
            <longitude>7.157182</longitude>
            <polar_motion>
              <speed units="km/h">0.0</speed>
            </polar_motion>
          </moving-point>
          <major_axis units="km">25.50</major_axis>
          <minor_axis units="km">25.50</minor_axis>
          <orientation units="degrees true">0</orientation>
        </ellipse>
      </area>
    </location>
    <nowcast-parameters>
      <mesocyclone_shear_mean units="m/s/km">4.332013</mesocyclone_shear_mean>
      <mesocyclone_shear_max units="m/s/km">12.727259</mesocyclone_shear_max>
      <mesocyclone_momentum_mean units="m/s/km">142.175379</mesocyclone_momentum_mean>
      <mesocyclone_momentum_max units="m/s/km">717.846888</mesocyclone_momentum_max>
      <mesocyclone_diameter units="km">25.500000</mesocyclone_diameter>
      <mesocyclone_diameter_equivalent units="km">12.609412</mesocyclone_diameter_equivalent>
      <mesocyclone_top units="km">8.294869</mesocyclone_top>
      <mesocyclone_base units="km">4.142968</mesocyclone_base>
      <mesocyclone_echotop units="km">7.297953</mesocyclone_echotop>
      <mesocyclone_vil units="kg/m*m">29.916785</mesocyclone_vil>
      <mesocyclone_shear_vectors>75</mesocyclone_shear_vectors>
      <mesocyclone_shear_features>2</mesocyclone_shear_features>
      <elevations>
        <elevation site="fbg" units="&#176;">1.5,2.5</elevation>
      </elevations>
      <mean_dbz units="DBZ">39.56</mean_dbz>
      <max_dbz units="DBZ">61.00</max_dbz>
      <mesocyclone_velocity_max units="m/s">31.213139</mesocyclone_velocity_max>
      <mesocyclone_velocity_rotational_max units="m/s">16.421371</mesocyclone_velocity_rotational_max>
      <mesocyclone_velocity_rotational_mean units="m/s">10.549607</mesocyclone_velocity_rotational_mean>
      <mesocyclone_velocity_rotational_max_closest_to_ground units="m/s">16.421371</mesocyclone_velocity_rotational_max_closest_to_ground>
      <meso_intensity>3</meso_intensity>
    </nowcast-parameters>
  </event>
  <event ID="99">
    <time time-coordinate="UTC">2021-07-08T13:40:00</time>
    <location>
      <area>
        <ellipse>
          <moving-point>
            <latitude>46.726151</latitude>
            <longitude>8.001371</longitude>
            <polar_motion>
              <speed units="km/h">0.0</speed>
            </polar_motion>
          </moving-point>
          <major_axis units="km">11.71</major_axis>
          <minor_axis units="km">11.71</minor_axis>
          <orientation units="degrees true">0</orientation>
        </ellipse>
      </area>
    </location>
    <nowcast-parameters>
      <mesocyclone_shear_mean units="m/s/km">2.670842</mesocyclone_shear_mean>
      <mesocyclone_shear_max units="m/s/km">6.443468</mesocyclone_shear_max>
      <mesocyclone_momentum_mean units="m/s/km">218.584049</mesocyclone_momentum_mean>
      <mesocyclone_momentum_max units="m/s/km">631.256125</mesocyclone_momentum_max>
      <mesocyclone_diameter units="km">11.706297</mesocyclone_diameter>
      <mesocyclone_diameter_equivalent units="km">9.089696</mesocyclone_diameter_equivalent>
      <mesocyclone_top units="km">7.405050</mesocyclone_top>
      <mesocyclone_base units="km">4.091630</mesocyclone_base>
      <mesocyclone_echotop units="km">6.722863</mesocyclone_echotop>
      <mesocyclone_vil units="kg/m*m">7.848579</mesocyclone_vil>
      <mesocyclone_shear_vectors>27</mesocyclone_shear_vectors>
      <mesocyclone_shear_features>2</mesocyclone_shear_features>
      <elevations>
        <elevation site="fbg" units="&#176;">1.5,2.5</elevation>
      </elevations>
      <mean_dbz units="DBZ">39.60</mean_dbz>
      <max_dbz units="DBZ">56.34</max_dbz>
      <mesocyclone_velocity_max units="m/s">29.708893</mesocyclone_velocity_max>
      <mesocyclone_velocity_rotational_max units="m/s">18.301681</mesocyclone_velocity_rotational_max>
      <mesocyclone_velocity_rotational_mean units="m/s">11.007828</mesocyclone_velocity_rotational_mean>
      <mesocyclone_velocity_rotational_max_closest_to_ground units="m/s">18.301681</mesocyclone_velocity_rotational_max_closest_to_ground>
      <meso_intensity>3</meso_intensity>
    </nowcast-parameters>
  </event>
</nowcast-data>
