<?xml version="1.0" encoding="UTF-8"?>
<nowcast-data>
  <radar-stations>ASB,BOO,ROS,HNR,UMD,PRO,ESS,FLD,DRS,NEU,NHB,OFT,EIS,TUR,ISN,FBG,MEM</radar-stations>
  <event ID="8">
    <time time-coordinate="UTC">2021-07-08T01:15:00</time>
    <location>
      <area>
        <ellipse>
          <moving-point>
            <latitude>48.685997</latitude>
            <longitude>10.808940</longitude>
            <polar_motion>
              <speed units="km/h">0.0</speed>
            </polar_motion>
          </moving-point>
          <major_axis units="km">10.64</major_axis>
          <minor_axis units="km">10.64</minor_axis>
          <orientation units="degrees true">0</orientation>
        </ellipse>
      </area>
    </location>
    <nowcast-parameters>
      <mesocyclone_shear_mean units="m/s/km">3.121670</mesocyclone_shear_mean>
      <mesocyclone_shear_max units="m/s/km">6.829199</mesocyclone_shear_max>
      <mesocyclone_momentum_mean units="m/s/km">141.360510</mesocyclone_momentum_mean>
      <mesocyclone_momentum_max units="m/s/km">652.198345</mesocyclone_momentum_max>
      <mesocyclone_diameter units="km">10.642660</mesocyclone_diameter>
      <mesocyclone_diameter_equivalent units="km">6.359261</mesocyclone_diameter_equivalent>
      <mesocyclone_top units="km">6.975026</mesocyclone_top>
      <mesocyclone_base units="km">3.266144</mesocyclone_base>
      <mesocyclone_echotop units="km">6.566108</mesocyclone_echotop>
      <mesocyclone_vil units="kg/m*m">5.768944</mesocyclone_vil>
      <mesocyclone_shear_vectors>17</mesocyclone_shear_vectors>
      <mesocyclone_shear_features>2</mesocyclone_shear_features>
      <elevations>
        <elevation site="eis" units="&#176;">1.5</elevation>
        <elevation site="tur" units="&#176;">2.5</elevation>
      </elevations>
      <mean_dbz units="DBZ">36.45</mean_dbz>
      <max_dbz units="DBZ">52.55</max_dbz>
      <mesocyclone_velocity_max units="m/s">31.883247</mesocyclone_velocity_max>
      <mesocyclone_velocity_rotational_max units="m/s">25.204149</mesocyclone_velocity_rotational_max>
      <mesocyclone_velocity_rotational_mean units="m/s">8.892423</mesocyclone_velocity_rotational_mean>
      <mesocyclone_velocity_rotational_max_closest_to_ground units="m/s">8.630621</mesocyclone_velocity_rotational_max_closest_to_ground>
      <meso_intensity>3</meso_intensity>
    </nowcast-parameters>
  </event>
</nowcast-data>
