<?xml version="1.0" encoding="UTF-8"?>
<nowcast-data>
  <radar-stations>ASB,BOO,ROS,HNR,UMD,PRO,ESS,FLD,DRS,NEU,NHB,OFT,EIS,TUR,ISN,FBG,MEM</radar-stations>
  <event ID="13">
    <time time-coordinate="UTC">2021-07-08T11:40:00</time>
    <location>
      <area>
        <ellipse>
          <moving-point>
            <latitude>50.217735</latitude>
            <longitude>12.524933</longitude>
            <polar_motion>
              <speed units="km/h">0.0</speed>
            </polar_motion>
          </moving-point>
          <major_axis units="km">8.50</major_axis>
          <minor_axis units="km">8.50</minor_axis>
          <orientation units="degrees true">0</orientation>
        </ellipse>
      </area>
    </location>
    <nowcast-parameters>
      <mesocyclone_shear_mean units="m/s/km">2.597544</mesocyclone_shear_mean>
      <mesocyclone_shear_max units="m/s/km">4.474411</mesocyclone_shear_max>
      <mesocyclone_momentum_mean units="m/s/km">113.305380</mesocyclone_momentum_mean>
      <mesocyclone_momentum_max units="m/s/km">200.284971</mesocyclone_momentum_max>
      <mesocyclone_diameter units="km">8.500000</mesocyclone_diameter>
      <mesocyclone_diameter_equivalent units="km">7.219801</mesocyclone_diameter_equivalent>
      <mesocyclone_top units="km">7.394816</mesocyclone_top>
      <mesocyclone_base units="km">4.368327</mesocyclone_base>
      <mesocyclone_echotop units="km">9.038235</mesocyclone_echotop>
      <mesocyclone_vil units="kg/m*m">8.488402</mesocyclone_vil>
      <mesocyclone_shear_vectors>24</mesocyclone_shear_vectors>
      <mesocyclone_shear_features>3</mesocyclone_shear_features>
      <elevations>
        <elevation site="drs" units="&#176;">2.5</elevation>
        <elevation site="eis" units="&#176;">3.5,4.5</elevation>
      </elevations>
      <mean_dbz units="DBZ">36.26</mean_dbz>
      <max_dbz units="DBZ">51.82</max_dbz>
      <mesocyclone_velocity_max units="m/s">31.127121</mesocyclone_velocity_max>
      <mesocyclone_velocity_rotational_max units="m/s">14.744428</mesocyclone_velocity_rotational_max>
      <mesocyclone_velocity_rotational_mean units="m/s">8.342025</mesocyclone_velocity_rotational_mean>
      <mesocyclone_velocity_rotational_max_closest_to_ground units="m/s">14.744428</mesocyclone_velocity_rotational_max_closest_to_ground>
      <meso_intensity>2</meso_intensity>
    </nowcast-parameters>
  </event>
  <event ID="69">
    <time time-coordinate="UTC">2021-07-08T11:40:00</time>
    <location>
      <area>
        <ellipse>
          <moving-point>
            <latitude>47.829555</latitude>
            <longitude>11.066347</longitude>
            <polar_motion>
              <speed units="km/h">0.0</speed>
            </polar_motion>
          </moving-point>
          <major_axis units="km">13.50</major_axis>
          <minor_axis units="km">13.50</minor_axis>
          <orientation units="degrees true">0</orientation>
        </ellipse>
      </area>
    </location>
    <nowcast-parameters>
      <mesocyclone_shear_mean units="m/s/km">2.524748</mesocyclone_shear_mean>
      <mesocyclone_shear_max units="m/s/km">12.368564</mesocyclone_shear_max>
      <mesocyclone_momentum_mean units="m/s/km">175.007089</mesocyclone_momentum_mean>
      <mesocyclone_momentum_max units="m/s/km">782.148018</mesocyclone_momentum_max>
      <mesocyclone_diameter units="km">13.500000</mesocyclone_diameter>
      <mesocyclone_diameter_equivalent units="km">8.047584</mesocyclone_diameter_equivalent>
      <mesocyclone_top units="km">8.065971</mesocyclone_top>
      <mesocyclone_base units="km">3.579329</mesocyclone_base>
      <mesocyclone_echotop units="km">9.130959</mesocyclone_echotop>
      <mesocyclone_vil units="kg/m*m">14.815123</mesocyclone_vil>
      <mesocyclone_shear_vectors>27</mesocyclone_shear_vectors>
      <mesocyclone_shear_features>3</mesocyclone_shear_features>
      <elevations>
        <elevation site="isn" units="&#176;">2.5,3.5,4.5</elevation>
      </elevations>
      <mean_dbz units="DBZ">39.98</mean_dbz>
      <max_dbz units="DBZ">55.35</max_dbz>
      <mesocyclone_velocity_max units="m/s">30.957417</mesocyclone_velocity_max>
      <mesocyclone_velocity_rotational_max units="m/s">28.430281</mesocyclone_velocity_rotational_max>
      <mesocyclone_velocity_rotational_mean units="m/s">9.470838</mesocyclone_velocity_rotational_mean>
      <mesocyclone_velocity_rotational_max_closest_to_ground units="m/s">14.278319</mesocyclone_velocity_rotational_max_closest_to_ground>
      <meso_intensity>3</meso_intensity>
    </nowcast-parameters>
  </event>
  <event ID="85">
    <time time-coordinate="UTC">2021-07-08T11:40:00</time>
    <location>
      <area>
        <ellipse>
          <moving-point>
            <latitude>47.828860</latitude>
            <longitude>10.544546</longitude>
            <polar_motion>
              <speed units="km/h">0.0</speed>
            </polar_motion>
          </moving-point>
          <major_axis units="km">3.75</major_axis>
          <minor_axis units="km">3.75</minor_axis>
          <orientation units="degrees true">0</orientation>
        </ellipse>
      </area>
    </location>
    <nowcast-parameters>
      <mesocyclone_shear_mean units="m/s/km">5.014090</mesocyclone_shear_mean>
      <mesocyclone_shear_max units="m/s/km">10.260942</mesocyclone_shear_max>
      <mesocyclone_momentum_mean units="m/s/km">37.156867</mesocyclone_momentum_mean>
      <mesocyclone_momentum_max units="m/s/km">47.862665</mesocyclone_momentum_max>
      <mesocyclone_diameter units="km">3.750000</mesocyclone_diameter>
      <mesocyclone_diameter_equivalent units="km">3.071485</mesocyclone_diameter_equivalent>
      <mesocyclone_top units="km">1.777763</mesocyclone_top>
      <mesocyclone_base units="km">0.048720</mesocyclone_base>
      <mesocyclone_echotop units="km">7.068254</mesocyclone_echotop>
      <mesocyclone_vil units="kg/m*m">16.980888</mesocyclone_vil>
      <mesocyclone_shear_vectors>10</mesocyclone_shear_vectors>
      <mesocyclone_shear_features>3</mesocyclone_shear_features>
      <elevations>
        <elevation site="mem" units="&#176;">0.5,1.5,2.5</elevation>
      </elevations>
      <mean_dbz units="DBZ">47.07</mean_dbz>
      <max_dbz units="DBZ">58.40</max_dbz>
      <mesocyclone_velocity_max units="m/s">18.305466</mesocyclone_velocity_max>
      <mesocyclone_velocity_rotational_max units="m/s">9.089611</mesocyclone_velocity_rotational_max>
      <mesocyclone_velocity_rotational_mean units="m/s">6.635415</mesocyclone_velocity_rotational_mean>
      <mesocyclone_velocity_rotational_max_closest_to_ground units="m/s">6.059740</mesocyclone_velocity_rotational_max_closest_to_ground>
      <meso_intensity>1</meso_intensity>
    </nowcast-parameters>
  </event>
  <event ID="70">
    <time time-coordinate="UTC">2021-07-08T11:40:00</time>
    <location>
      <area>
        <ellipse>
          <moving-point>
            <latitude>47.522621</latitude>
            <longitude>11.000455</longitude>
            <polar_motion>
              <speed units="km/h">0.0</speed>
            </polar_motion>
          </moving-point>
          <major_axis units="km">5.36</major_axis>
          <minor_axis units="km">5.36</minor_axis>
          <orientation units="degrees true">0</orientation>
        </ellipse>
      </area>
    </location>
    <nowcast-parameters>
      <mesocyclone_shear_mean units="m/s/km">4.191523</mesocyclone_shear_mean>
      <mesocyclone_shear_max units="m/s/km">9.766454</mesocyclone_shear_max>
      <mesocyclone_momentum_mean units="m/s/km">70.783777</mesocyclone_momentum_mean>
      <mesocyclone_momentum_max units="m/s/km">148.275248</mesocyclone_momentum_max>
      <mesocyclone_diameter units="km">5.359294</mesocyclone_diameter>
      <mesocyclone_diameter_equivalent units="km">3.872737</mesocyclone_diameter_equivalent>
      <mesocyclone_top units="km">7.642564</mesocyclone_top>
      <mesocyclone_base units="km">3.450694</mesocyclone_base>
      <mesocyclone_echotop units="km">7.953250</mesocyclone_echotop>
      <mesocyclone_vil units="kg/m*m">7.351308</mesocyclone_vil>
      <mesocyclone_shear_vectors>11</mesocyclone_shear_vectors>
      <mesocyclone_shear_features>2</mesocyclone_shear_features>
      <elevations>
        <elevation site="isn" units="&#176;">2.5,3.5</elevation>
      </elevations>
      <mean_dbz units="DBZ">32.28</mean_dbz>
      <max_dbz units="DBZ">47.56</max_dbz>
      <mesocyclone_velocity_max units="m/s">31.715559</mesocyclone_velocity_max>
      <mesocyclone_velocity_rotational_max units="m/s">10.361257</mesocyclone_velocity_rotational_max>
      <mesocyclone_velocity_rotational_mean units="m/s">7.953459</mesocyclone_velocity_rotational_mean>
      <mesocyclone_velocity_rotational_max_closest_to_ground units="m/s">10.361257</mesocyclone_velocity_rotational_max_closest_to_ground>
      <meso_intensity>2</meso_intensity>
    </nowcast-parameters>
  </event>
  <event ID="63">
    <time time-coordinate="UTC">2021-07-08T11:40:00</time>
    <location>
      <area>
        <ellipse>
          <moving-point>
            <latitude>47.488348</latitude>
            <longitude>10.527858</longitude>
            <polar_motion>
              <speed units="km/h">0.0</speed>
            </polar_motion>
          </moving-point>
          <major_axis units="km">7.42</major_axis>
          <minor_axis units="km">7.42</minor_axis>
          <orientation units="degrees true">0</orientation>
        </ellipse>
      </area>
    </location>
    <nowcast-parameters>
      <mesocyclone_shear_mean units="m/s/km">3.695894</mesocyclone_shear_mean>
      <mesocyclone_shear_max units="m/s/km">7.665541</mesocyclone_shear_max>
      <mesocyclone_momentum_mean units="m/s/km">92.699867</mesocyclone_momentum_mean>
      <mesocyclone_momentum_max units="m/s/km">178.992975</mesocyclone_momentum_max>
      <mesocyclone_diameter units="km">7.415303</mesocyclone_diameter>
      <mesocyclone_diameter_equivalent units="km">3.711083</mesocyclone_diameter_equivalent>
      <mesocyclone_top units="km">5.065488</mesocyclone_top>
      <mesocyclone_base units="km">2.552405</mesocyclone_base>
      <mesocyclone_echotop units="km">5.583445</mesocyclone_echotop>
      <mesocyclone_vil units="kg/m*m">4.213884</mesocyclone_vil>
      <mesocyclone_shear_vectors>7</mesocyclone_shear_vectors>
      <mesocyclone_shear_features>2</mesocyclone_shear_features>
      <elevations>
        <elevation site="isn" units="&#176;">1.5</elevation>
        <elevation site="mem" units="&#176;">3.5</elevation>
      </elevations>
      <mean_dbz units="DBZ">33.90</mean_dbz>
      <max_dbz units="DBZ">49.25</max_dbz>
      <mesocyclone_velocity_max units="m/s">25.903145</mesocyclone_velocity_max>
      <mesocyclone_velocity_rotational_max units="m/s">12.509324</mesocyclone_velocity_rotational_max>
      <mesocyclone_velocity_rotational_mean units="m/s">8.336127</mesocyclone_velocity_rotational_mean>
      <mesocyclone_velocity_rotational_max_closest_to_ground units="m/s">12.509324</mesocyclone_velocity_rotational_max_closest_to_ground>
      <meso_intensity>2</meso_intensity>
    </nowcast-parameters>
  </event>
  <event ID="86">
    <time time-coordinate="UTC">2021-07-08T11:40:00</time>
    <location>
      <area>
        <ellipse>
          <moving-point>
            <latitude>47.056690</latitude>
            <longitude>10.349903</longitude>
            <polar_motion>
              <speed units="km/h">0.0</speed>
            </polar_motion>
          </moving-point>
          <major_axis units="km">10.25</major_axis>
          <minor_axis units="km">10.25</minor_axis>
          <orientation units="degrees true">0</orientation>
        </ellipse>
      </area>
    </location>
    <nowcast-parameters>
      <mesocyclone_shear_mean units="m/s/km">4.655149</mesocyclone_shear_mean>
      <mesocyclone_shear_max units="m/s/km">12.647219</mesocyclone_shear_max>
      <mesocyclone_momentum_mean units="m/s/km">102.319995</mesocyclone_momentum_mean>
      <mesocyclone_momentum_max units="m/s/km">222.938997</mesocyclone_momentum_max>
      <mesocyclone_diameter units="km">10.250000</mesocyclone_diameter>
      <mesocyclone_diameter_equivalent units="km">6.319545</mesocyclone_diameter_equivalent>
      <mesocyclone_top units="km">3.898744</mesocyclone_top>
      <mesocyclone_base units="km">0.060325</mesocyclone_base>
      <mesocyclone_echotop units="km">8.707479</mesocyclone_echotop>
      <mesocyclone_vil units="kg/m*m">5.796371</mesocyclone_vil>
      <mesocyclone_shear_vectors>20</mesocyclone_shear_vectors>
      <mesocyclone_shear_features>2</mesocyclone_shear_features>
      <elevations>
        <elevation site="mem" units="&#176;">0.5,1.5</elevation>
      </elevations>
      <mean_dbz units="DBZ">33.30</mean_dbz>
      <max_dbz units="DBZ">46.95</max_dbz>
      <mesocyclone_velocity_max units="m/s">27.900055</mesocyclone_velocity_max>
      <mesocyclone_velocity_rotational_max units="m/s">14.013149</mesocyclone_velocity_rotational_max>
      <mesocyclone_velocity_rotational_mean units="m/s">9.327247</mesocyclone_velocity_rotational_mean>
      <mesocyclone_velocity_rotational_max_closest_to_ground units="m/s">14.013149</mesocyclone_velocity_rotational_max_closest_to_ground>
      <meso_intensity>3</meso_intensity>
    </nowcast-parameters>
  </event>
</nowcast-data>
