<?xml version="1.0" encoding="UTF-8"?>
<nowcast-data>
  <radar-stations>ASB,BOO,ROS,HNR,UMD,PRO,ESS,FLD,DRS,NEU,NHB,OFT,EIS,TUR,ISN,FBG,MEM</radar-stations>
  <event ID="28">
    <time time-coordinate="UTC">2021-07-06T23:15:00</time>
    <location>
      <area>
        <ellipse>
          <moving-point>
            <latitude>50.835860</latitude>
            <longitude>13.450983</longitude>
            <polar_motion>
              <speed units="km/h">0.0</speed>
            </polar_motion>
          </moving-point>
          <major_axis units="km">10.00</major_axis>
          <minor_axis units="km">10.00</minor_axis>
          <orientation units="degrees true">0</orientation>
        </ellipse>
      </area>
    </location>
    <nowcast-parameters>
      <mesocyclone_shear_mean units="m/s/km">3.518481</mesocyclone_shear_mean>
      <mesocyclone_shear_max units="m/s/km">6.882766</mesocyclone_shear_max>
      <mesocyclone_momentum_mean units="m/s/km">116.783827</mesocyclone_momentum_mean>
      <mesocyclone_momentum_max units="m/s/km">722.780602</mesocyclone_momentum_max>
      <mesocyclone_diameter units="km">10.000000</mesocyclone_diameter>
      <mesocyclone_diameter_equivalent units="km">6.139015</mesocyclone_diameter_equivalent>
      <mesocyclone_top units="km">4.673599</mesocyclone_top>
      <mesocyclone_base units="km">1.870028</mesocyclone_base>
      <mesocyclone_echotop units="km">6.515570</mesocyclone_echotop>
      <mesocyclone_vil units="kg/m*m">7.746610</mesocyclone_vil>
      <mesocyclone_shear_vectors>18</mesocyclone_shear_vectors>
      <mesocyclone_shear_features>2</mesocyclone_shear_features>
      <elevations>
        <elevation site="drs" units="&#176;">4.5</elevation>
        <elevation site="eis" units="&#176;">0.5</elevation>
      </elevations>
      <mean_dbz units="DBZ">35.42</mean_dbz>
      <max_dbz units="DBZ">48.41</max_dbz>
      <mesocyclone_velocity_max units="m/s">29.866919</mesocyclone_velocity_max>
      <mesocyclone_velocity_rotational_max units="m/s">25.708233</mesocyclone_velocity_rotational_max>
      <mesocyclone_velocity_rotational_mean units="m/s">8.828865</mesocyclone_velocity_rotational_mean>
      <mesocyclone_velocity_rotational_max_closest_to_ground units="m/s">25.708233</mesocyclone_velocity_rotational_max_closest_to_ground>
      <meso_intensity>2</meso_intensity>
    </nowcast-parameters>
  </event>
</nowcast-data>
