<?xml version="1.0" encoding="UTF-8"?>
<nowcast-data>
  <radar-stations>ASB,BOO,ROS,HNR,UMD,PRO,ESS,FLD,DRS,NEU,NHB,OFT,EIS,TUR,ISN,FBG,MEM</radar-stations>
  <event ID="7">
    <time time-coordinate="UTC">2021-07-08T01:40:00</time>
    <location>
      <area>
        <ellipse>
          <moving-point>
            <latitude>48.772640</latitude>
            <longitude>10.872770</longitude>
            <polar_motion>
              <speed units="km/h">0.0</speed>
            </polar_motion>
          </moving-point>
          <major_axis units="km">5.25</major_axis>
          <minor_axis units="km">5.25</minor_axis>
          <orientation units="degrees true">0</orientation>
        </ellipse>
      </area>
    </location>
    <nowcast-parameters>
      <mesocyclone_shear_mean units="m/s/km">3.924624</mesocyclone_shear_mean>
      <mesocyclone_shear_max units="m/s/km">5.952047</mesocyclone_shear_max>
      <mesocyclone_momentum_mean units="m/s/km">52.369569</mesocyclone_momentum_mean>
      <mesocyclone_momentum_max units="m/s/km">160.045880</mesocyclone_momentum_max>
      <mesocyclone_diameter units="km">5.250000</mesocyclone_diameter>
      <mesocyclone_diameter_equivalent units="km">3.801560</mesocyclone_diameter_equivalent>
      <mesocyclone_top units="km">6.519361</mesocyclone_top>
      <mesocyclone_base units="km">3.855839</mesocyclone_base>
      <mesocyclone_echotop units="km">6.689021</mesocyclone_echotop>
      <mesocyclone_vil units="kg/m*m">3.892505</mesocyclone_vil>
      <mesocyclone_shear_vectors>12</mesocyclone_shear_vectors>
      <mesocyclone_shear_features>3</mesocyclone_shear_features>
      <elevations>
        <elevation site="eis" units="&#176;">1.5</elevation>
        <elevation site="tur" units="&#176;">3.5</elevation>
        <elevation site="mem" units="&#176;">2.5</elevation>
      </elevations>
      <mean_dbz units="DBZ">34.86</mean_dbz>
      <max_dbz units="DBZ">52.22</max_dbz>
      <mesocyclone_velocity_max units="m/s">18.557953</mesocyclone_velocity_max>
      <mesocyclone_velocity_rotational_max units="m/s">13.834378</mesocyclone_velocity_rotational_max>
      <mesocyclone_velocity_rotational_mean units="m/s">6.933556</mesocyclone_velocity_rotational_mean>
      <mesocyclone_velocity_rotational_max_closest_to_ground units="m/s">8.065328</mesocyclone_velocity_rotational_max_closest_to_ground>
      <meso_intensity>2</meso_intensity>
    </nowcast-parameters>
  </event>
</nowcast-data>
