<?xml version="1.0" encoding="UTF-8"?>
<nowcast-data>
  <radar-stations>ASB,BOO,ROS,HNR,UMD,PRO,ESS,FLD,DRS,NEU,NHB,OFT,EIS,TUR,ISN,FBG,MEM</radar-stations>
  <event ID="39">
    <time time-coordinate="UTC">2021-07-08T03:50:00</time>
    <location>
      <area>
        <ellipse>
          <moving-point>
            <latitude>46.838533</latitude>
            <longitude>8.789087</longitude>
            <polar_motion>
              <speed units="km/h">0.0</speed>
            </polar_motion>
          </moving-point>
          <major_axis units="km">7.13</major_axis>
          <minor_axis units="km">7.13</minor_axis>
          <orientation units="degrees true">0</orientation>
        </ellipse>
      </area>
    </location>
    <nowcast-parameters>
      <mesocyclone_shear_mean units="m/s/km">5.701407</mesocyclone_shear_mean>
      <mesocyclone_shear_max units="m/s/km">8.377850</mesocyclone_shear_max>
      <mesocyclone_momentum_mean units="m/s/km">127.237733</mesocyclone_momentum_mean>
      <mesocyclone_momentum_max units="m/s/km">301.538161</mesocyclone_momentum_max>
      <mesocyclone_diameter units="km">7.131182</mesocyclone_diameter>
      <mesocyclone_diameter_equivalent units="km">3.150042</mesocyclone_diameter_equivalent>
      <mesocyclone_top units="km">6.572243</mesocyclone_top>
      <mesocyclone_base units="km">0.755540</mesocyclone_base>
      <mesocyclone_echotop units="km">6.289103</mesocyclone_echotop>
      <mesocyclone_vil units="kg/m*m">5.449839</mesocyclone_vil>
      <mesocyclone_shear_vectors>6</mesocyclone_shear_vectors>
      <mesocyclone_shear_features>2</mesocyclone_shear_features>
      <elevations>
        <elevation site="fbg" units="&#176;">0.5</elevation>
        <elevation site="mem" units="&#176;">1.5</elevation>
      </elevations>
      <mean_dbz units="DBZ">38.86</mean_dbz>
      <max_dbz units="DBZ">47.68</max_dbz>
      <mesocyclone_velocity_max units="m/s">24.870186</mesocyclone_velocity_max>
      <mesocyclone_velocity_rotational_max units="m/s">22.438362</mesocyclone_velocity_rotational_max>
      <mesocyclone_velocity_rotational_mean units="m/s">12.215277</mesocyclone_velocity_rotational_mean>
      <mesocyclone_velocity_rotational_max_closest_to_ground units="m/s">22.438362</mesocyclone_velocity_rotational_max_closest_to_ground>
      <meso_intensity>2</meso_intensity>
    </nowcast-parameters>
  </event>
</nowcast-data>
