<?xml version="1.0" encoding="UTF-8"?>
<nowcast-data>
  <radar-stations>ASB,BOO,ROS,HNR,UMD,PRO,ESS,FLD,DRS,NEU,NHB,OFT,EIS,TUR,ISN,FBG,MEM</radar-stations>
  <event ID="47">
    <time time-coordinate="UTC">2021-07-08T06:05:00</time>
    <location>
      <area>
        <ellipse>
          <moving-point>
            <latitude>47.051059</latitude>
            <longitude>9.579566</longitude>
            <polar_motion>
              <speed units="km/h">0.0</speed>
            </polar_motion>
          </moving-point>
          <major_axis units="km">9.00</major_axis>
          <minor_axis units="km">9.00</minor_axis>
          <orientation units="degrees true">0</orientation>
        </ellipse>
      </area>
    </location>
    <nowcast-parameters>
      <mesocyclone_shear_mean units="m/s/km">4.446408</mesocyclone_shear_mean>
      <mesocyclone_shear_max units="m/s/km">6.655787</mesocyclone_shear_max>
      <mesocyclone_momentum_mean units="m/s/km">50.600841</mesocyclone_momentum_mean>
      <mesocyclone_momentum_max units="m/s/km">235.078199</mesocyclone_momentum_max>
      <mesocyclone_diameter units="km">9.000000</mesocyclone_diameter>
      <mesocyclone_diameter_equivalent units="km">5.514178</mesocyclone_diameter_equivalent>
      <mesocyclone_top units="km">6.371762</mesocyclone_top>
      <mesocyclone_base units="km">0.624845</mesocyclone_base>
      <mesocyclone_echotop units="km">7.977220</mesocyclone_echotop>
      <mesocyclone_vil units="kg/m*m">4.233255</mesocyclone_vil>
      <mesocyclone_shear_vectors>29</mesocyclone_shear_vectors>
      <mesocyclone_shear_features>2</mesocyclone_shear_features>
      <elevations>
        <elevation site="tur" units="&#176;">0.5,1.5</elevation>
      </elevations>
      <mean_dbz units="DBZ">31.04</mean_dbz>
      <max_dbz units="DBZ">46.97</max_dbz>
      <mesocyclone_velocity_max units="m/s">31.603302</mesocyclone_velocity_max>
      <mesocyclone_velocity_rotational_max units="m/s">19.545819</mesocyclone_velocity_rotational_max>
      <mesocyclone_velocity_rotational_mean units="m/s">7.269911</mesocyclone_velocity_rotational_mean>
      <mesocyclone_velocity_rotational_max_closest_to_ground units="m/s">19.545819</mesocyclone_velocity_rotational_max_closest_to_ground>
      <meso_intensity>3</meso_intensity>
    </nowcast-parameters>
  </event>
</nowcast-data>
