<?xml version="1.0" encoding="UTF-8"?>
<nowcast-data>
  <radar-stations>ASB,BOO,ROS,HNR,UMD,PRO,ESS,FLD,DRS,NEU,NHB,OFT,EIS,TUR,ISN,FBG,MEM</radar-stations>
  <event ID="104">
    <time time-coordinate="UTC">2021-07-07T05:05:00</time>
    <location>
      <area>
        <ellipse>
          <moving-point>
            <latitude>48.469766</latitude>
            <longitude>9.179115</longitude>
            <polar_motion>
              <speed units="km/h">0.0</speed>
            </polar_motion>
          </moving-point>
          <major_axis units="km">7.30</major_axis>
          <minor_axis units="km">7.30</minor_axis>
          <orientation units="degrees true">0</orientation>
        </ellipse>
      </area>
    </location>
    <nowcast-parameters>
      <mesocyclone_shear_mean units="m/s/km">5.954998</mesocyclone_shear_mean>
      <mesocyclone_shear_max units="m/s/km">14.673718</mesocyclone_shear_max>
      <mesocyclone_momentum_mean units="m/s/km">64.359681</mesocyclone_momentum_mean>
      <mesocyclone_momentum_max units="m/s/km">460.783268</mesocyclone_momentum_max>
      <mesocyclone_diameter units="km">7.302704</mesocyclone_diameter>
      <mesocyclone_diameter_equivalent units="km">4.148723</mesocyclone_diameter_equivalent>
      <mesocyclone_top units="km">7.511201</mesocyclone_top>
      <mesocyclone_base units="km">3.755074</mesocyclone_base>
      <mesocyclone_echotop units="km">4.943143</mesocyclone_echotop>
      <mesocyclone_vil units="kg/m*m">2.980488</mesocyclone_vil>
      <mesocyclone_shear_vectors>18</mesocyclone_shear_vectors>
      <mesocyclone_shear_features>2</mesocyclone_shear_features>
      <elevations>
        <elevation site="oft" units="&#176;">1.5</elevation>
        <elevation site="fbg" units="&#176;">1.5</elevation>
      </elevations>
      <mean_dbz units="DBZ">34.92</mean_dbz>
      <max_dbz units="DBZ">47.03</max_dbz>
      <mesocyclone_velocity_max units="m/s">28.204647</mesocyclone_velocity_max>
      <mesocyclone_velocity_rotational_max units="m/s">23.817257</mesocyclone_velocity_rotational_max>
      <mesocyclone_velocity_rotational_mean units="m/s">8.905077</mesocyclone_velocity_rotational_mean>
      <mesocyclone_velocity_rotational_max_closest_to_ground units="m/s">23.817257</mesocyclone_velocity_rotational_max_closest_to_ground>
      <meso_intensity>2</meso_intensity>
    </nowcast-parameters>
  </event>
</nowcast-data>
