<?xml version="1.0" encoding="UTF-8"?>
<nowcast-data>
  <radar-stations>ASB,BOO,ROS,HNR,UMD,PRO,ESS,FLD,DRS,NEU,NHB,OFT,EIS,TUR,ISN,FBG,MEM</radar-stations>
  <event ID="32">
    <time time-coordinate="UTC">2021-07-08T06:50:00</time>
    <location>
      <area>
        <ellipse>
          <moving-point>
            <latitude>49.512248</latitude>
            <longitude>11.586078</longitude>
            <polar_motion>
              <speed units="km/h">0.0</speed>
            </polar_motion>
          </moving-point>
          <major_axis units="km">7.00</major_axis>
          <minor_axis units="km">7.00</minor_axis>
          <orientation units="degrees true">0</orientation>
        </ellipse>
      </area>
    </location>
    <nowcast-parameters>
      <mesocyclone_shear_mean units="m/s/km">4.343535</mesocyclone_shear_mean>
      <mesocyclone_shear_max units="m/s/km">11.342874</mesocyclone_shear_max>
      <mesocyclone_momentum_mean units="m/s/km">79.695521</mesocyclone_momentum_mean>
      <mesocyclone_momentum_max units="m/s/km">364.192284</mesocyclone_momentum_max>
      <mesocyclone_diameter units="km">7.000000</mesocyclone_diameter>
      <mesocyclone_diameter_equivalent units="km">4.636542</mesocyclone_diameter_equivalent>
      <mesocyclone_top units="km">4.955382</mesocyclone_top>
      <mesocyclone_base units="km">1.986380</mesocyclone_base>
      <mesocyclone_echotop units="km">6.303914</mesocyclone_echotop>
      <mesocyclone_vil units="kg/m*m">5.760833</mesocyclone_vil>
      <mesocyclone_shear_vectors>19</mesocyclone_shear_vectors>
      <mesocyclone_shear_features>3</mesocyclone_shear_features>
      <elevations>
        <elevation site="eis" units="&#176;">2.5,3.5</elevation>
        <elevation site="tur" units="&#176;">0.5</elevation>
      </elevations>
      <mean_dbz units="DBZ">38.48</mean_dbz>
      <max_dbz units="DBZ">49.19</max_dbz>
      <mesocyclone_velocity_max units="m/s">27.795677</mesocyclone_velocity_max>
      <mesocyclone_velocity_rotational_max units="m/s">22.338078</mesocyclone_velocity_rotational_max>
      <mesocyclone_velocity_rotational_mean units="m/s">8.547357</mesocyclone_velocity_rotational_mean>
      <mesocyclone_velocity_rotational_max_closest_to_ground units="m/s">22.338078</mesocyclone_velocity_rotational_max_closest_to_ground>
      <meso_intensity>2</meso_intensity>
    </nowcast-parameters>
  </event>
  <event ID="48">
    <time time-coordinate="UTC">2021-07-08T06:50:00</time>
    <location>
      <area>
        <ellipse>
          <moving-point>
            <latitude>46.660832</latitude>
            <longitude>9.020284</longitude>
            <polar_motion>
              <speed units="km/h">0.0</speed>
            </polar_motion>
          </moving-point>
          <major_axis units="km">11.10</major_axis>
          <minor_axis units="km">11.10</minor_axis>
          <orientation units="degrees true">0</orientation>
        </ellipse>
      </area>
    </location>
    <nowcast-parameters>
      <mesocyclone_shear_mean units="m/s/km">4.877616</mesocyclone_shear_mean>
      <mesocyclone_shear_max units="m/s/km">9.533423</mesocyclone_shear_max>
      <mesocyclone_momentum_mean units="m/s/km">108.566351</mesocyclone_momentum_mean>
      <mesocyclone_momentum_max units="m/s/km">1041.441955</mesocyclone_momentum_max>
      <mesocyclone_diameter units="km">11.102416</mesocyclone_diameter>
      <mesocyclone_diameter_equivalent units="km">4.977264</mesocyclone_diameter_equivalent>
      <mesocyclone_top units="km">9.339248</mesocyclone_top>
      <mesocyclone_base units="km">0.858548</mesocyclone_base>
      <mesocyclone_echotop units="km">7.975424</mesocyclone_echotop>
      <mesocyclone_vil units="kg/m*m">4.932835</mesocyclone_vil>
      <mesocyclone_shear_vectors>16</mesocyclone_shear_vectors>
      <mesocyclone_shear_features>4</mesocyclone_shear_features>
      <elevations>
        <elevation site="fbg" units="&#176;">1.5</elevation>
        <elevation site="mem" units="&#176;">0.5,1.5,2.5</elevation>
      </elevations>
      <mean_dbz units="DBZ">36.65</mean_dbz>
      <max_dbz units="DBZ">45.18</max_dbz>
      <mesocyclone_velocity_max units="m/s">31.434904</mesocyclone_velocity_max>
      <mesocyclone_velocity_rotational_max units="m/s">33.581061</mesocyclone_velocity_rotational_max>
      <mesocyclone_velocity_rotational_mean units="m/s">9.879175</mesocyclone_velocity_rotational_mean>
      <mesocyclone_velocity_rotational_max_closest_to_ground units="m/s">14.896861</mesocyclone_velocity_rotational_max_closest_to_ground>
      <meso_intensity>2</meso_intensity>
    </nowcast-parameters>
  </event>
</nowcast-data>
