<?xml version="1.0" encoding="UTF-8"?>
<nowcast-data>
  <radar-stations>ASB,BOO,ROS,HNR,UMD,PRO,ESS,FLD,DRS,NEU,NHB,OFT,EIS,TUR,ISN,FBG,MEM</radar-stations>
  <event ID="8">
    <time time-coordinate="UTC">2021-07-08T15:05:00</time>
    <location>
      <area>
        <ellipse>
          <moving-point>
            <latitude>53.217117</latitude>
            <longitude>10.506828</longitude>
            <polar_motion>
              <speed units="km/h">0.0</speed>
            </polar_motion>
          </moving-point>
          <major_axis units="km">9.29</major_axis>
          <minor_axis units="km">9.29</minor_axis>
          <orientation units="degrees true">0</orientation>
        </ellipse>
      </area>
    </location>
    <nowcast-parameters>
      <mesocyclone_shear_mean units="m/s/km">4.527121</mesocyclone_shear_mean>
      <mesocyclone_shear_max units="m/s/km">9.877974</mesocyclone_shear_max>
      <mesocyclone_momentum_mean units="m/s/km">124.308512</mesocyclone_momentum_mean>
      <mesocyclone_momentum_max units="m/s/km">727.149310</mesocyclone_momentum_max>
      <mesocyclone_diameter units="km">9.293293</mesocyclone_diameter>
      <mesocyclone_diameter_equivalent units="km">4.344470</mesocyclone_diameter_equivalent>
      <mesocyclone_top units="km">5.151358</mesocyclone_top>
      <mesocyclone_base units="km">0.599546</mesocyclone_base>
      <mesocyclone_echotop units="km">8.979857</mesocyclone_echotop>
      <mesocyclone_vil units="kg/m*m">11.191179</mesocyclone_vil>
      <mesocyclone_shear_vectors>10</mesocyclone_shear_vectors>
      <mesocyclone_shear_features>3</mesocyclone_shear_features>
      <elevations>
        <elevation site="boo" units="&#176;">2.5</elevation>
        <elevation site="ros" units="&#176;">0.5</elevation>
        <elevation site="hnr" units="&#176;">0.5</elevation>
      </elevations>
      <mean_dbz units="DBZ">41.36</mean_dbz>
      <max_dbz units="DBZ">59.93</max_dbz>
      <mesocyclone_velocity_max units="m/s">23.565876</mesocyclone_velocity_max>
      <mesocyclone_velocity_rotational_max units="m/s">29.110794</mesocyclone_velocity_rotational_max>
      <mesocyclone_velocity_rotational_mean units="m/s">10.126261</mesocyclone_velocity_rotational_mean>
      <mesocyclone_velocity_rotational_max_closest_to_ground units="m/s">11.215846</mesocyclone_velocity_rotational_max_closest_to_ground>
      <meso_intensity>2</meso_intensity>
    </nowcast-parameters>
  </event>
  <event ID="16">
    <time time-coordinate="UTC">2021-07-08T15:05:00</time>
    <location>
      <area>
        <ellipse>
          <moving-point>
            <latitude>51.277363</latitude>
            <longitude>9.482334</longitude>
            <polar_motion>
              <speed units="km/h">0.0</speed>
            </polar_motion>
          </moving-point>
          <major_axis units="km">7.51</major_axis>
          <minor_axis units="km">7.51</minor_axis>
          <orientation units="degrees true">0</orientation>
        </ellipse>
      </area>
    </location>
    <nowcast-parameters>
      <mesocyclone_shear_mean units="m/s/km">5.281401</mesocyclone_shear_mean>
      <mesocyclone_shear_max units="m/s/km">10.673804</mesocyclone_shear_max>
      <mesocyclone_momentum_mean units="m/s/km">88.288531</mesocyclone_momentum_mean>
      <mesocyclone_momentum_max units="m/s/km">299.340527</mesocyclone_momentum_max>
      <mesocyclone_diameter units="km">7.508336</mesocyclone_diameter>
      <mesocyclone_diameter_equivalent units="km">5.887903</mesocyclone_diameter_equivalent>
      <mesocyclone_top units="km">9.235866</mesocyclone_top>
      <mesocyclone_base units="km">3.182157</mesocyclone_base>
      <mesocyclone_echotop units="km">8.439455</mesocyclone_echotop>
      <mesocyclone_vil units="kg/m*m">28.769012</mesocyclone_vil>
      <mesocyclone_shear_vectors>18</mesocyclone_shear_vectors>
      <mesocyclone_shear_features>5</mesocyclone_shear_features>
      <elevations>
        <elevation site="hnr" units="&#176;">1.5,2.5</elevation>
        <elevation site="umd" units="&#176;">1.5,2.5</elevation>
        <elevation site="oft" units="&#176;">1.5</elevation>
      </elevations>
      <mean_dbz units="DBZ">44.46</mean_dbz>
      <max_dbz units="DBZ">63.03</max_dbz>
      <mesocyclone_velocity_max units="m/s">31.631208</mesocyclone_velocity_max>
      <mesocyclone_velocity_rotational_max units="m/s">18.525049</mesocyclone_velocity_rotational_max>
      <mesocyclone_velocity_rotational_mean units="m/s">9.469559</mesocyclone_velocity_rotational_mean>
      <mesocyclone_velocity_rotational_max_closest_to_ground units="m/s">12.476053</mesocyclone_velocity_rotational_max_closest_to_ground>
      <meso_intensity>3</meso_intensity>
    </nowcast-parameters>
  </event>
  <event ID="38">
    <time time-coordinate="UTC">2021-07-08T15:05:00</time>
    <location>
      <area>
        <ellipse>
          <moving-point>
            <latitude>49.530780</latitude>
            <longitude>13.117583</longitude>
            <polar_motion>
              <speed units="km/h">0.0</speed>
            </polar_motion>
          </moving-point>
          <major_axis units="km">14.39</major_axis>
          <minor_axis units="km">14.39</minor_axis>
          <orientation units="degrees true">0</orientation>
        </ellipse>
      </area>
    </location>
    <nowcast-parameters>
      <mesocyclone_shear_mean units="m/s/km">3.968805</mesocyclone_shear_mean>
      <mesocyclone_shear_max units="m/s/km">7.783842</mesocyclone_shear_max>
      <mesocyclone_momentum_mean units="m/s/km">97.977492</mesocyclone_momentum_mean>
      <mesocyclone_momentum_max units="m/s/km">853.295039</mesocyclone_momentum_max>
      <mesocyclone_diameter units="km">14.394576</mesocyclone_diameter>
      <mesocyclone_diameter_equivalent units="km">5.674395</mesocyclone_diameter_equivalent>
      <mesocyclone_top units="km">10.803683</mesocyclone_top>
      <mesocyclone_base units="km">2.261872</mesocyclone_base>
      <mesocyclone_echotop units="km">10.268886</mesocyclone_echotop>
      <mesocyclone_vil units="kg/m*m">12.576135</mesocyclone_vil>
      <mesocyclone_shear_vectors>13</mesocyclone_shear_vectors>
      <mesocyclone_shear_features>5</mesocyclone_shear_features>
      <elevations>
        <elevation site="neu" units="&#176;">0.5</elevation>
        <elevation site="eis" units="&#176;">3.5,4.5</elevation>
        <elevation site="isn" units="&#176;">1.5,2.5</elevation>
      </elevations>
      <mean_dbz units="DBZ">40.58</mean_dbz>
      <max_dbz units="DBZ">53.04</max_dbz>
      <mesocyclone_velocity_max units="m/s">31.715561</mesocyclone_velocity_max>
      <mesocyclone_velocity_rotational_max units="m/s">17.942666</mesocyclone_velocity_rotational_max>
      <mesocyclone_velocity_rotational_mean units="m/s">8.105609</mesocyclone_velocity_rotational_mean>
      <mesocyclone_velocity_rotational_max_closest_to_ground units="m/s">10.361259</mesocyclone_velocity_rotational_max_closest_to_ground>
      <meso_intensity>3</meso_intensity>
    </nowcast-parameters>
  </event>
  <event ID="52">
    <time time-coordinate="UTC">2021-07-08T15:05:00</time>
    <location>
      <area>
        <ellipse>
          <moving-point>
            <latitude>49.425005</latitude>
            <longitude>13.206705</longitude>
            <polar_motion>
              <speed units="km/h">0.0</speed>
            </polar_motion>
          </moving-point>
          <major_axis units="km">17.00</major_axis>
          <minor_axis units="km">17.00</minor_axis>
          <orientation units="degrees true">0</orientation>
        </ellipse>
      </area>
    </location>
    <nowcast-parameters>
      <mesocyclone_shear_mean units="m/s/km">3.881502</mesocyclone_shear_mean>
      <mesocyclone_shear_max units="m/s/km">9.463143</mesocyclone_shear_max>
      <mesocyclone_momentum_mean units="m/s/km">93.948329</mesocyclone_momentum_mean>
      <mesocyclone_momentum_max units="m/s/km">521.513388</mesocyclone_momentum_max>
      <mesocyclone_diameter units="km">17.000000</mesocyclone_diameter>
      <mesocyclone_diameter_equivalent units="km">8.320037</mesocyclone_diameter_equivalent>
      <mesocyclone_top units="km">10.055595</mesocyclone_top>
      <mesocyclone_base units="km">2.517747</mesocyclone_base>
      <mesocyclone_echotop units="km">10.110720</mesocyclone_echotop>
      <mesocyclone_vil units="kg/m*m">27.454125</mesocyclone_vil>
      <mesocyclone_shear_vectors>38</mesocyclone_shear_vectors>
      <mesocyclone_shear_features>5</mesocyclone_shear_features>
      <elevations>
        <elevation site="eis" units="&#176;">2.5,3.5,5.5</elevation>
        <elevation site="isn" units="&#176;">1.5,2.5</elevation>
      </elevations>
      <mean_dbz units="DBZ">43.31</mean_dbz>
      <max_dbz units="DBZ">59.57</max_dbz>
      <mesocyclone_velocity_max units="m/s">31.715561</mesocyclone_velocity_max>
      <mesocyclone_velocity_rotational_max units="m/s">15.415531</mesocyclone_velocity_rotational_max>
      <mesocyclone_velocity_rotational_mean units="m/s">8.061867</mesocyclone_velocity_rotational_mean>
      <mesocyclone_velocity_rotational_max_closest_to_ground units="m/s">6.931142</mesocyclone_velocity_rotational_max_closest_to_ground>
      <meso_intensity>3</meso_intensity>
    </nowcast-parameters>
  </event>
  <event ID="45">
    <time time-coordinate="UTC">2021-07-08T15:05:00</time>
    <location>
      <area>
        <ellipse>
          <moving-point>
            <latitude>48.652351</latitude>
            <longitude>13.423964</longitude>
            <polar_motion>
              <speed units="km/h">0.0</speed>
            </polar_motion>
          </moving-point>
          <major_axis units="km">11.59</major_axis>
          <minor_axis units="km">11.59</minor_axis>
          <orientation units="degrees true">0</orientation>
        </ellipse>
      </area>
    </location>
    <nowcast-parameters>
      <mesocyclone_shear_mean units="m/s/km">3.128151</mesocyclone_shear_mean>
      <mesocyclone_shear_max units="m/s/km">9.024866</mesocyclone_shear_max>
      <mesocyclone_momentum_mean units="m/s/km">156.613971</mesocyclone_momentum_mean>
      <mesocyclone_momentum_max units="m/s/km">457.773222</mesocyclone_momentum_max>
      <mesocyclone_diameter units="km">11.586529</mesocyclone_diameter>
      <mesocyclone_diameter_equivalent units="km">6.427517</mesocyclone_diameter_equivalent>
      <mesocyclone_top units="km">8.072493</mesocyclone_top>
      <mesocyclone_base units="km">1.078140</mesocyclone_base>
      <mesocyclone_echotop units="km">9.203250</mesocyclone_echotop>
      <mesocyclone_vil units="kg/m*m">22.019503</mesocyclone_vil>
      <mesocyclone_shear_vectors>15</mesocyclone_shear_vectors>
      <mesocyclone_shear_features>4</mesocyclone_shear_features>
      <elevations>
        <elevation site="eis" units="&#176;">1.5</elevation>
        <elevation site="isn" units="&#176;">0.5,1.5,3.5</elevation>
      </elevations>
      <mean_dbz units="DBZ">41.55</mean_dbz>
      <max_dbz units="DBZ">58.72</max_dbz>
      <mesocyclone_velocity_max units="m/s">30.118959</mesocyclone_velocity_max>
      <mesocyclone_velocity_rotational_max units="m/s">16.679098</mesocyclone_velocity_rotational_max>
      <mesocyclone_velocity_rotational_mean units="m/s">9.562813</mesocyclone_velocity_rotational_mean>
      <mesocyclone_velocity_rotational_max_closest_to_ground units="m/s">13.014751</mesocyclone_velocity_rotational_max_closest_to_ground>
      <meso_intensity>3</meso_intensity>
    </nowcast-parameters>
  </event>
  <event ID="56">
    <time time-coordinate="UTC">2021-07-08T15:05:00</time>
    <location>
      <area>
        <ellipse>
          <moving-point>
            <latitude>47.672016</latitude>
            <longitude>11.605435</longitude>
            <polar_motion>
              <speed units="km/h">0.0</speed>
            </polar_motion>
          </moving-point>
          <major_axis units="km">20.50</major_axis>
          <minor_axis units="km">20.50</minor_axis>
          <orientation units="degrees true">0</orientation>
        </ellipse>
      </area>
    </location>
    <nowcast-parameters>
      <mesocyclone_shear_mean units="m/s/km">3.258756</mesocyclone_shear_mean>
      <mesocyclone_shear_max units="m/s/km">19.149422</mesocyclone_shear_max>
      <mesocyclone_momentum_mean units="m/s/km">139.452035</mesocyclone_momentum_mean>
      <mesocyclone_momentum_max units="m/s/km">562.254757</mesocyclone_momentum_max>
      <mesocyclone_diameter units="km">20.500000</mesocyclone_diameter>
      <mesocyclone_diameter_equivalent units="km">12.059712</mesocyclone_diameter_equivalent>
      <mesocyclone_top units="km">8.200273</mesocyclone_top>
      <mesocyclone_base units="km">1.727930</mesocyclone_base>
      <mesocyclone_echotop units="km">9.415941</mesocyclone_echotop>
      <mesocyclone_vil units="kg/m*m">5.329534</mesocyclone_vil>
      <mesocyclone_shear_vectors>44</mesocyclone_shear_vectors>
      <mesocyclone_shear_features>5</mesocyclone_shear_features>
      <elevations>
        <elevation site="tur" units="&#176;">0.5</elevation>
        <elevation site="isn" units="&#176;">2.5,4.5,5.5,8.0</elevation>
      </elevations>
      <mean_dbz units="DBZ">31.23</mean_dbz>
      <max_dbz units="DBZ">45.10</max_dbz>
      <mesocyclone_velocity_max units="m/s">31.968277</mesocyclone_velocity_max>
      <mesocyclone_velocity_rotational_max units="m/s">18.827164</mesocyclone_velocity_rotational_max>
      <mesocyclone_velocity_rotational_mean units="m/s">9.081912</mesocyclone_velocity_rotational_mean>
      <mesocyclone_velocity_rotational_max_closest_to_ground units="m/s">14.722824</mesocyclone_velocity_rotational_max_closest_to_ground>
      <meso_intensity>3</meso_intensity>
    </nowcast-parameters>
  </event>
  <event ID="67">
    <time time-coordinate="UTC">2021-07-08T15:05:00</time>
    <location>
      <area>
        <ellipse>
          <moving-point>
            <latitude>47.123852</latitude>
            <longitude>11.233615</longitude>
            <polar_motion>
              <speed units="km/h">0.0</speed>
            </polar_motion>
          </moving-point>
          <major_axis units="km">10.70</major_axis>
          <minor_axis units="km">10.70</minor_axis>
          <orientation units="degrees true">0</orientation>
        </ellipse>
      </area>
    </location>
    <nowcast-parameters>
      <mesocyclone_shear_mean units="m/s/km">2.585788</mesocyclone_shear_mean>
      <mesocyclone_shear_max units="m/s/km">6.637343</mesocyclone_shear_max>
      <mesocyclone_momentum_mean units="m/s/km">157.993135</mesocyclone_momentum_mean>
      <mesocyclone_momentum_max units="m/s/km">289.529646</mesocyclone_momentum_max>
      <mesocyclone_diameter units="km">10.700173</mesocyclone_diameter>
      <mesocyclone_diameter_equivalent units="km">7.158672</mesocyclone_diameter_equivalent>
      <mesocyclone_top units="km">8.558268</mesocyclone_top>
      <mesocyclone_base units="km">2.146734</mesocyclone_base>
      <mesocyclone_echotop units="km">9.622303</mesocyclone_echotop>
      <mesocyclone_vil units="kg/m*m">6.439216</mesocyclone_vil>
      <mesocyclone_shear_vectors>16</mesocyclone_shear_vectors>
      <mesocyclone_shear_features>2</mesocyclone_shear_features>
      <elevations>
        <elevation site="isn" units="&#176;">3.5</elevation>
        <elevation site="mem" units="&#176;">1.5</elevation>
      </elevations>
      <mean_dbz units="DBZ">32.28</mean_dbz>
      <max_dbz units="DBZ">47.03</max_dbz>
      <mesocyclone_velocity_max units="m/s">31.182415</mesocyclone_velocity_max>
      <mesocyclone_velocity_rotational_max units="m/s">15.275596</mesocyclone_velocity_rotational_max>
      <mesocyclone_velocity_rotational_mean units="m/s">9.265186</mesocyclone_velocity_rotational_mean>
      <mesocyclone_velocity_rotational_max_closest_to_ground units="m/s">15.275596</mesocyclone_velocity_rotational_max_closest_to_ground>
      <meso_intensity>3</meso_intensity>
    </nowcast-parameters>
  </event>
</nowcast-data>
