<?xml version="1.0" encoding="UTF-8"?>
<nowcast-data>
  <radar-stations>ASB,BOO,ROS,HNR,UMD,PRO,ESS,FLD,DRS,NEU,NHB,OFT,EIS,TUR,ISN,FBG,MEM</radar-stations>
  <event ID="16">
    <time time-coordinate="UTC">2021-07-07T23:15:00</time>
    <location>
      <area>
        <ellipse>
          <moving-point>
            <latitude>47.680686</latitude>
            <longitude>9.532290</longitude>
            <polar_motion>
              <speed units="km/h">0.0</speed>
            </polar_motion>
          </moving-point>
          <major_axis units="km">12.00</major_axis>
          <minor_axis units="km">12.00</minor_axis>
          <orientation units="degrees true">0</orientation>
        </ellipse>
      </area>
    </location>
    <nowcast-parameters>
      <mesocyclone_shear_mean units="m/s/km">2.164080</mesocyclone_shear_mean>
      <mesocyclone_shear_max units="m/s/km">3.951633</mesocyclone_shear_max>
      <mesocyclone_momentum_mean units="m/s/km">139.042943</mesocyclone_momentum_mean>
      <mesocyclone_momentum_max units="m/s/km">238.527141</mesocyclone_momentum_max>
      <mesocyclone_diameter units="km">12.000000</mesocyclone_diameter>
      <mesocyclone_diameter_equivalent units="km">9.587737</mesocyclone_diameter_equivalent>
      <mesocyclone_top units="km">4.536782</mesocyclone_top>
      <mesocyclone_base units="km">2.736122</mesocyclone_base>
      <mesocyclone_echotop units="km">5.482555</mesocyclone_echotop>
      <mesocyclone_vil units="kg/m*m">3.338302</mesocyclone_vil>
      <mesocyclone_shear_vectors>34</mesocyclone_shear_vectors>
      <mesocyclone_shear_features>2</mesocyclone_shear_features>
      <elevations>
        <elevation site="mem" units="&#176;">2.5,3.5</elevation>
      </elevations>
      <mean_dbz units="DBZ">30.22</mean_dbz>
      <max_dbz units="DBZ">47.08</max_dbz>
      <mesocyclone_velocity_max units="m/s">24.365208</mesocyclone_velocity_max>
      <mesocyclone_velocity_rotational_max units="m/s">10.730790</mesocyclone_velocity_rotational_max>
      <mesocyclone_velocity_rotational_mean units="m/s">8.313087</mesocyclone_velocity_rotational_mean>
      <mesocyclone_velocity_rotational_max_closest_to_ground units="m/s">10.730790</mesocyclone_velocity_rotational_max_closest_to_ground>
      <meso_intensity>1</meso_intensity>
    </nowcast-parameters>
  </event>
</nowcast-data>
