<?xml version="1.0" encoding="UTF-8"?>
<nowcast-data>
  <radar-stations>ASB,BOO,ROS,HNR,UMD,PRO,ESS,FLD,DRS,NEU,NHB,OFT,EIS,TUR,ISN,FBG,MEM</radar-stations>
  <event ID="42">
    <time time-coordinate="UTC">2021-07-08T08:55:00</time>
    <location>
      <area>
        <ellipse>
          <moving-point>
            <latitude>46.616571</latitude>
            <longitude>9.056981</longitude>
            <polar_motion>
              <speed units="km/h">0.0</speed>
            </polar_motion>
          </moving-point>
          <major_axis units="km">13.25</major_axis>
          <minor_axis units="km">13.25</minor_axis>
          <orientation units="degrees true">0</orientation>
        </ellipse>
      </area>
    </location>
    <nowcast-parameters>
      <mesocyclone_shear_mean units="m/s/km">4.440043</mesocyclone_shear_mean>
      <mesocyclone_shear_max units="m/s/km">11.278218</mesocyclone_shear_max>
      <mesocyclone_momentum_mean units="m/s/km">89.836781</mesocyclone_momentum_mean>
      <mesocyclone_momentum_max units="m/s/km">343.536551</mesocyclone_momentum_max>
      <mesocyclone_diameter units="km">13.250000</mesocyclone_diameter>
      <mesocyclone_diameter_equivalent units="km">6.685521</mesocyclone_diameter_equivalent>
      <mesocyclone_top units="km">6.261064</mesocyclone_top>
      <mesocyclone_base units="km">0.909912</mesocyclone_base>
      <mesocyclone_echotop units="km">8.065909</mesocyclone_echotop>
      <mesocyclone_vil units="kg/m*m">6.079326</mesocyclone_vil>
      <mesocyclone_shear_vectors>33</mesocyclone_shear_vectors>
      <mesocyclone_shear_features>3</mesocyclone_shear_features>
      <elevations>
        <elevation site="fbg" units="&#176;">1.5</elevation>
        <elevation site="mem" units="&#176;">0.5,1.5</elevation>
      </elevations>
      <mean_dbz units="DBZ">35.72</mean_dbz>
      <max_dbz units="DBZ">46.44</max_dbz>
      <mesocyclone_velocity_max units="m/s">31.434904</mesocyclone_velocity_max>
      <mesocyclone_velocity_rotational_max units="m/s">21.209091</mesocyclone_velocity_rotational_max>
      <mesocyclone_velocity_rotational_mean units="m/s">8.828407</mesocyclone_velocity_rotational_mean>
      <mesocyclone_velocity_rotational_max_closest_to_ground units="m/s">21.209091</mesocyclone_velocity_rotational_max_closest_to_ground>
      <meso_intensity>3</meso_intensity>
    </nowcast-parameters>
  </event>
</nowcast-data>
