<?xml version="1.0" encoding="UTF-8"?>
<nowcast-data>
  <radar-stations>ASB,BOO,ROS,HNR,UMD,PRO,ESS,FLD,DRS,NEU,NHB,OFT,EIS,TUR,ISN,FBG,MEM</radar-stations>
  <event ID="36">
    <time time-coordinate="UTC">2021-07-08T04:25:00</time>
    <location>
      <area>
        <ellipse>
          <moving-point>
            <latitude>47.945144</latitude>
            <longitude>9.765682</longitude>
            <polar_motion>
              <speed units="km/h">0.0</speed>
            </polar_motion>
          </moving-point>
          <major_axis units="km">16.75</major_axis>
          <minor_axis units="km">16.75</minor_axis>
          <orientation units="degrees true">0</orientation>
        </ellipse>
      </area>
    </location>
    <nowcast-parameters>
      <mesocyclone_shear_mean units="m/s/km">2.778217</mesocyclone_shear_mean>
      <mesocyclone_shear_max units="m/s/km">7.337591</mesocyclone_shear_max>
      <mesocyclone_momentum_mean units="m/s/km">88.435495</mesocyclone_momentum_mean>
      <mesocyclone_momentum_max units="m/s/km">179.284040</mesocyclone_momentum_max>
      <mesocyclone_diameter units="km">16.750000</mesocyclone_diameter>
      <mesocyclone_diameter_equivalent units="km">7.874536</mesocyclone_diameter_equivalent>
      <mesocyclone_top units="km">4.917337</mesocyclone_top>
      <mesocyclone_base units="km">1.665828</mesocyclone_base>
      <mesocyclone_echotop units="km">5.468981</mesocyclone_echotop>
      <mesocyclone_vil units="kg/m*m">10.993113</mesocyclone_vil>
      <mesocyclone_shear_vectors>32</mesocyclone_shear_vectors>
      <mesocyclone_shear_features>4</mesocyclone_shear_features>
      <elevations>
        <elevation site="isn" units="&#176;">0.5</elevation>
        <elevation site="mem" units="&#176;">2.5,3.5,4.5</elevation>
      </elevations>
      <mean_dbz units="DBZ">38.87</mean_dbz>
      <max_dbz units="DBZ">54.82</max_dbz>
      <mesocyclone_velocity_max units="m/s">16.285549</mesocyclone_velocity_max>
      <mesocyclone_velocity_rotational_max units="m/s">13.886904</mesocyclone_velocity_rotational_max>
      <mesocyclone_velocity_rotational_mean units="m/s">7.116540</mesocyclone_velocity_rotational_mean>
      <mesocyclone_velocity_rotational_max_closest_to_ground units="m/s">8.205898</mesocyclone_velocity_rotational_max_closest_to_ground>
      <meso_intensity>2</meso_intensity>
    </nowcast-parameters>
  </event>
</nowcast-data>
