<?xml version="1.0" encoding="UTF-8"?>
<nowcast-data>
  <radar-stations>ASB,BOO,ROS,HNR,UMD,PRO,ESS,FLD,DRS,NEU,NHB,OFT,EIS,TUR,ISN,FBG,MEM</radar-stations>
  <event ID="40">
    <time time-coordinate="UTC">2021-07-08T14:55:00</time>
    <location>
      <area>
        <ellipse>
          <moving-point>
            <latitude>49.490582</latitude>
            <longitude>12.667526</longitude>
            <polar_motion>
              <speed units="km/h">0.0</speed>
            </polar_motion>
          </moving-point>
          <major_axis units="km">7.00</major_axis>
          <minor_axis units="km">7.00</minor_axis>
          <orientation units="degrees true">0</orientation>
        </ellipse>
      </area>
    </location>
    <nowcast-parameters>
      <mesocyclone_shear_mean units="m/s/km">5.054703</mesocyclone_shear_mean>
      <mesocyclone_shear_max units="m/s/km">7.533561</mesocyclone_shear_max>
      <mesocyclone_momentum_mean units="m/s/km">48.873318</mesocyclone_momentum_mean>
      <mesocyclone_momentum_max units="m/s/km">113.522320</mesocyclone_momentum_max>
      <mesocyclone_diameter units="km">7.000000</mesocyclone_diameter>
      <mesocyclone_diameter_equivalent units="km">4.679524</mesocyclone_diameter_equivalent>
      <mesocyclone_top units="km">7.236200</mesocyclone_top>
      <mesocyclone_base units="km">4.064964</mesocyclone_base>
      <mesocyclone_echotop units="km">8.063975</mesocyclone_echotop>
      <mesocyclone_vil units="kg/m*m">6.710772</mesocyclone_vil>
      <mesocyclone_shear_vectors>19</mesocyclone_shear_vectors>
      <mesocyclone_shear_features>2</mesocyclone_shear_features>
      <elevations>
        <elevation site="neu" units="&#176;">1.5</elevation>
        <elevation site="isn" units="&#176;">1.5</elevation>
      </elevations>
      <mean_dbz units="DBZ">37.48</mean_dbz>
      <max_dbz units="DBZ">50.76</max_dbz>
      <mesocyclone_velocity_max units="m/s">25.903149</mesocyclone_velocity_max>
      <mesocyclone_velocity_rotational_max units="m/s">10.108545</mesocyclone_velocity_rotational_max>
      <mesocyclone_velocity_rotational_mean units="m/s">7.399455</mesocyclone_velocity_rotational_mean>
      <mesocyclone_velocity_rotational_max_closest_to_ground units="m/s">10.108545</mesocyclone_velocity_rotational_max_closest_to_ground>
      <meso_intensity>2</meso_intensity>
    </nowcast-parameters>
  </event>
  <event ID="39">
    <time time-coordinate="UTC">2021-07-08T14:55:00</time>
    <location>
      <area>
        <ellipse>
          <moving-point>
            <latitude>49.263288</latitude>
            <longitude>13.202315</longitude>
            <polar_motion>
              <speed units="km/h">0.0</speed>
            </polar_motion>
          </moving-point>
          <major_axis units="km">12.07</major_axis>
          <minor_axis units="km">12.07</minor_axis>
          <orientation units="degrees true">0</orientation>
        </ellipse>
      </area>
    </location>
    <nowcast-parameters>
      <mesocyclone_shear_mean units="m/s/km">4.431168</mesocyclone_shear_mean>
      <mesocyclone_shear_max units="m/s/km">9.644160</mesocyclone_shear_max>
      <mesocyclone_momentum_mean units="m/s/km">105.255990</mesocyclone_momentum_mean>
      <mesocyclone_momentum_max units="m/s/km">1046.518626</mesocyclone_momentum_max>
      <mesocyclone_diameter units="km">12.067728</mesocyclone_diameter>
      <mesocyclone_diameter_equivalent units="km">6.271738</mesocyclone_diameter_equivalent>
      <mesocyclone_top units="km">9.531355</mesocyclone_top>
      <mesocyclone_base units="km">0.339935</mesocyclone_base>
      <mesocyclone_echotop units="km">11.379227</mesocyclone_echotop>
      <mesocyclone_vil units="kg/m*m">26.677508</mesocyclone_vil>
      <mesocyclone_shear_vectors>23</mesocyclone_shear_vectors>
      <mesocyclone_shear_features>6</mesocyclone_shear_features>
      <elevations>
        <elevation site="neu" units="&#176;">0.5</elevation>
        <elevation site="eis" units="&#176;">0.5,4.5,8.0</elevation>
        <elevation site="isn" units="&#176;">0.5,2.5</elevation>
      </elevations>
      <mean_dbz units="DBZ">40.51</mean_dbz>
      <max_dbz units="DBZ">59.98</max_dbz>
      <mesocyclone_velocity_max units="m/s">31.968271</mesocyclone_velocity_max>
      <mesocyclone_velocity_rotational_max units="m/s">36.896187</mesocyclone_velocity_rotational_max>
      <mesocyclone_velocity_rotational_mean units="m/s">9.037593</mesocyclone_velocity_rotational_mean>
      <mesocyclone_velocity_rotational_max_closest_to_ground units="m/s">16.256677</mesocyclone_velocity_rotational_max_closest_to_ground>
      <meso_intensity>5</meso_intensity>
    </nowcast-parameters>
  </event>
  <event ID="48">
    <time time-coordinate="UTC">2021-07-08T14:55:00</time>
    <location>
      <area>
        <ellipse>
          <moving-point>
            <latitude>48.528570</latitude>
            <longitude>13.240762</longitude>
            <polar_motion>
              <speed units="km/h">0.0</speed>
            </polar_motion>
          </moving-point>
          <major_axis units="km">12.00</major_axis>
          <minor_axis units="km">12.00</minor_axis>
          <orientation units="degrees true">0</orientation>
        </ellipse>
      </area>
    </location>
    <nowcast-parameters>
      <mesocyclone_shear_mean units="m/s/km">4.468650</mesocyclone_shear_mean>
      <mesocyclone_shear_max units="m/s/km">12.571559</mesocyclone_shear_max>
      <mesocyclone_momentum_mean units="m/s/km">133.622113</mesocyclone_momentum_mean>
      <mesocyclone_momentum_max units="m/s/km">410.271810</mesocyclone_momentum_max>
      <mesocyclone_diameter units="km">12.000000</mesocyclone_diameter>
      <mesocyclone_diameter_equivalent units="km">7.463016</mesocyclone_diameter_equivalent>
      <mesocyclone_top units="km">7.469998</mesocyclone_top>
      <mesocyclone_base units="km">1.361700</mesocyclone_base>
      <mesocyclone_echotop units="km">6.826614</mesocyclone_echotop>
      <mesocyclone_vil units="kg/m*m">42.553745</mesocyclone_vil>
      <mesocyclone_shear_vectors>26</mesocyclone_shear_vectors>
      <mesocyclone_shear_features>3</mesocyclone_shear_features>
      <elevations>
        <elevation site="eis" units="&#176;">0.5</elevation>
        <elevation site="isn" units="&#176;">2.5,3.5</elevation>
      </elevations>
      <mean_dbz units="DBZ">50.12</mean_dbz>
      <max_dbz units="DBZ">63.79</max_dbz>
      <mesocyclone_velocity_max units="m/s">31.462849</mesocyclone_velocity_max>
      <mesocyclone_velocity_rotational_max units="m/s">18.069023</mesocyclone_velocity_rotational_max>
      <mesocyclone_velocity_rotational_mean units="m/s">10.332552</mesocyclone_velocity_rotational_mean>
      <mesocyclone_velocity_rotational_max_closest_to_ground units="m/s">14.240345</mesocyclone_velocity_rotational_max_closest_to_ground>
      <meso_intensity>3</meso_intensity>
    </nowcast-parameters>
  </event>
  <event ID="89">
    <time time-coordinate="UTC">2021-07-08T14:55:00</time>
    <location>
      <area>
        <ellipse>
          <moving-point>
            <latitude>47.427169</latitude>
            <longitude>12.023938</longitude>
            <polar_motion>
              <speed units="km/h">0.0</speed>
            </polar_motion>
          </moving-point>
          <major_axis units="km">11.00</major_axis>
          <minor_axis units="km">11.00</minor_axis>
          <orientation units="degrees true">0</orientation>
        </ellipse>
      </area>
    </location>
    <nowcast-parameters>
      <mesocyclone_shear_mean units="m/s/km">3.250051</mesocyclone_shear_mean>
      <mesocyclone_shear_max units="m/s/km">5.119997</mesocyclone_shear_max>
      <mesocyclone_momentum_mean units="m/s/km">78.573848</mesocyclone_momentum_mean>
      <mesocyclone_momentum_max units="m/s/km">149.757297</mesocyclone_momentum_max>
      <mesocyclone_diameter units="km">11.000000</mesocyclone_diameter>
      <mesocyclone_diameter_equivalent units="km">5.368585</mesocyclone_diameter_equivalent>
      <mesocyclone_top units="km">6.948022</mesocyclone_top>
      <mesocyclone_base units="km">4.491069</mesocyclone_base>
      <mesocyclone_echotop units="km">8.089029</mesocyclone_echotop>
      <mesocyclone_vil units="kg/m*m">6.472428</mesocyclone_vil>
      <mesocyclone_shear_vectors>21</mesocyclone_shear_vectors>
      <mesocyclone_shear_features>2</mesocyclone_shear_features>
      <elevations>
        <elevation site="isn" units="&#176;">3.5,4.5</elevation>
      </elevations>
      <mean_dbz units="DBZ">32.94</mean_dbz>
      <max_dbz units="DBZ">47.62</max_dbz>
      <mesocyclone_velocity_max units="m/s">31.715561</mesocyclone_velocity_max>
      <mesocyclone_velocity_rotational_max units="m/s">10.108544</mesocyclone_velocity_rotational_max>
      <mesocyclone_velocity_rotational_mean units="m/s">7.493660</mesocyclone_velocity_rotational_mean>
      <mesocyclone_velocity_rotational_max_closest_to_ground units="m/s">10.108544</mesocyclone_velocity_rotational_max_closest_to_ground>
      <meso_intensity>1</meso_intensity>
    </nowcast-parameters>
  </event>
  <event ID="83">
    <time time-coordinate="UTC">2021-07-08T14:55:00</time>
    <location>
      <area>
        <ellipse>
          <moving-point>
            <latitude>47.319621</latitude>
            <longitude>11.931467</longitude>
            <polar_motion>
              <speed units="km/h">0.0</speed>
            </polar_motion>
          </moving-point>
          <major_axis units="km">7.34</major_axis>
          <minor_axis units="km">7.34</minor_axis>
          <orientation units="degrees true">0</orientation>
        </ellipse>
      </area>
    </location>
    <nowcast-parameters>
      <mesocyclone_shear_mean units="m/s/km">5.422014</mesocyclone_shear_mean>
      <mesocyclone_shear_max units="m/s/km">17.312963</mesocyclone_shear_max>
      <mesocyclone_momentum_mean units="m/s/km">96.988251</mesocyclone_momentum_mean>
      <mesocyclone_momentum_max units="m/s/km">324.912568</mesocyclone_momentum_max>
      <mesocyclone_diameter units="km">7.344271</mesocyclone_diameter>
      <mesocyclone_diameter_equivalent units="km">3.594093</mesocyclone_diameter_equivalent>
      <mesocyclone_top units="km">4.498907</mesocyclone_top>
      <mesocyclone_base units="km">0.952830</mesocyclone_base>
      <mesocyclone_echotop units="km">7.118377</mesocyclone_echotop>
      <mesocyclone_vil units="kg/m*m">6.566630</mesocyclone_vil>
      <mesocyclone_shear_vectors>8</mesocyclone_shear_vectors>
      <mesocyclone_shear_features>2</mesocyclone_shear_features>
      <elevations>
        <elevation site="isn" units="&#176;">1.5,2.5</elevation>
      </elevations>
      <mean_dbz units="DBZ">35.20</mean_dbz>
      <max_dbz units="DBZ">48.34</max_dbz>
      <mesocyclone_velocity_max units="m/s">30.199280</mesocyclone_velocity_max>
      <mesocyclone_velocity_rotational_max units="m/s">14.783747</mesocyclone_velocity_rotational_max>
      <mesocyclone_velocity_rotational_mean units="m/s">10.084853</mesocyclone_velocity_rotational_mean>
      <mesocyclone_velocity_rotational_max_closest_to_ground units="m/s">14.783747</mesocyclone_velocity_rotational_max_closest_to_ground>
      <meso_intensity>2</meso_intensity>
    </nowcast-parameters>
  </event>
  <event ID="75">
    <time time-coordinate="UTC">2021-07-08T14:55:00</time>
    <location>
      <area>
        <ellipse>
          <moving-point>
            <latitude>47.241838</latitude>
            <longitude>11.341191</longitude>
            <polar_motion>
              <speed units="km/h">0.0</speed>
            </polar_motion>
          </moving-point>
          <major_axis units="km">12.00</major_axis>
          <minor_axis units="km">12.00</minor_axis>
          <orientation units="degrees true">0</orientation>
        </ellipse>
      </area>
    </location>
    <nowcast-parameters>
      <mesocyclone_shear_mean units="m/s/km">5.681622</mesocyclone_shear_mean>
      <mesocyclone_shear_max units="m/s/km">16.197401</mesocyclone_shear_max>
      <mesocyclone_momentum_mean units="m/s/km">159.539624</mesocyclone_momentum_mean>
      <mesocyclone_momentum_max units="m/s/km">582.734391</mesocyclone_momentum_max>
      <mesocyclone_diameter units="km">12.000000</mesocyclone_diameter>
      <mesocyclone_diameter_equivalent units="km">7.377523</mesocyclone_diameter_equivalent>
      <mesocyclone_top units="km">4.042399</mesocyclone_top>
      <mesocyclone_base units="km">0.358109</mesocyclone_base>
      <mesocyclone_echotop units="km">7.904242</mesocyclone_echotop>
      <mesocyclone_vil units="kg/m*m">15.024602</mesocyclone_vil>
      <mesocyclone_shear_vectors>20</mesocyclone_shear_vectors>
      <mesocyclone_shear_features>2</mesocyclone_shear_features>
      <elevations>
        <elevation site="isn" units="&#176;">0.5,1.5</elevation>
      </elevations>
      <mean_dbz units="DBZ">34.35</mean_dbz>
      <max_dbz units="DBZ">58.46</max_dbz>
      <mesocyclone_velocity_max units="m/s">31.715561</mesocyclone_velocity_max>
      <mesocyclone_velocity_rotational_max units="m/s">19.711661</mesocyclone_velocity_rotational_max>
      <mesocyclone_velocity_rotational_mean units="m/s">11.742468</mesocyclone_velocity_rotational_mean>
      <mesocyclone_velocity_rotational_max_closest_to_ground units="m/s">16.931811</mesocyclone_velocity_rotational_max_closest_to_ground>
      <meso_intensity>3</meso_intensity>
    </nowcast-parameters>
  </event>
  <event ID="87">
    <time time-coordinate="UTC">2021-07-08T14:55:00</time>
    <location>
      <area>
        <ellipse>
          <moving-point>
            <latitude>46.861073</latitude>
            <longitude>10.922684</longitude>
            <polar_motion>
              <speed units="km/h">0.0</speed>
            </polar_motion>
          </moving-point>
          <major_axis units="km">8.25</major_axis>
          <minor_axis units="km">8.25</minor_axis>
          <orientation units="degrees true">0</orientation>
        </ellipse>
      </area>
    </location>
    <nowcast-parameters>
      <mesocyclone_shear_mean units="m/s/km">4.828652</mesocyclone_shear_mean>
      <mesocyclone_shear_max units="m/s/km">10.954930</mesocyclone_shear_max>
      <mesocyclone_momentum_mean units="m/s/km">75.821393</mesocyclone_momentum_mean>
      <mesocyclone_momentum_max units="m/s/km">267.538356</mesocyclone_momentum_max>
      <mesocyclone_diameter units="km">8.250000</mesocyclone_diameter>
      <mesocyclone_diameter_equivalent units="km">4.948220</mesocyclone_diameter_equivalent>
      <mesocyclone_top units="km">6.731788</mesocyclone_top>
      <mesocyclone_base units="km">2.982457</mesocyclone_base>
      <mesocyclone_echotop units="km">8.223806</mesocyclone_echotop>
      <mesocyclone_vil units="kg/m*m">6.977417</mesocyclone_vil>
      <mesocyclone_shear_vectors>21</mesocyclone_shear_vectors>
      <mesocyclone_shear_features>2</mesocyclone_shear_features>
      <elevations>
        <elevation site="isn" units="&#176;">1.5</elevation>
        <elevation site="mem" units="&#176;">2.5</elevation>
      </elevations>
      <mean_dbz units="DBZ">34.33</mean_dbz>
      <max_dbz units="DBZ">48.97</max_dbz>
      <mesocyclone_velocity_max units="m/s">25.903145</mesocyclone_velocity_max>
      <mesocyclone_velocity_rotational_max units="m/s">17.547997</mesocyclone_velocity_rotational_max>
      <mesocyclone_velocity_rotational_mean units="m/s">8.684499</mesocyclone_velocity_rotational_mean>
      <mesocyclone_velocity_rotational_max_closest_to_ground units="m/s">10.740328</mesocyclone_velocity_rotational_max_closest_to_ground>
      <meso_intensity>2</meso_intensity>
    </nowcast-parameters>
  </event>
</nowcast-data>
