<?xml version="1.0" encoding="UTF-8"?>
<nowcast-data>
  <radar-stations>ASB,BOO,ROS,HNR,UMD,PRO,ESS,FLD,DRS,NEU,NHB,OFT,EIS,TUR,ISN,FBG,MEM</radar-stations>
  <event ID="8">
    <time time-coordinate="UTC">2021-07-07T22:15:00</time>
    <location>
      <area>
        <ellipse>
          <moving-point>
            <latitude>46.806014</latitude>
            <longitude>12.952196</longitude>
            <polar_motion>
              <speed units="km/h">0.0</speed>
            </polar_motion>
          </moving-point>
          <major_axis units="km">9.75</major_axis>
          <minor_axis units="km">9.75</minor_axis>
          <orientation units="degrees true">0</orientation>
        </ellipse>
      </area>
    </location>
    <nowcast-parameters>
      <mesocyclone_shear_mean units="m/s/km">4.306779</mesocyclone_shear_mean>
      <mesocyclone_shear_max units="m/s/km">10.778804</mesocyclone_shear_max>
      <mesocyclone_momentum_mean units="m/s/km">128.807682</mesocyclone_momentum_mean>
      <mesocyclone_momentum_max units="m/s/km">390.571547</mesocyclone_momentum_max>
      <mesocyclone_diameter units="km">9.754599</mesocyclone_diameter>
      <mesocyclone_diameter_equivalent units="km">5.169893</mesocyclone_diameter_equivalent>
      <mesocyclone_top units="km">5.948609</mesocyclone_top>
      <mesocyclone_base units="km">0.263404</mesocyclone_base>
      <mesocyclone_echotop units="km">7.584507</mesocyclone_echotop>
      <mesocyclone_vil units="kg/m*m">7.344734</mesocyclone_vil>
      <mesocyclone_shear_vectors>15</mesocyclone_shear_vectors>
      <mesocyclone_shear_features>2</mesocyclone_shear_features>
      <elevations>
        <elevation site="isn" units="&#176;">0.5,1.5</elevation>
      </elevations>
      <mean_dbz units="DBZ">35.94</mean_dbz>
      <max_dbz units="DBZ">47.91</max_dbz>
      <mesocyclone_velocity_max units="m/s">31.968277</mesocyclone_velocity_max>
      <mesocyclone_velocity_rotational_max units="m/s">15.920959</mesocyclone_velocity_rotational_max>
      <mesocyclone_velocity_rotational_mean units="m/s">9.783627</mesocyclone_velocity_rotational_mean>
      <mesocyclone_velocity_rotational_max_closest_to_ground units="m/s">13.141109</mesocyclone_velocity_rotational_max_closest_to_ground>
      <meso_intensity>3</meso_intensity>
    </nowcast-parameters>
  </event>
</nowcast-data>
