<?xml version="1.0" encoding="UTF-8"?>
<nowcast-data>
  <radar-stations>ASB,BOO,ROS,HNR,UMD,PRO,ESS,FLD,DRS,NEU,NHB,OFT,EIS,TUR,ISN,FBG,MEM</radar-stations>
  <event ID="54">
    <time time-coordinate="UTC">2021-07-08T11:35:00</time>
    <location>
      <area>
        <ellipse>
          <moving-point>
            <latitude>47.897423</latitude>
            <longitude>10.490527</longitude>
            <polar_motion>
              <speed units="km/h">0.0</speed>
            </polar_motion>
          </moving-point>
          <major_axis units="km">9.00</major_axis>
          <minor_axis units="km">9.00</minor_axis>
          <orientation units="degrees true">0</orientation>
        </ellipse>
      </area>
    </location>
    <nowcast-parameters>
      <mesocyclone_shear_mean units="m/s/km">3.408750</mesocyclone_shear_mean>
      <mesocyclone_shear_max units="m/s/km">5.535386</mesocyclone_shear_max>
      <mesocyclone_momentum_mean units="m/s/km">91.182389</mesocyclone_momentum_mean>
      <mesocyclone_momentum_max units="m/s/km">298.997696</mesocyclone_momentum_max>
      <mesocyclone_diameter units="km">9.000000</mesocyclone_diameter>
      <mesocyclone_diameter_equivalent units="km">5.163037</mesocyclone_diameter_equivalent>
      <mesocyclone_top units="km">7.115231</mesocyclone_top>
      <mesocyclone_base units="km">3.676686</mesocyclone_base>
      <mesocyclone_echotop units="km">8.109168</mesocyclone_echotop>
      <mesocyclone_vil units="kg/m*m">13.483950</mesocyclone_vil>
      <mesocyclone_shear_vectors>13</mesocyclone_shear_vectors>
      <mesocyclone_shear_features>3</mesocyclone_shear_features>
      <elevations>
        <elevation site="tur" units="&#176;">2.5,3.5</elevation>
        <elevation site="mem" units="&#176;">12.0</elevation>
      </elevations>
      <mean_dbz units="DBZ">35.45</mean_dbz>
      <max_dbz units="DBZ">54.93</max_dbz>
      <mesocyclone_velocity_max units="m/s">19.926582</mesocyclone_velocity_max>
      <mesocyclone_velocity_rotational_max units="m/s">12.438248</mesocyclone_velocity_rotational_max>
      <mesocyclone_velocity_rotational_mean units="m/s">7.980970</mesocyclone_velocity_rotational_mean>
      <mesocyclone_velocity_rotational_max_closest_to_ground units="m/s">12.438248</mesocyclone_velocity_rotational_max_closest_to_ground>
      <meso_intensity>2</meso_intensity>
    </nowcast-parameters>
  </event>
  <event ID="68">
    <time time-coordinate="UTC">2021-07-08T11:35:00</time>
    <location>
      <area>
        <ellipse>
          <moving-point>
            <latitude>47.792712</latitude>
            <longitude>11.024876</longitude>
            <polar_motion>
              <speed units="km/h">0.0</speed>
            </polar_motion>
          </moving-point>
          <major_axis units="km">14.00</major_axis>
          <minor_axis units="km">14.00</minor_axis>
          <orientation units="degrees true">0</orientation>
        </ellipse>
      </area>
    </location>
    <nowcast-parameters>
      <mesocyclone_shear_mean units="m/s/km">4.317900</mesocyclone_shear_mean>
      <mesocyclone_shear_max units="m/s/km">19.872861</mesocyclone_shear_max>
      <mesocyclone_momentum_mean units="m/s/km">166.418614</mesocyclone_momentum_mean>
      <mesocyclone_momentum_max units="m/s/km">1594.835075</mesocyclone_momentum_max>
      <mesocyclone_diameter units="km">14.000000</mesocyclone_diameter>
      <mesocyclone_diameter_equivalent units="km">10.498726</mesocyclone_diameter_equivalent>
      <mesocyclone_top units="km">6.766961</mesocyclone_top>
      <mesocyclone_base units="km">3.643778</mesocyclone_base>
      <mesocyclone_echotop units="km">8.824420</mesocyclone_echotop>
      <mesocyclone_vil units="kg/m*m">14.968107</mesocyclone_vil>
      <mesocyclone_shear_vectors>37</mesocyclone_shear_vectors>
      <mesocyclone_shear_features>3</mesocyclone_shear_features>
      <elevations>
        <elevation site="isn" units="&#176;">2.5,3.5</elevation>
        <elevation site="mem" units="&#176;">4.5</elevation>
      </elevations>
      <mean_dbz units="DBZ">39.63</mean_dbz>
      <max_dbz units="DBZ">59.06</max_dbz>
      <mesocyclone_velocity_max units="m/s">31.715559</mesocyclone_velocity_max>
      <mesocyclone_velocity_rotational_max units="m/s">42.961313</mesocyclone_velocity_rotational_max>
      <mesocyclone_velocity_rotational_mean units="m/s">10.511941</mesocyclone_velocity_rotational_mean>
      <mesocyclone_velocity_rotational_max_closest_to_ground units="m/s">15.541887</mesocyclone_velocity_rotational_max_closest_to_ground>
      <meso_intensity>3</meso_intensity>
    </nowcast-parameters>
  </event>
  <event ID="43">
    <time time-coordinate="UTC">2021-07-08T11:35:00</time>
    <location>
      <area>
        <ellipse>
          <moving-point>
            <latitude>47.223212</latitude>
            <longitude>10.475734</longitude>
            <polar_motion>
              <speed units="km/h">0.0</speed>
            </polar_motion>
          </moving-point>
          <major_axis units="km">18.00</major_axis>
          <minor_axis units="km">18.00</minor_axis>
          <orientation units="degrees true">0</orientation>
        </ellipse>
      </area>
    </location>
    <nowcast-parameters>
      <mesocyclone_shear_mean units="m/s/km">5.353942</mesocyclone_shear_mean>
      <mesocyclone_shear_max units="m/s/km">19.211707</mesocyclone_shear_max>
      <mesocyclone_momentum_mean units="m/s/km">106.564820</mesocyclone_momentum_mean>
      <mesocyclone_momentum_max units="m/s/km">470.637255</mesocyclone_momentum_max>
      <mesocyclone_diameter units="km">18.000000</mesocyclone_diameter>
      <mesocyclone_diameter_equivalent units="km">7.412886</mesocyclone_diameter_equivalent>
      <mesocyclone_top units="km">6.072670</mesocyclone_top>
      <mesocyclone_base units="km">-0.009246</mesocyclone_base>
      <mesocyclone_echotop units="km">4.900757</mesocyclone_echotop>
      <mesocyclone_vil units="kg/m*m">2.533218</mesocyclone_vil>
      <mesocyclone_shear_vectors>35</mesocyclone_shear_vectors>
      <mesocyclone_shear_features>4</mesocyclone_shear_features>
      <elevations>
        <elevation site="tur" units="&#176;">0.5</elevation>
        <elevation site="isn" units="&#176;">0.5,1.5</elevation>
        <elevation site="mem" units="&#176;">1.5</elevation>
      </elevations>
      <mean_dbz units="DBZ">29.08</mean_dbz>
      <max_dbz units="DBZ">45.65</max_dbz>
      <mesocyclone_velocity_max units="m/s">31.715559</mesocyclone_velocity_max>
      <mesocyclone_velocity_rotational_max units="m/s">24.876496</mesocyclone_velocity_rotational_max>
      <mesocyclone_velocity_rotational_mean units="m/s">10.193451</mesocyclone_velocity_rotational_mean>
      <mesocyclone_velocity_rotational_max_closest_to_ground units="m/s">15.415530</mesocyclone_velocity_rotational_max_closest_to_ground>
      <meso_intensity>4</meso_intensity>
    </nowcast-parameters>
  </event>
  <event ID="57">
    <time time-coordinate="UTC">2021-07-08T11:35:00</time>
    <location>
      <area>
        <ellipse>
          <moving-point>
            <latitude>47.075143</latitude>
            <longitude>11.199106</longitude>
            <polar_motion>
              <speed units="km/h">0.0</speed>
            </polar_motion>
          </moving-point>
          <major_axis units="km">11.54</major_axis>
          <minor_axis units="km">11.54</minor_axis>
          <orientation units="degrees true">0</orientation>
        </ellipse>
      </area>
    </location>
    <nowcast-parameters>
      <mesocyclone_shear_mean units="m/s/km">4.657552</mesocyclone_shear_mean>
      <mesocyclone_shear_max units="m/s/km">12.646021</mesocyclone_shear_max>
      <mesocyclone_momentum_mean units="m/s/km">134.898062</mesocyclone_momentum_mean>
      <mesocyclone_momentum_max units="m/s/km">514.586426</mesocyclone_momentum_max>
      <mesocyclone_diameter units="km">11.537031</mesocyclone_diameter>
      <mesocyclone_diameter_equivalent units="km">7.504555</mesocyclone_diameter_equivalent>
      <mesocyclone_top units="km">4.759469</mesocyclone_top>
      <mesocyclone_base units="km">-0.236129</mesocyclone_base>
      <mesocyclone_echotop units="km">6.394619</mesocyclone_echotop>
      <mesocyclone_vil units="kg/m*m">3.735553</mesocyclone_vil>
      <mesocyclone_shear_vectors>21</mesocyclone_shear_vectors>
      <mesocyclone_shear_features>3</mesocyclone_shear_features>
      <elevations>
        <elevation site="isn" units="&#176;">0.5,1.5</elevation>
        <elevation site="mem" units="&#176;">0.5</elevation>
      </elevations>
      <mean_dbz units="DBZ">31.55</mean_dbz>
      <max_dbz units="DBZ">43.08</max_dbz>
      <mesocyclone_velocity_max units="m/s">31.715561</mesocyclone_velocity_max>
      <mesocyclone_velocity_rotational_max units="m/s">15.794601</mesocyclone_velocity_rotational_max>
      <mesocyclone_velocity_rotational_mean units="m/s">9.549846</mesocyclone_velocity_rotational_mean>
      <mesocyclone_velocity_rotational_max_closest_to_ground units="m/s">8.837122</mesocyclone_velocity_rotational_max_closest_to_ground>
      <meso_intensity>3</meso_intensity>
    </nowcast-parameters>
  </event>
  <event ID="59">
    <time time-coordinate="UTC">2021-07-08T11:35:00</time>
    <location>
      <area>
        <ellipse>
          <moving-point>
            <latitude>47.063034</latitude>
            <longitude>10.349322</longitude>
            <polar_motion>
              <speed units="km/h">0.0</speed>
            </polar_motion>
          </moving-point>
          <major_axis units="km">11.22</major_axis>
          <minor_axis units="km">11.22</minor_axis>
          <orientation units="degrees true">0</orientation>
        </ellipse>
      </area>
    </location>
    <nowcast-parameters>
      <mesocyclone_shear_mean units="m/s/km">3.448300</mesocyclone_shear_mean>
      <mesocyclone_shear_max units="m/s/km">9.056716</mesocyclone_shear_max>
      <mesocyclone_momentum_mean units="m/s/km">153.791610</mesocyclone_momentum_mean>
      <mesocyclone_momentum_max units="m/s/km">534.651163</mesocyclone_momentum_max>
      <mesocyclone_diameter units="km">11.217806</mesocyclone_diameter>
      <mesocyclone_diameter_equivalent units="km">6.835042</mesocyclone_diameter_equivalent>
      <mesocyclone_top units="km">3.981040</mesocyclone_top>
      <mesocyclone_base units="km">0.049098</mesocyclone_base>
      <mesocyclone_echotop units="km">5.946538</mesocyclone_echotop>
      <mesocyclone_vil units="kg/m*m">4.921700</mesocyclone_vil>
      <mesocyclone_shear_vectors>16</mesocyclone_shear_vectors>
      <mesocyclone_shear_features>3</mesocyclone_shear_features>
      <elevations>
        <elevation site="isn" units="&#176;">0.5</elevation>
        <elevation site="mem" units="&#176;">0.5,1.5</elevation>
      </elevations>
      <mean_dbz units="DBZ">30.64</mean_dbz>
      <max_dbz units="DBZ">48.60</max_dbz>
      <mesocyclone_velocity_max units="m/s">28.177567</mesocyclone_velocity_max>
      <mesocyclone_velocity_rotational_max units="m/s">20.217089</mesocyclone_velocity_rotational_max>
      <mesocyclone_velocity_rotational_mean units="m/s">9.628084</mesocyclone_velocity_rotational_mean>
      <mesocyclone_velocity_rotational_max_closest_to_ground units="m/s">9.089610</mesocyclone_velocity_rotational_max_closest_to_ground>
      <meso_intensity>3</meso_intensity>
    </nowcast-parameters>
  </event>
  <event ID="66">
    <time time-coordinate="UTC">2021-07-08T11:35:00</time>
    <location>
      <area>
        <ellipse>
          <moving-point>
            <latitude>47.003910</latitude>
            <longitude>10.483390</longitude>
            <polar_motion>
              <speed units="km/h">0.0</speed>
            </polar_motion>
          </moving-point>
          <major_axis units="km">7.40</major_axis>
          <minor_axis units="km">7.40</minor_axis>
          <orientation units="degrees true">0</orientation>
        </ellipse>
      </area>
    </location>
    <nowcast-parameters>
      <mesocyclone_shear_mean units="m/s/km">4.776483</mesocyclone_shear_mean>
      <mesocyclone_shear_max units="m/s/km">10.502286</mesocyclone_shear_max>
      <mesocyclone_momentum_mean units="m/s/km">99.162427</mesocyclone_momentum_mean>
      <mesocyclone_momentum_max units="m/s/km">359.303432</mesocyclone_momentum_max>
      <mesocyclone_diameter units="km">7.404911</mesocyclone_diameter>
      <mesocyclone_diameter_equivalent units="km">4.699144</mesocyclone_diameter_equivalent>
      <mesocyclone_top units="km">6.130185</mesocyclone_top>
      <mesocyclone_base units="km">1.359359</mesocyclone_base>
      <mesocyclone_echotop units="km">6.197874</mesocyclone_echotop>
      <mesocyclone_vil units="kg/m*m">4.880547</mesocyclone_vil>
      <mesocyclone_shear_vectors>13</mesocyclone_shear_vectors>
      <mesocyclone_shear_features>3</mesocyclone_shear_features>
      <elevations>
        <elevation site="isn" units="&#176;">1.5</elevation>
        <elevation site="mem" units="&#176;">1.5,2.5</elevation>
      </elevations>
      <mean_dbz units="DBZ">33.51</mean_dbz>
      <max_dbz units="DBZ">43.71</max_dbz>
      <mesocyclone_velocity_max units="m/s">30.929926</mesocyclone_velocity_max>
      <mesocyclone_velocity_rotational_max units="m/s">25.122673</mesocyclone_velocity_rotational_max>
      <mesocyclone_velocity_rotational_mean units="m/s">9.873539</mesocyclone_velocity_rotational_mean>
      <mesocyclone_velocity_rotational_max_closest_to_ground units="m/s">25.122673</mesocyclone_velocity_rotational_max_closest_to_ground>
      <meso_intensity>2</meso_intensity>
    </nowcast-parameters>
  </event>
</nowcast-data>
