<?xml version="1.0" encoding="UTF-8"?>
<nowcast-data>
  <radar-stations>ASB,BOO,ROS,HNR,UMD,PRO,ESS,FLD,DRS,NEU,NHB,OFT,EIS,TUR,ISN,FBG,MEM</radar-stations>
  <event ID="11">
    <time time-coordinate="UTC">2021-07-08T01:25:00</time>
    <location>
      <area>
        <ellipse>
          <moving-point>
            <latitude>48.704257</latitude>
            <longitude>10.859121</longitude>
            <polar_motion>
              <speed units="km/h">0.0</speed>
            </polar_motion>
          </moving-point>
          <major_axis units="km">7.75</major_axis>
          <minor_axis units="km">7.75</minor_axis>
          <orientation units="degrees true">0</orientation>
        </ellipse>
      </area>
    </location>
    <nowcast-parameters>
      <mesocyclone_shear_mean units="m/s/km">3.995273</mesocyclone_shear_mean>
      <mesocyclone_shear_max units="m/s/km">6.296525</mesocyclone_shear_max>
      <mesocyclone_momentum_mean units="m/s/km">57.590895</mesocyclone_momentum_mean>
      <mesocyclone_momentum_max units="m/s/km">177.656761</mesocyclone_momentum_max>
      <mesocyclone_diameter units="km">7.750000</mesocyclone_diameter>
      <mesocyclone_diameter_equivalent units="km">5.523683</mesocyclone_diameter_equivalent>
      <mesocyclone_top units="km">6.150884</mesocyclone_top>
      <mesocyclone_base units="km">3.452074</mesocyclone_base>
      <mesocyclone_echotop units="km">6.139324</mesocyclone_echotop>
      <mesocyclone_vil units="kg/m*m">9.396886</mesocyclone_vil>
      <mesocyclone_shear_vectors>25</mesocyclone_shear_vectors>
      <mesocyclone_shear_features>3</mesocyclone_shear_features>
      <elevations>
        <elevation site="tur" units="&#176;">2.5,3.5</elevation>
        <elevation site="mem" units="&#176;">2.5</elevation>
      </elevations>
      <mean_dbz units="DBZ">42.61</mean_dbz>
      <max_dbz units="DBZ">62.56</max_dbz>
      <mesocyclone_velocity_max units="m/s">18.810444</mesocyclone_velocity_max>
      <mesocyclone_velocity_rotational_max units="m/s">8.837121</mesocyclone_velocity_rotational_max>
      <mesocyclone_velocity_rotational_mean units="m/s">6.939374</mesocyclone_velocity_rotational_mean>
      <mesocyclone_velocity_rotational_max_closest_to_ground units="m/s">8.630620</mesocyclone_velocity_rotational_max_closest_to_ground>
      <meso_intensity>1</meso_intensity>
    </nowcast-parameters>
  </event>
</nowcast-data>
