<?xml version="1.0" encoding="UTF-8"?>
<nowcast-data>
  <radar-stations>ASB,BOO,ROS,HNR,UMD,PRO,ESS,FLD,DRS,NEU,NHB,OFT,EIS,TUR,ISN,FBG,MEM</radar-stations>
  <event ID="26">
    <time time-coordinate="UTC">2021-07-08T06:35:00</time>
    <location>
      <area>
        <ellipse>
          <moving-point>
            <latitude>49.467337</latitude>
            <longitude>11.662021</longitude>
            <polar_motion>
              <speed units="km/h">0.0</speed>
            </polar_motion>
          </moving-point>
          <major_axis units="km">8.89</major_axis>
          <minor_axis units="km">8.89</minor_axis>
          <orientation units="degrees true">0</orientation>
        </ellipse>
      </area>
    </location>
    <nowcast-parameters>
      <mesocyclone_shear_mean units="m/s/km">3.987536</mesocyclone_shear_mean>
      <mesocyclone_shear_max units="m/s/km">7.279224</mesocyclone_shear_max>
      <mesocyclone_momentum_mean units="m/s/km">94.589187</mesocyclone_momentum_mean>
      <mesocyclone_momentum_max units="m/s/km">353.168751</mesocyclone_momentum_max>
      <mesocyclone_diameter units="km">8.885496</mesocyclone_diameter>
      <mesocyclone_diameter_equivalent units="km">4.846791</mesocyclone_diameter_equivalent>
      <mesocyclone_top units="km">4.841307</mesocyclone_top>
      <mesocyclone_base units="km">1.902395</mesocyclone_base>
      <mesocyclone_echotop units="km">6.443969</mesocyclone_echotop>
      <mesocyclone_vil units="kg/m*m">3.926590</mesocyclone_vil>
      <mesocyclone_shear_vectors>16</mesocyclone_shear_vectors>
      <mesocyclone_shear_features>2</mesocyclone_shear_features>
      <elevations>
        <elevation site="eis" units="&#176;">2.5</elevation>
        <elevation site="tur" units="&#176;">0.5</elevation>
      </elevations>
      <mean_dbz units="DBZ">32.50</mean_dbz>
      <max_dbz units="DBZ">48.14</max_dbz>
      <mesocyclone_velocity_max units="m/s">19.418896</mesocyclone_velocity_max>
      <mesocyclone_velocity_rotational_max units="m/s">14.492386</mesocyclone_velocity_rotational_max>
      <mesocyclone_velocity_rotational_mean units="m/s">8.271030</mesocyclone_velocity_rotational_mean>
      <mesocyclone_velocity_rotational_max_closest_to_ground units="m/s">14.342061</mesocyclone_velocity_rotational_max_closest_to_ground>
      <meso_intensity>2</meso_intensity>
    </nowcast-parameters>
  </event>
</nowcast-data>
