<?xml version="1.0" encoding="UTF-8"?>
<nowcast-data>
  <radar-stations>ASB,BOO,ROS,HNR,UMD,PRO,ESS,FLD,DRS,NEU,NHB,OFT,EIS,TUR,ISN,FBG,MEM</radar-stations>
  <event ID="38">
    <time time-coordinate="UTC">2021-07-08T07:35:00</time>
    <location>
      <area>
        <ellipse>
          <moving-point>
            <latitude>47.110578</latitude>
            <longitude>9.548230</longitude>
            <polar_motion>
              <speed units="km/h">0.0</speed>
            </polar_motion>
          </moving-point>
          <major_axis units="km">8.58</major_axis>
          <minor_axis units="km">8.58</minor_axis>
          <orientation units="degrees true">0</orientation>
        </ellipse>
      </area>
    </location>
    <nowcast-parameters>
      <mesocyclone_shear_mean units="m/s/km">5.766356</mesocyclone_shear_mean>
      <mesocyclone_shear_max units="m/s/km">10.243760</mesocyclone_shear_max>
      <mesocyclone_momentum_mean units="m/s/km">120.837514</mesocyclone_momentum_mean>
      <mesocyclone_momentum_max units="m/s/km">417.625082</mesocyclone_momentum_max>
      <mesocyclone_diameter units="km">8.576145</mesocyclone_diameter>
      <mesocyclone_diameter_equivalent units="km">3.907971</mesocyclone_diameter_equivalent>
      <mesocyclone_top units="km">4.633977</mesocyclone_top>
      <mesocyclone_base units="km">1.054818</mesocyclone_base>
      <mesocyclone_echotop units="km">8.157383</mesocyclone_echotop>
      <mesocyclone_vil units="kg/m*m">5.830445</mesocyclone_vil>
      <mesocyclone_shear_vectors>10</mesocyclone_shear_vectors>
      <mesocyclone_shear_features>3</mesocyclone_shear_features>
      <elevations>
        <elevation site="fbg" units="&#176;">0.5</elevation>
        <elevation site="mem" units="&#176;">0.5,1.5</elevation>
      </elevations>
      <mean_dbz units="DBZ">32.80</mean_dbz>
      <max_dbz units="DBZ">45.20</max_dbz>
      <mesocyclone_velocity_max units="m/s">29.667480</mesocyclone_velocity_max>
      <mesocyclone_velocity_rotational_max units="m/s">20.577868</mesocyclone_velocity_rotational_max>
      <mesocyclone_velocity_rotational_mean units="m/s">11.142015</mesocyclone_velocity_rotational_mean>
      <mesocyclone_velocity_rotational_max_closest_to_ground units="m/s">20.325378</mesocyclone_velocity_rotational_max_closest_to_ground>
      <meso_intensity>2</meso_intensity>
    </nowcast-parameters>
  </event>
  <event ID="42">
    <time time-coordinate="UTC">2021-07-08T07:35:00</time>
    <location>
      <area>
        <ellipse>
          <moving-point>
            <latitude>46.514666</latitude>
            <longitude>8.898458</longitude>
            <polar_motion>
              <speed units="km/h">0.0</speed>
            </polar_motion>
          </moving-point>
          <major_axis units="km">9.16</major_axis>
          <minor_axis units="km">9.16</minor_axis>
          <orientation units="degrees true">0</orientation>
        </ellipse>
      </area>
    </location>
    <nowcast-parameters>
      <mesocyclone_shear_mean units="m/s/km">3.275053</mesocyclone_shear_mean>
      <mesocyclone_shear_max units="m/s/km">5.450534</mesocyclone_shear_max>
      <mesocyclone_momentum_mean units="m/s/km">129.915898</mesocyclone_momentum_mean>
      <mesocyclone_momentum_max units="m/s/km">289.048643</mesocyclone_momentum_max>
      <mesocyclone_diameter units="km">9.163929</mesocyclone_diameter>
      <mesocyclone_diameter_equivalent units="km">4.448365</mesocyclone_diameter_equivalent>
      <mesocyclone_top units="km">7.007379</mesocyclone_top>
      <mesocyclone_base units="km">1.230247</mesocyclone_base>
      <mesocyclone_echotop units="km">8.560948</mesocyclone_echotop>
      <mesocyclone_vil units="kg/m*m">19.365117</mesocyclone_vil>
      <mesocyclone_shear_vectors>10</mesocyclone_shear_vectors>
      <mesocyclone_shear_features>2</mesocyclone_shear_features>
      <elevations>
        <elevation site="fbg" units="&#176;">0.5,1.5</elevation>
      </elevations>
      <mean_dbz units="DBZ">48.44</mean_dbz>
      <max_dbz units="DBZ">58.20</max_dbz>
      <mesocyclone_velocity_max units="m/s">27.452520</mesocyclone_velocity_max>
      <mesocyclone_velocity_rotational_max units="m/s">14.791769</mesocyclone_velocity_rotational_max>
      <mesocyclone_velocity_rotational_mean units="m/s">9.180335</mesocyclone_velocity_rotational_mean>
      <mesocyclone_velocity_rotational_max_closest_to_ground units="m/s">10.279026</mesocyclone_velocity_rotational_max_closest_to_ground>
      <meso_intensity>2</meso_intensity>
    </nowcast-parameters>
  </event>
  <event ID="45">
    <time time-coordinate="UTC">2021-07-08T07:35:00</time>
    <location>
      <area>
        <ellipse>
          <moving-point>
            <latitude>46.382561</latitude>
            <longitude>8.680840</longitude>
            <polar_motion>
              <speed units="km/h">0.0</speed>
            </polar_motion>
          </moving-point>
          <major_axis units="km">21.16</major_axis>
          <minor_axis units="km">21.16</minor_axis>
          <orientation units="degrees true">0</orientation>
        </ellipse>
      </area>
    </location>
    <nowcast-parameters>
      <mesocyclone_shear_mean units="m/s/km">4.053163</mesocyclone_shear_mean>
      <mesocyclone_shear_max units="m/s/km">8.899336</mesocyclone_shear_max>
      <mesocyclone_momentum_mean units="m/s/km">193.715679</mesocyclone_momentum_mean>
      <mesocyclone_momentum_max units="m/s/km">2448.155143</mesocyclone_momentum_max>
      <mesocyclone_diameter units="km">21.158684</mesocyclone_diameter>
      <mesocyclone_diameter_equivalent units="km">6.500932</mesocyclone_diameter_equivalent>
      <mesocyclone_top units="km">10.266563</mesocyclone_top>
      <mesocyclone_base units="km">1.778157</mesocyclone_base>
      <mesocyclone_echotop units="km">8.978628</mesocyclone_echotop>
      <mesocyclone_vil units="kg/m*m">15.076267</mesocyclone_vil>
      <mesocyclone_shear_vectors>20</mesocyclone_shear_vectors>
      <mesocyclone_shear_features>2</mesocyclone_shear_features>
      <elevations>
        <elevation site="fbg" units="&#176;">0.5,2.5</elevation>
      </elevations>
      <mean_dbz units="DBZ">43.31</mean_dbz>
      <max_dbz units="DBZ">53.91</max_dbz>
      <mesocyclone_velocity_max units="m/s">31.714556</mesocyclone_velocity_max>
      <mesocyclone_velocity_rotational_max units="m/s">39.987917</mesocyclone_velocity_rotational_max>
      <mesocyclone_velocity_rotational_mean units="m/s">10.137497</mesocyclone_velocity_rotational_mean>
      <mesocyclone_velocity_rotational_max_closest_to_ground units="m/s">39.987917</mesocyclone_velocity_rotational_max_closest_to_ground>
      <meso_intensity>5</meso_intensity>
    </nowcast-parameters>
  </event>
</nowcast-data>
