<?xml version="1.0" encoding="UTF-8"?>
<nowcast-data>
  <radar-stations>ASB,BOO,ROS,HNR,UMD,PRO,ESS,FLD,DRS,NEU,NHB,OFT,EIS,TUR,ISN,FBG,MEM</radar-stations>
  <event ID="3">
    <time time-coordinate="UTC">2021-07-08T14:40:00</time>
    <location>
      <area>
        <ellipse>
          <moving-point>
            <latitude>53.447060</latitude>
            <longitude>7.942337</longitude>
            <polar_motion>
              <speed units="km/h">0.0</speed>
            </polar_motion>
          </moving-point>
          <major_axis units="km">6.75</major_axis>
          <minor_axis units="km">6.75</minor_axis>
          <orientation units="degrees true">0</orientation>
        </ellipse>
      </area>
    </location>
    <nowcast-parameters>
      <mesocyclone_shear_mean units="m/s/km">4.304363</mesocyclone_shear_mean>
      <mesocyclone_shear_max units="m/s/km">5.651373</mesocyclone_shear_max>
      <mesocyclone_momentum_mean units="m/s/km">94.787259</mesocyclone_momentum_mean>
      <mesocyclone_momentum_max units="m/s/km">218.663145</mesocyclone_momentum_max>
      <mesocyclone_diameter units="km">6.750000</mesocyclone_diameter>
      <mesocyclone_diameter_equivalent units="km">3.962194</mesocyclone_diameter_equivalent>
      <mesocyclone_top units="km">4.595557</mesocyclone_top>
      <mesocyclone_base units="km">1.450747</mesocyclone_base>
      <mesocyclone_echotop units="km">7.875182</mesocyclone_echotop>
      <mesocyclone_vil units="kg/m*m">39.282316</mesocyclone_vil>
      <mesocyclone_shear_vectors>11</mesocyclone_shear_vectors>
      <mesocyclone_shear_features>2</mesocyclone_shear_features>
      <elevations>
        <elevation site="asb" units="&#176;">2.5</elevation>
        <elevation site="boo" units="&#176;">0.5</elevation>
      </elevations>
      <mean_dbz units="DBZ">48.05</mean_dbz>
      <max_dbz units="DBZ">61.35</max_dbz>
      <mesocyclone_velocity_max units="m/s">26.408573</mesocyclone_velocity_max>
      <mesocyclone_velocity_rotational_max units="m/s">14.910103</mesocyclone_velocity_rotational_max>
      <mesocyclone_velocity_rotational_mean units="m/s">9.492088</mesocyclone_velocity_rotational_mean>
      <mesocyclone_velocity_rotational_max_closest_to_ground units="m/s">14.910103</mesocyclone_velocity_rotational_max_closest_to_ground>
      <meso_intensity>2</meso_intensity>
    </nowcast-parameters>
  </event>
  <event ID="4">
    <time time-coordinate="UTC">2021-07-08T14:40:00</time>
    <location>
      <area>
        <ellipse>
          <moving-point>
            <latitude>53.263722</latitude>
            <longitude>6.566712</longitude>
            <polar_motion>
              <speed units="km/h">0.0</speed>
            </polar_motion>
          </moving-point>
          <major_axis units="km">4.75</major_axis>
          <minor_axis units="km">4.75</minor_axis>
          <orientation units="degrees true">0</orientation>
        </ellipse>
      </area>
    </location>
    <nowcast-parameters>
      <mesocyclone_shear_mean units="m/s/km">5.004455</mesocyclone_shear_mean>
      <mesocyclone_shear_max units="m/s/km">10.864195</mesocyclone_shear_max>
      <mesocyclone_momentum_mean units="m/s/km">45.257694</mesocyclone_momentum_mean>
      <mesocyclone_momentum_max units="m/s/km">106.226881</mesocyclone_momentum_max>
      <mesocyclone_diameter units="km">4.750000</mesocyclone_diameter>
      <mesocyclone_diameter_equivalent units="km">3.363845</mesocyclone_diameter_equivalent>
      <mesocyclone_top units="km">7.202113</mesocyclone_top>
      <mesocyclone_base units="km">4.752820</mesocyclone_base>
      <mesocyclone_echotop units="km">6.882860</mesocyclone_echotop>
      <mesocyclone_vil units="kg/m*m">53.070230</mesocyclone_vil>
      <mesocyclone_shear_vectors>12</mesocyclone_shear_vectors>
      <mesocyclone_shear_features>2</mesocyclone_shear_features>
      <elevations>
        <elevation site="asb" units="&#176;">8.0,12.0</elevation>
      </elevations>
      <mean_dbz units="DBZ">51.38</mean_dbz>
      <max_dbz units="DBZ">64.10</max_dbz>
      <mesocyclone_velocity_max units="m/s">16.256680</mesocyclone_velocity_max>
      <mesocyclone_velocity_rotational_max units="m/s">9.703598</mesocyclone_velocity_rotational_max>
      <mesocyclone_velocity_rotational_mean units="m/s">7.233894</mesocyclone_velocity_rotational_mean>
      <mesocyclone_velocity_rotational_max_closest_to_ground units="m/s">9.703598</mesocyclone_velocity_rotational_max_closest_to_ground>
      <meso_intensity>2</meso_intensity>
    </nowcast-parameters>
  </event>
  <event ID="10">
    <time time-coordinate="UTC">2021-07-08T14:40:00</time>
    <location>
      <area>
        <ellipse>
          <moving-point>
            <latitude>53.018369</latitude>
            <longitude>10.426618</longitude>
            <polar_motion>
              <speed units="km/h">0.0</speed>
            </polar_motion>
          </moving-point>
          <major_axis units="km">6.97</major_axis>
          <minor_axis units="km">6.97</minor_axis>
          <orientation units="degrees true">0</orientation>
        </ellipse>
      </area>
    </location>
    <nowcast-parameters>
      <mesocyclone_shear_mean units="m/s/km">3.740116</mesocyclone_shear_mean>
      <mesocyclone_shear_max units="m/s/km">9.089712</mesocyclone_shear_max>
      <mesocyclone_momentum_mean units="m/s/km">97.320312</mesocyclone_momentum_mean>
      <mesocyclone_momentum_max units="m/s/km">187.921820</mesocyclone_momentum_max>
      <mesocyclone_diameter units="km">6.968640</mesocyclone_diameter>
      <mesocyclone_diameter_equivalent units="km">4.702840</mesocyclone_diameter_equivalent>
      <mesocyclone_top units="km">7.506648</mesocyclone_top>
      <mesocyclone_base units="km">4.553542</mesocyclone_base>
      <mesocyclone_echotop units="km">7.763231</mesocyclone_echotop>
      <mesocyclone_vil units="kg/m*m">25.309094</mesocyclone_vil>
      <mesocyclone_shear_vectors>11</mesocyclone_shear_vectors>
      <mesocyclone_shear_features>2</mesocyclone_shear_features>
      <elevations>
        <elevation site="ros" units="&#176;">1.5</elevation>
        <elevation site="hnr" units="&#176;">3.5</elevation>
      </elevations>
      <mean_dbz units="DBZ">42.58</mean_dbz>
      <max_dbz units="DBZ">59.18</max_dbz>
      <mesocyclone_velocity_max units="m/s">14.744427</mesocyclone_velocity_max>
      <mesocyclone_velocity_rotational_max units="m/s">13.358200</mesocyclone_velocity_rotational_max>
      <mesocyclone_velocity_rotational_mean units="m/s">8.575412</mesocyclone_velocity_rotational_mean>
      <mesocyclone_velocity_rotational_max_closest_to_ground units="m/s">11.089826</mesocyclone_velocity_rotational_max_closest_to_ground>
      <meso_intensity>2</meso_intensity>
    </nowcast-parameters>
  </event>
  <event ID="29">
    <time time-coordinate="UTC">2021-07-08T14:40:00</time>
    <location>
      <area>
        <ellipse>
          <moving-point>
            <latitude>50.329014</latitude>
            <longitude>8.715540</longitude>
            <polar_motion>
              <speed units="km/h">0.0</speed>
            </polar_motion>
          </moving-point>
          <major_axis units="km">6.43</major_axis>
          <minor_axis units="km">6.43</minor_axis>
          <orientation units="degrees true">0</orientation>
        </ellipse>
      </area>
    </location>
    <nowcast-parameters>
      <mesocyclone_shear_mean units="m/s/km">5.278918</mesocyclone_shear_mean>
      <mesocyclone_shear_max units="m/s/km">10.361962</mesocyclone_shear_max>
      <mesocyclone_momentum_mean units="m/s/km">142.450692</mesocyclone_momentum_mean>
      <mesocyclone_momentum_max units="m/s/km">382.318692</mesocyclone_momentum_max>
      <mesocyclone_diameter units="km">6.433114</mesocyclone_diameter>
      <mesocyclone_diameter_equivalent units="km">4.639027</mesocyclone_diameter_equivalent>
      <mesocyclone_top units="km">8.684863</mesocyclone_top>
      <mesocyclone_base units="km">4.394059</mesocyclone_base>
      <mesocyclone_echotop units="km">10.026242</mesocyclone_echotop>
      <mesocyclone_vil units="kg/m*m">7.972225</mesocyclone_vil>
      <mesocyclone_shear_vectors>12</mesocyclone_shear_vectors>
      <mesocyclone_shear_features>2</mesocyclone_shear_features>
      <elevations>
        <elevation site="fld" units="&#176;">3.5</elevation>
        <elevation site="oft" units="&#176;">8.0</elevation>
      </elevations>
      <mean_dbz units="DBZ">36.04</mean_dbz>
      <max_dbz units="DBZ">51.37</max_dbz>
      <mesocyclone_velocity_max units="m/s">30.371002</mesocyclone_velocity_max>
      <mesocyclone_velocity_rotational_max units="m/s">23.565881</mesocyclone_velocity_rotational_max>
      <mesocyclone_velocity_rotational_mean units="m/s">12.812109</mesocyclone_velocity_rotational_mean>
      <mesocyclone_velocity_rotational_max_closest_to_ground units="m/s">6.553080</mesocyclone_velocity_rotational_max_closest_to_ground>
      <meso_intensity>2</meso_intensity>
    </nowcast-parameters>
  </event>
  <event ID="64">
    <time time-coordinate="UTC">2021-07-08T14:40:00</time>
    <location>
      <area>
        <ellipse>
          <moving-point>
            <latitude>49.250626</latitude>
            <longitude>12.938373</longitude>
            <polar_motion>
              <speed units="km/h">0.0</speed>
            </polar_motion>
          </moving-point>
          <major_axis units="km">21.75</major_axis>
          <minor_axis units="km">21.75</minor_axis>
          <orientation units="degrees true">0</orientation>
        </ellipse>
      </area>
    </location>
    <nowcast-parameters>
      <mesocyclone_shear_mean units="m/s/km">3.042635</mesocyclone_shear_mean>
      <mesocyclone_shear_max units="m/s/km">9.239589</mesocyclone_shear_max>
      <mesocyclone_momentum_mean units="m/s/km">120.268550</mesocyclone_momentum_mean>
      <mesocyclone_momentum_max units="m/s/km">331.062329</mesocyclone_momentum_max>
      <mesocyclone_diameter units="km">21.750000</mesocyclone_diameter>
      <mesocyclone_diameter_equivalent units="km">9.956013</mesocyclone_diameter_equivalent>
      <mesocyclone_top units="km">7.883884</mesocyclone_top>
      <mesocyclone_base units="km">3.043175</mesocyclone_base>
      <mesocyclone_echotop units="km">10.368252</mesocyclone_echotop>
      <mesocyclone_vil units="kg/m*m">29.061330</mesocyclone_vil>
      <mesocyclone_shear_vectors>39</mesocyclone_shear_vectors>
      <mesocyclone_shear_features>5</mesocyclone_shear_features>
      <elevations>
        <elevation site="eis" units="&#176;">3.5,4.5,5.5</elevation>
        <elevation site="isn" units="&#176;">1.5,2.5</elevation>
      </elevations>
      <mean_dbz units="DBZ">41.53</mean_dbz>
      <max_dbz units="DBZ">57.27</max_dbz>
      <mesocyclone_velocity_max units="m/s">31.715561</mesocyclone_velocity_max>
      <mesocyclone_velocity_rotational_max units="m/s">17.768925</mesocyclone_velocity_rotational_max>
      <mesocyclone_velocity_rotational_mean units="m/s">8.719078</mesocyclone_velocity_rotational_mean>
      <mesocyclone_velocity_rotational_max_closest_to_ground units="m/s">10.711763</mesocyclone_velocity_rotational_max_closest_to_ground>
      <meso_intensity>3</meso_intensity>
    </nowcast-parameters>
  </event>
  <event ID="60">
    <time time-coordinate="UTC">2021-07-08T14:40:00</time>
    <location>
      <area>
        <ellipse>
          <moving-point>
            <latitude>48.483983</latitude>
            <longitude>13.191575</longitude>
            <polar_motion>
              <speed units="km/h">0.0</speed>
            </polar_motion>
          </moving-point>
          <major_axis units="km">12.50</major_axis>
          <minor_axis units="km">12.50</minor_axis>
          <orientation units="degrees true">0</orientation>
        </ellipse>
      </area>
    </location>
    <nowcast-parameters>
      <mesocyclone_shear_mean units="m/s/km">3.914264</mesocyclone_shear_mean>
      <mesocyclone_shear_max units="m/s/km">20.083039</mesocyclone_shear_max>
      <mesocyclone_momentum_mean units="m/s/km">125.039061</mesocyclone_momentum_mean>
      <mesocyclone_momentum_max units="m/s/km">393.736720</mesocyclone_momentum_max>
      <mesocyclone_diameter units="km">12.500000</mesocyclone_diameter>
      <mesocyclone_diameter_equivalent units="km">7.885114</mesocyclone_diameter_equivalent>
      <mesocyclone_top units="km">13.149495</mesocyclone_top>
      <mesocyclone_base units="km">1.563864</mesocyclone_base>
      <mesocyclone_echotop units="km">12.135279</mesocyclone_echotop>
      <mesocyclone_vil units="kg/m*m">71.540908</mesocyclone_vil>
      <mesocyclone_shear_vectors>20</mesocyclone_shear_vectors>
      <mesocyclone_shear_features>7</mesocyclone_shear_features>
      <elevations>
        <elevation site="eis" units="&#176;">0.5,1.5,2.5,3.5</elevation>
        <elevation site="isn" units="&#176;">3.5,5.5,8.0</elevation>
      </elevations>
      <mean_dbz units="DBZ">47.21</mean_dbz>
      <max_dbz units="DBZ">66.95</max_dbz>
      <mesocyclone_velocity_max units="m/s">31.968271</mesocyclone_velocity_max>
      <mesocyclone_velocity_rotational_max units="m/s">20.975230</mesocyclone_velocity_rotational_max>
      <mesocyclone_velocity_rotational_mean units="m/s">9.213487</mesocyclone_velocity_rotational_mean>
      <mesocyclone_velocity_rotational_max_closest_to_ground units="m/s">12.097991</mesocyclone_velocity_rotational_max_closest_to_ground>
      <meso_intensity>4</meso_intensity>
    </nowcast-parameters>
  </event>
  <event ID="106">
    <time time-coordinate="UTC">2021-07-08T14:40:00</time>
    <location>
      <area>
        <ellipse>
          <moving-point>
            <latitude>47.660033</latitude>
            <longitude>11.008630</longitude>
            <polar_motion>
              <speed units="km/h">0.0</speed>
            </polar_motion>
          </moving-point>
          <major_axis units="km">20.00</major_axis>
          <minor_axis units="km">20.00</minor_axis>
          <orientation units="degrees true">0</orientation>
        </ellipse>
      </area>
    </location>
    <nowcast-parameters>
      <mesocyclone_shear_mean units="m/s/km">2.947738</mesocyclone_shear_mean>
      <mesocyclone_shear_max units="m/s/km">11.082613</mesocyclone_shear_max>
      <mesocyclone_momentum_mean units="m/s/km">131.452422</mesocyclone_momentum_mean>
      <mesocyclone_momentum_max units="m/s/km">470.713541</mesocyclone_momentum_max>
      <mesocyclone_diameter units="km">20.000000</mesocyclone_diameter>
      <mesocyclone_diameter_equivalent units="km">8.954248</mesocyclone_diameter_equivalent>
      <mesocyclone_top units="km">8.526781</mesocyclone_top>
      <mesocyclone_base units="km">3.964161</mesocyclone_base>
      <mesocyclone_echotop units="km">7.984785</mesocyclone_echotop>
      <mesocyclone_vil units="kg/m*m">7.574947</mesocyclone_vil>
      <mesocyclone_shear_vectors>34</mesocyclone_shear_vectors>
      <mesocyclone_shear_features>3</mesocyclone_shear_features>
      <elevations>
        <elevation site="isn" units="&#176;">2.5,3.5,4.5</elevation>
      </elevations>
      <mean_dbz units="DBZ">32.97</mean_dbz>
      <max_dbz units="DBZ">58.38</max_dbz>
      <mesocyclone_velocity_max units="m/s">31.715561</mesocyclone_velocity_max>
      <mesocyclone_velocity_rotational_max units="m/s">17.437238</mesocyclone_velocity_rotational_max>
      <mesocyclone_velocity_rotational_mean units="m/s">8.784626</mesocyclone_velocity_rotational_mean>
      <mesocyclone_velocity_rotational_max_closest_to_ground units="m/s">12.888393</mesocyclone_velocity_rotational_max_closest_to_ground>
      <meso_intensity>3</meso_intensity>
    </nowcast-parameters>
  </event>
  <event ID="84">
    <time time-coordinate="UTC">2021-07-08T14:40:00</time>
    <location>
      <area>
        <ellipse>
          <moving-point>
            <latitude>47.342213</latitude>
            <longitude>11.393440</longitude>
            <polar_motion>
              <speed units="km/h">0.0</speed>
            </polar_motion>
          </moving-point>
          <major_axis units="km">26.00</major_axis>
          <minor_axis units="km">26.00</minor_axis>
          <orientation units="degrees true">0</orientation>
        </ellipse>
      </area>
    </location>
    <nowcast-parameters>
      <mesocyclone_shear_mean units="m/s/km">2.603178</mesocyclone_shear_mean>
      <mesocyclone_shear_max units="m/s/km">8.882914</mesocyclone_shear_max>
      <mesocyclone_momentum_mean units="m/s/km">163.710758</mesocyclone_momentum_mean>
      <mesocyclone_momentum_max units="m/s/km">480.002859</mesocyclone_momentum_max>
      <mesocyclone_diameter units="km">26.000000</mesocyclone_diameter>
      <mesocyclone_diameter_equivalent units="km">14.795054</mesocyclone_diameter_equivalent>
      <mesocyclone_top units="km">9.730069</mesocyclone_top>
      <mesocyclone_base units="km">0.210382</mesocyclone_base>
      <mesocyclone_echotop units="km">9.729779</mesocyclone_echotop>
      <mesocyclone_vil units="kg/m*m">23.756598</mesocyclone_vil>
      <mesocyclone_shear_vectors>77</mesocyclone_shear_vectors>
      <mesocyclone_shear_features>3</mesocyclone_shear_features>
      <elevations>
        <elevation site="isn" units="&#176;">4.5,5.5</elevation>
        <elevation site="mem" units="&#176;">0.5</elevation>
      </elevations>
      <mean_dbz units="DBZ">37.12</mean_dbz>
      <max_dbz units="DBZ">57.78</max_dbz>
      <mesocyclone_velocity_max units="m/s">31.715559</mesocyclone_velocity_max>
      <mesocyclone_velocity_rotational_max units="m/s">19.820401</mesocyclone_velocity_rotational_max>
      <mesocyclone_velocity_rotational_mean units="m/s">9.182605</mesocyclone_velocity_rotational_mean>
      <mesocyclone_velocity_rotational_max_closest_to_ground units="m/s">19.820401</mesocyclone_velocity_rotational_max_closest_to_ground>
      <meso_intensity>3</meso_intensity>
    </nowcast-parameters>
  </event>
  <event ID="75">
    <time time-coordinate="UTC">2021-07-08T14:40:00</time>
    <location>
      <area>
        <ellipse>
          <moving-point>
            <latitude>47.142325</latitude>
            <longitude>10.790827</longitude>
            <polar_motion>
              <speed units="km/h">0.0</speed>
            </polar_motion>
          </moving-point>
          <major_axis units="km">14.12</major_axis>
          <minor_axis units="km">14.12</minor_axis>
          <orientation units="degrees true">0</orientation>
        </ellipse>
      </area>
    </location>
    <nowcast-parameters>
      <mesocyclone_shear_mean units="m/s/km">4.190359</mesocyclone_shear_mean>
      <mesocyclone_shear_max units="m/s/km">12.008581</mesocyclone_shear_max>
      <mesocyclone_momentum_mean units="m/s/km">181.372665</mesocyclone_momentum_mean>
      <mesocyclone_momentum_max units="m/s/km">869.631138</mesocyclone_momentum_max>
      <mesocyclone_diameter units="km">14.116922</mesocyclone_diameter>
      <mesocyclone_diameter_equivalent units="km">7.775088</mesocyclone_diameter_equivalent>
      <mesocyclone_top units="km">8.325244</mesocyclone_top>
      <mesocyclone_base units="km">0.456071</mesocyclone_base>
      <mesocyclone_echotop units="km">7.491414</mesocyclone_echotop>
      <mesocyclone_vil units="kg/m*m">4.458781</mesocyclone_vil>
      <mesocyclone_shear_vectors>29</mesocyclone_shear_vectors>
      <mesocyclone_shear_features>5</mesocyclone_shear_features>
      <elevations>
        <elevation site="tur" units="&#176;">0.5,2.5</elevation>
        <elevation site="isn" units="&#176;">1.5,2.5</elevation>
        <elevation site="mem" units="&#176;">1.5</elevation>
      </elevations>
      <mean_dbz units="DBZ">32.65</mean_dbz>
      <max_dbz units="DBZ">46.50</max_dbz>
      <mesocyclone_velocity_max units="m/s">31.857140</mesocyclone_velocity_max>
      <mesocyclone_velocity_rotational_max units="m/s">26.272626</mesocyclone_velocity_rotational_max>
      <mesocyclone_velocity_rotational_mean units="m/s">11.159244</mesocyclone_velocity_rotational_mean>
      <mesocyclone_velocity_rotational_max_closest_to_ground units="m/s">26.272626</mesocyclone_velocity_rotational_max_closest_to_ground>
      <meso_intensity>4</meso_intensity>
    </nowcast-parameters>
  </event>
  <event ID="134">
    <time time-coordinate="UTC">2021-07-08T14:40:00</time>
    <location>
      <area>
        <ellipse>
          <moving-point>
            <latitude>46.743250</latitude>
            <longitude>10.326055</longitude>
            <polar_motion>
              <speed units="km/h">0.0</speed>
            </polar_motion>
          </moving-point>
          <major_axis units="km">8.18</major_axis>
          <minor_axis units="km">8.18</minor_axis>
          <orientation units="degrees true">0</orientation>
        </ellipse>
      </area>
    </location>
    <nowcast-parameters>
      <mesocyclone_shear_mean units="m/s/km">4.724964</mesocyclone_shear_mean>
      <mesocyclone_shear_max units="m/s/km">9.027674</mesocyclone_shear_max>
      <mesocyclone_momentum_mean units="m/s/km">132.314818</mesocyclone_momentum_mean>
      <mesocyclone_momentum_max units="m/s/km">497.351276</mesocyclone_momentum_max>
      <mesocyclone_diameter units="km">8.180731</mesocyclone_diameter>
      <mesocyclone_diameter_equivalent units="km">3.746491</mesocyclone_diameter_equivalent>
      <mesocyclone_top units="km">6.950736</mesocyclone_top>
      <mesocyclone_base units="km">-0.609301</mesocyclone_base>
      <mesocyclone_echotop units="km">8.369247</mesocyclone_echotop>
      <mesocyclone_vil units="kg/m*m">28.213515</mesocyclone_vil>
      <mesocyclone_shear_vectors>7</mesocyclone_shear_vectors>
      <mesocyclone_shear_features>2</mesocyclone_shear_features>
      <elevations>
        <elevation site="mem" units="&#176;">0.5,2.5</elevation>
      </elevations>
      <mean_dbz units="DBZ">46.19</mean_dbz>
      <max_dbz units="DBZ">58.02</max_dbz>
      <mesocyclone_velocity_max units="m/s">31.687389</mesocyclone_velocity_max>
      <mesocyclone_velocity_rotational_max units="m/s">25.122673</mesocyclone_velocity_rotational_max>
      <mesocyclone_velocity_rotational_mean units="m/s">10.711368</mesocyclone_velocity_rotational_mean>
      <mesocyclone_velocity_rotational_max_closest_to_ground units="m/s">10.983280</mesocyclone_velocity_rotational_max_closest_to_ground>
      <meso_intensity>2</meso_intensity>
    </nowcast-parameters>
  </event>
  <event ID="137">
    <time time-coordinate="UTC">2021-07-08T14:40:00</time>
    <location>
      <area>
        <ellipse>
          <moving-point>
            <latitude>46.539824</latitude>
            <longitude>9.623526</longitude>
            <polar_motion>
              <speed units="km/h">0.0</speed>
            </polar_motion>
          </moving-point>
          <major_axis units="km">9.73</major_axis>
          <minor_axis units="km">9.73</minor_axis>
          <orientation units="degrees true">0</orientation>
        </ellipse>
      </area>
    </location>
    <nowcast-parameters>
      <mesocyclone_shear_mean units="m/s/km">4.105154</mesocyclone_shear_mean>
      <mesocyclone_shear_max units="m/s/km">9.863395</mesocyclone_shear_max>
      <mesocyclone_momentum_mean units="m/s/km">90.978880</mesocyclone_momentum_mean>
      <mesocyclone_momentum_max units="m/s/km">508.493886</mesocyclone_momentum_max>
      <mesocyclone_diameter units="km">9.734874</mesocyclone_diameter>
      <mesocyclone_diameter_equivalent units="km">5.957989</mesocyclone_diameter_equivalent>
      <mesocyclone_top units="km">6.193441</mesocyclone_top>
      <mesocyclone_base units="km">0.224633</mesocyclone_base>
      <mesocyclone_echotop units="km">4.813751</mesocyclone_echotop>
      <mesocyclone_vil units="kg/m*m">4.043547</mesocyclone_vil>
      <mesocyclone_shear_vectors>21</mesocyclone_shear_vectors>
      <mesocyclone_shear_features>2</mesocyclone_shear_features>
      <elevations>
        <elevation site="mem" units="&#176;">0.5,1.5</elevation>
      </elevations>
      <mean_dbz units="DBZ">33.24</mean_dbz>
      <max_dbz units="DBZ">41.69</max_dbz>
      <mesocyclone_velocity_max units="m/s">29.667477</mesocyclone_velocity_max>
      <mesocyclone_velocity_rotational_max units="m/s">15.023106</mesocyclone_velocity_rotational_max>
      <mesocyclone_velocity_rotational_mean units="m/s">8.165174</mesocyclone_velocity_rotational_mean>
      <mesocyclone_velocity_rotational_max_closest_to_ground units="m/s">15.023106</mesocyclone_velocity_rotational_max_closest_to_ground>
      <meso_intensity>3</meso_intensity>
    </nowcast-parameters>
  </event>
</nowcast-data>
