<?xml version="1.0" encoding="UTF-8"?>
<nowcast-data>
  <radar-stations>ASB,BOO,ROS,HNR,UMD,PRO,ESS,FLD,DRS,NEU,NHB,OFT,EIS,TUR,ISN,FBG,MEM</radar-stations>
  <event ID="35">
    <time time-coordinate="UTC">2021-07-08T06:45:00</time>
    <location>
      <area>
        <ellipse>
          <moving-point>
            <latitude>47.589375</latitude>
            <longitude>9.973371</longitude>
            <polar_motion>
              <speed units="km/h">0.0</speed>
            </polar_motion>
          </moving-point>
          <major_axis units="km">13.13</major_axis>
          <minor_axis units="km">13.13</minor_axis>
          <orientation units="degrees true">0</orientation>
        </ellipse>
      </area>
    </location>
    <nowcast-parameters>
      <mesocyclone_shear_mean units="m/s/km">4.985212</mesocyclone_shear_mean>
      <mesocyclone_shear_max units="m/s/km">8.952648</mesocyclone_shear_max>
      <mesocyclone_momentum_mean units="m/s/km">143.544176</mesocyclone_momentum_mean>
      <mesocyclone_momentum_max units="m/s/km">666.969211</mesocyclone_momentum_max>
      <mesocyclone_diameter units="km">13.133785</mesocyclone_diameter>
      <mesocyclone_diameter_equivalent units="km">5.697242</mesocyclone_diameter_equivalent>
      <mesocyclone_top units="km">4.636636</mesocyclone_top>
      <mesocyclone_base units="km">1.543414</mesocyclone_base>
      <mesocyclone_echotop units="km">6.117076</mesocyclone_echotop>
      <mesocyclone_vil units="kg/m*m">3.238359</mesocyclone_vil>
      <mesocyclone_shear_vectors>15</mesocyclone_shear_vectors>
      <mesocyclone_shear_features>2</mesocyclone_shear_features>
      <elevations>
        <elevation site="tur" units="&#176;">1.5</elevation>
        <elevation site="isn" units="&#176;">0.5</elevation>
      </elevations>
      <mean_dbz units="DBZ">35.31</mean_dbz>
      <max_dbz units="DBZ">46.61</max_dbz>
      <mesocyclone_velocity_max units="m/s">31.968271</mesocyclone_velocity_max>
      <mesocyclone_velocity_rotational_max units="m/s">20.469802</mesocyclone_velocity_rotational_max>
      <mesocyclone_velocity_rotational_mean units="m/s">9.932493</mesocyclone_velocity_rotational_mean>
      <mesocyclone_velocity_rotational_max_closest_to_ground units="m/s">20.469802</mesocyclone_velocity_rotational_max_closest_to_ground>
      <meso_intensity>3</meso_intensity>
    </nowcast-parameters>
  </event>
</nowcast-data>
