<?xml version="1.0" encoding="UTF-8"?>
<nowcast-data>
  <radar-stations>ASB,BOO,ROS,HNR,UMD,PRO,ESS,FLD,DRS,NEU,NHB,OFT,EIS,TUR,ISN,FBG,MEM</radar-stations>
  <event ID="25">
    <time time-coordinate="UTC">2021-07-08T09:35:00</time>
    <location>
      <area>
        <ellipse>
          <moving-point>
            <latitude>47.426302</latitude>
            <longitude>9.600819</longitude>
            <polar_motion>
              <speed units="km/h">0.0</speed>
            </polar_motion>
          </moving-point>
          <major_axis units="km">7.37</major_axis>
          <minor_axis units="km">7.37</minor_axis>
          <orientation units="degrees true">0</orientation>
        </ellipse>
      </area>
    </location>
    <nowcast-parameters>
      <mesocyclone_shear_mean units="m/s/km">3.485496</mesocyclone_shear_mean>
      <mesocyclone_shear_max units="m/s/km">6.015619</mesocyclone_shear_max>
      <mesocyclone_momentum_mean units="m/s/km">81.389750</mesocyclone_momentum_mean>
      <mesocyclone_momentum_max units="m/s/km">186.284278</mesocyclone_momentum_max>
      <mesocyclone_diameter units="km">7.371172</mesocyclone_diameter>
      <mesocyclone_diameter_equivalent units="km">4.825464</mesocyclone_diameter_equivalent>
      <mesocyclone_top units="km">5.354389</mesocyclone_top>
      <mesocyclone_base units="km">3.106916</mesocyclone_base>
      <mesocyclone_echotop units="km">8.258761</mesocyclone_echotop>
      <mesocyclone_vil units="kg/m*m">4.741758</mesocyclone_vil>
      <mesocyclone_shear_vectors>11</mesocyclone_shear_vectors>
      <mesocyclone_shear_features>2</mesocyclone_shear_features>
      <elevations>
        <elevation site="tur" units="&#176;">1.5</elevation>
        <elevation site="mem" units="&#176;">2.5</elevation>
      </elevations>
      <mean_dbz units="DBZ">37.03</mean_dbz>
      <max_dbz units="DBZ">48.11</max_dbz>
      <mesocyclone_velocity_max units="m/s">24.495735</mesocyclone_velocity_max>
      <mesocyclone_velocity_rotational_max units="m/s">9.265225</mesocyclone_velocity_rotational_max>
      <mesocyclone_velocity_rotational_mean units="m/s">7.630358</mesocyclone_velocity_rotational_mean>
      <mesocyclone_velocity_rotational_max_closest_to_ground units="m/s">9.265225</mesocyclone_velocity_rotational_max_closest_to_ground>
      <meso_intensity>1</meso_intensity>
    </nowcast-parameters>
  </event>
  <event ID="56">
    <time time-coordinate="UTC">2021-07-08T09:35:00</time>
    <location>
      <area>
        <ellipse>
          <moving-point>
            <latitude>46.908707</latitude>
            <longitude>9.377317</longitude>
            <polar_motion>
              <speed units="km/h">0.0</speed>
            </polar_motion>
          </moving-point>
          <major_axis units="km">9.49</major_axis>
          <minor_axis units="km">9.49</minor_axis>
          <orientation units="degrees true">0</orientation>
        </ellipse>
      </area>
    </location>
    <nowcast-parameters>
      <mesocyclone_shear_mean units="m/s/km">4.804803</mesocyclone_shear_mean>
      <mesocyclone_shear_max units="m/s/km">8.887531</mesocyclone_shear_max>
      <mesocyclone_momentum_mean units="m/s/km">127.109810</mesocyclone_momentum_mean>
      <mesocyclone_momentum_max units="m/s/km">877.470037</mesocyclone_momentum_max>
      <mesocyclone_diameter units="km">9.491353</mesocyclone_diameter>
      <mesocyclone_diameter_equivalent units="km">5.590373</mesocyclone_diameter_equivalent>
      <mesocyclone_top units="km">6.904760</mesocyclone_top>
      <mesocyclone_base units="km">1.769236</mesocyclone_base>
      <mesocyclone_echotop units="km">5.877307</mesocyclone_echotop>
      <mesocyclone_vil units="kg/m*m">7.927005</mesocyclone_vil>
      <mesocyclone_shear_vectors>19</mesocyclone_shear_vectors>
      <mesocyclone_shear_features>2</mesocyclone_shear_features>
      <elevations>
        <elevation site="mem" units="&#176;">1.5,2.5</elevation>
      </elevations>
      <mean_dbz units="DBZ">37.44</mean_dbz>
      <max_dbz units="DBZ">48.38</max_dbz>
      <mesocyclone_velocity_max units="m/s">31.687389</mesocyclone_velocity_max>
      <mesocyclone_velocity_rotational_max units="m/s">36.105953</mesocyclone_velocity_rotational_max>
      <mesocyclone_velocity_rotational_mean units="m/s">10.429745</mesocyclone_velocity_rotational_mean>
      <mesocyclone_velocity_rotational_max_closest_to_ground units="m/s">13.634415</mesocyclone_velocity_rotational_max_closest_to_ground>
      <meso_intensity>3</meso_intensity>
    </nowcast-parameters>
  </event>
  <event ID="48">
    <time time-coordinate="UTC">2021-07-08T09:35:00</time>
    <location>
      <area>
        <ellipse>
          <moving-point>
            <latitude>46.673506</latitude>
            <longitude>9.416555</longitude>
            <polar_motion>
              <speed units="km/h">0.0</speed>
            </polar_motion>
          </moving-point>
          <major_axis units="km">8.10</major_axis>
          <minor_axis units="km">8.10</minor_axis>
          <orientation units="degrees true">0</orientation>
        </ellipse>
      </area>
    </location>
    <nowcast-parameters>
      <mesocyclone_shear_mean units="m/s/km">4.942170</mesocyclone_shear_mean>
      <mesocyclone_shear_max units="m/s/km">10.227496</mesocyclone_shear_max>
      <mesocyclone_momentum_mean units="m/s/km">104.291452</mesocyclone_momentum_mean>
      <mesocyclone_momentum_max units="m/s/km">383.449250</mesocyclone_momentum_max>
      <mesocyclone_diameter units="km">8.095928</mesocyclone_diameter>
      <mesocyclone_diameter_equivalent units="km">4.459307</mesocyclone_diameter_equivalent>
      <mesocyclone_top units="km">6.943256</mesocyclone_top>
      <mesocyclone_base units="km">1.428268</mesocyclone_base>
      <mesocyclone_echotop units="km">8.539065</mesocyclone_echotop>
      <mesocyclone_vil units="kg/m*m">7.162643</mesocyclone_vil>
      <mesocyclone_shear_vectors>12</mesocyclone_shear_vectors>
      <mesocyclone_shear_features>2</mesocyclone_shear_features>
      <elevations>
        <elevation site="mem" units="&#176;">0.5,1.5</elevation>
      </elevations>
      <mean_dbz units="DBZ">34.76</mean_dbz>
      <max_dbz units="DBZ">45.63</max_dbz>
      <mesocyclone_velocity_max units="m/s">29.162498</mesocyclone_velocity_max>
      <mesocyclone_velocity_rotational_max units="m/s">18.936687</mesocyclone_velocity_rotational_max>
      <mesocyclone_velocity_rotational_mean units="m/s">9.864293</mesocyclone_velocity_rotational_mean>
      <mesocyclone_velocity_rotational_max_closest_to_ground units="m/s">18.936687</mesocyclone_velocity_rotational_max_closest_to_ground>
      <meso_intensity>2</meso_intensity>
    </nowcast-parameters>
  </event>
  <event ID="40">
    <time time-coordinate="UTC">2021-07-08T09:35:00</time>
    <location>
      <area>
        <ellipse>
          <moving-point>
            <latitude>46.574651</latitude>
            <longitude>9.052018</longitude>
            <polar_motion>
              <speed units="km/h">0.0</speed>
            </polar_motion>
          </moving-point>
          <major_axis units="km">8.75</major_axis>
          <minor_axis units="km">8.75</minor_axis>
          <orientation units="degrees true">0</orientation>
        </ellipse>
      </area>
    </location>
    <nowcast-parameters>
      <mesocyclone_shear_mean units="m/s/km">4.601530</mesocyclone_shear_mean>
      <mesocyclone_shear_max units="m/s/km">7.870516</mesocyclone_shear_max>
      <mesocyclone_momentum_mean units="m/s/km">69.271150</mesocyclone_momentum_mean>
      <mesocyclone_momentum_max units="m/s/km">200.643062</mesocyclone_momentum_max>
      <mesocyclone_diameter units="km">8.750000</mesocyclone_diameter>
      <mesocyclone_diameter_equivalent units="km">3.576842</mesocyclone_diameter_equivalent>
      <mesocyclone_top units="km">6.785569</mesocyclone_top>
      <mesocyclone_base units="km">1.470824</mesocyclone_base>
      <mesocyclone_echotop units="km">8.447506</mesocyclone_echotop>
      <mesocyclone_vil units="kg/m*m">5.293296</mesocyclone_vil>
      <mesocyclone_shear_vectors>12</mesocyclone_shear_vectors>
      <mesocyclone_shear_features>2</mesocyclone_shear_features>
      <elevations>
        <elevation site="fbg" units="&#176;">0.5,1.5</elevation>
      </elevations>
      <mean_dbz units="DBZ">33.09</mean_dbz>
      <max_dbz units="DBZ">44.47</max_dbz>
      <mesocyclone_velocity_max units="m/s">25.948273</mesocyclone_velocity_max>
      <mesocyclone_velocity_rotational_max units="m/s">11.532566</mesocyclone_velocity_rotational_max>
      <mesocyclone_velocity_rotational_mean units="m/s">7.956679</mesocyclone_velocity_rotational_mean>
      <mesocyclone_velocity_rotational_max_closest_to_ground units="m/s">10.655088</mesocyclone_velocity_rotational_max_closest_to_ground>
      <meso_intensity>2</meso_intensity>
    </nowcast-parameters>
  </event>
</nowcast-data>
