<?xml version="1.0" encoding="UTF-8"?>
<nowcast-data>
  <radar-stations>ASB,BOO,ROS,HNR,UMD,PRO,ESS,FLD,DRS,NEU,NHB,OFT,EIS,TUR,ISN,FBG,MEM</radar-stations>
  <event ID="33">
    <time time-coordinate="UTC">2021-07-08T07:05:00</time>
    <location>
      <area>
        <ellipse>
          <moving-point>
            <latitude>47.249690</latitude>
            <longitude>9.857982</longitude>
            <polar_motion>
              <speed units="km/h">0.0</speed>
            </polar_motion>
          </moving-point>
          <major_axis units="km">7.76</major_axis>
          <minor_axis units="km">7.76</minor_axis>
          <orientation units="degrees true">0</orientation>
        </ellipse>
      </area>
    </location>
    <nowcast-parameters>
      <mesocyclone_shear_mean units="m/s/km">3.376337</mesocyclone_shear_mean>
      <mesocyclone_shear_max units="m/s/km">5.089984</mesocyclone_shear_max>
      <mesocyclone_momentum_mean units="m/s/km">91.671252</mesocyclone_momentum_mean>
      <mesocyclone_momentum_max units="m/s/km">331.558191</mesocyclone_momentum_max>
      <mesocyclone_diameter units="km">7.761109</mesocyclone_diameter>
      <mesocyclone_diameter_equivalent units="km">3.733379</mesocyclone_diameter_equivalent>
      <mesocyclone_top units="km">4.336212</mesocyclone_top>
      <mesocyclone_base units="km">1.360209</mesocyclone_base>
      <mesocyclone_echotop units="km">7.089725</mesocyclone_echotop>
      <mesocyclone_vil units="kg/m*m">7.461006</mesocyclone_vil>
      <mesocyclone_shear_vectors>9</mesocyclone_shear_vectors>
      <mesocyclone_shear_features>2</mesocyclone_shear_features>
      <elevations>
        <elevation site="fbg" units="&#176;">0.5</elevation>
        <elevation site="mem" units="&#176;">2.5</elevation>
      </elevations>
      <mean_dbz units="DBZ">36.61</mean_dbz>
      <max_dbz units="DBZ">50.99</max_dbz>
      <mesocyclone_velocity_max units="m/s">27.395077</mesocyclone_velocity_max>
      <mesocyclone_velocity_rotational_max units="m/s">15.669248</mesocyclone_velocity_rotational_max>
      <mesocyclone_velocity_rotational_mean units="m/s">7.559006</mesocyclone_velocity_rotational_mean>
      <mesocyclone_velocity_rotational_max_closest_to_ground units="m/s">15.669248</mesocyclone_velocity_rotational_max_closest_to_ground>
      <meso_intensity>2</meso_intensity>
    </nowcast-parameters>
  </event>
</nowcast-data>
