<?xml version="1.0" encoding="UTF-8"?>
<nowcast-data>
  <radar-stations>ASB,BOO,ROS,HNR,UMD,PRO,ESS,FLD,DRS,NEU,NHB,OFT,EIS,TUR,ISN,FBG,MEM</radar-stations>
  <event ID="19">
    <time time-coordinate="UTC">2021-07-08T10:10:00</time>
    <location>
      <area>
        <ellipse>
          <moving-point>
            <latitude>49.509135</latitude>
            <longitude>11.949866</longitude>
            <polar_motion>
              <speed units="km/h">0.0</speed>
            </polar_motion>
          </moving-point>
          <major_axis units="km">9.75</major_axis>
          <minor_axis units="km">9.75</minor_axis>
          <orientation units="degrees true">0</orientation>
        </ellipse>
      </area>
    </location>
    <nowcast-parameters>
      <mesocyclone_shear_mean units="m/s/km">3.473362</mesocyclone_shear_mean>
      <mesocyclone_shear_max units="m/s/km">8.932384</mesocyclone_shear_max>
      <mesocyclone_momentum_mean units="m/s/km">86.092146</mesocyclone_momentum_mean>
      <mesocyclone_momentum_max units="m/s/km">202.915345</mesocyclone_momentum_max>
      <mesocyclone_diameter units="km">9.750000</mesocyclone_diameter>
      <mesocyclone_diameter_equivalent units="km">6.667848</mesocyclone_diameter_equivalent>
      <mesocyclone_top units="km">7.002482</mesocyclone_top>
      <mesocyclone_base units="km">1.686910</mesocyclone_base>
      <mesocyclone_echotop units="km">8.910644</mesocyclone_echotop>
      <mesocyclone_vil units="kg/m*m">47.951097</mesocyclone_vil>
      <mesocyclone_shear_vectors>21</mesocyclone_shear_vectors>
      <mesocyclone_shear_features>6</mesocyclone_shear_features>
      <elevations>
        <elevation site="eis" units="&#176;">2.5,3.5,4.5,8.0,12.0</elevation>
        <elevation site="isn" units="&#176;">1.5</elevation>
      </elevations>
      <mean_dbz units="DBZ">49.81</mean_dbz>
      <max_dbz units="DBZ">64.93</max_dbz>
      <mesocyclone_velocity_max units="m/s">26.661289</mesocyclone_velocity_max>
      <mesocyclone_velocity_rotational_max units="m/s">14.025606</mesocyclone_velocity_rotational_max>
      <mesocyclone_velocity_rotational_mean units="m/s">7.897787</mesocyclone_velocity_rotational_mean>
      <mesocyclone_velocity_rotational_max_closest_to_ground units="m/s">8.947473</mesocyclone_velocity_rotational_max_closest_to_ground>
      <meso_intensity>2</meso_intensity>
    </nowcast-parameters>
  </event>
  <event ID="75">
    <time time-coordinate="UTC">2021-07-08T10:10:00</time>
    <location>
      <area>
        <ellipse>
          <moving-point>
            <latitude>47.598289</latitude>
            <longitude>10.387405</longitude>
            <polar_motion>
              <speed units="km/h">0.0</speed>
            </polar_motion>
          </moving-point>
          <major_axis units="km">5.92</major_axis>
          <minor_axis units="km">5.92</minor_axis>
          <orientation units="degrees true">0</orientation>
        </ellipse>
      </area>
    </location>
    <nowcast-parameters>
      <mesocyclone_shear_mean units="m/s/km">3.729421</mesocyclone_shear_mean>
      <mesocyclone_shear_max units="m/s/km">5.387507</mesocyclone_shear_max>
      <mesocyclone_momentum_mean units="m/s/km">53.590001</mesocyclone_momentum_mean>
      <mesocyclone_momentum_max units="m/s/km">112.032184</mesocyclone_momentum_max>
      <mesocyclone_diameter units="km">5.918597</mesocyclone_diameter>
      <mesocyclone_diameter_equivalent units="km">3.117821</mesocyclone_diameter_equivalent>
      <mesocyclone_top units="km">4.363838</mesocyclone_top>
      <mesocyclone_base units="km">2.581637</mesocyclone_base>
      <mesocyclone_echotop units="km">8.012192</mesocyclone_echotop>
      <mesocyclone_vil units="kg/m*m">6.981185</mesocyclone_vil>
      <mesocyclone_shear_vectors>7</mesocyclone_shear_vectors>
      <mesocyclone_shear_features>2</mesocyclone_shear_features>
      <elevations>
        <elevation site="mem" units="&#176;">3.5,4.5</elevation>
      </elevations>
      <mean_dbz units="DBZ">34.27</mean_dbz>
      <max_dbz units="DBZ">48.80</max_dbz>
      <mesocyclone_velocity_max units="m/s">24.112717</mesocyclone_velocity_max>
      <mesocyclone_velocity_rotational_max units="m/s">7.700920</mesocyclone_velocity_rotational_max>
      <mesocyclone_velocity_rotational_mean units="m/s">6.632696</mesocyclone_velocity_rotational_mean>
      <mesocyclone_velocity_rotational_max_closest_to_ground units="m/s">7.700920</mesocyclone_velocity_rotational_max_closest_to_ground>
      <meso_intensity>1</meso_intensity>
    </nowcast-parameters>
  </event>
  <event ID="39">
    <time time-coordinate="UTC">2021-07-08T10:10:00</time>
    <location>
      <area>
        <ellipse>
          <moving-point>
            <latitude>47.401134</latitude>
            <longitude>10.009351</longitude>
            <polar_motion>
              <speed units="km/h">0.0</speed>
            </polar_motion>
          </moving-point>
          <major_axis units="km">12.59</major_axis>
          <minor_axis units="km">12.59</minor_axis>
          <orientation units="degrees true">0</orientation>
        </ellipse>
      </area>
    </location>
    <nowcast-parameters>
      <mesocyclone_shear_mean units="m/s/km">5.423215</mesocyclone_shear_mean>
      <mesocyclone_shear_max units="m/s/km">17.522565</mesocyclone_shear_max>
      <mesocyclone_momentum_mean units="m/s/km">242.115014</mesocyclone_momentum_mean>
      <mesocyclone_momentum_max units="m/s/km">1154.826863</mesocyclone_momentum_max>
      <mesocyclone_diameter units="km">12.592978</mesocyclone_diameter>
      <mesocyclone_diameter_equivalent units="km">7.879260</mesocyclone_diameter_equivalent>
      <mesocyclone_top units="km">4.593972</mesocyclone_top>
      <mesocyclone_base units="km">3.130861</mesocyclone_base>
      <mesocyclone_echotop units="km">7.010567</mesocyclone_echotop>
      <mesocyclone_vil units="kg/m*m">5.686925</mesocyclone_vil>
      <mesocyclone_shear_vectors>27</mesocyclone_shear_vectors>
      <mesocyclone_shear_features>2</mesocyclone_shear_features>
      <elevations>
        <elevation site="mem" units="&#176;">2.5,3.5</elevation>
      </elevations>
      <mean_dbz units="DBZ">31.77</mean_dbz>
      <max_dbz units="DBZ">49.21</max_dbz>
      <mesocyclone_velocity_max units="m/s">30.172459</mesocyclone_velocity_max>
      <mesocyclone_velocity_rotational_max units="m/s">33.707305</mesocyclone_velocity_rotational_max>
      <mesocyclone_velocity_rotational_mean units="m/s">14.197398</mesocyclone_velocity_rotational_mean>
      <mesocyclone_velocity_rotational_max_closest_to_ground units="m/s">12.876949</mesocyclone_velocity_rotational_max_closest_to_ground>
      <meso_intensity>1</meso_intensity>
    </nowcast-parameters>
  </event>
  <event ID="41">
    <time time-coordinate="UTC">2021-07-08T10:10:00</time>
    <location>
      <area>
        <ellipse>
          <moving-point>
            <latitude>47.193537</latitude>
            <longitude>9.704945</longitude>
            <polar_motion>
              <speed units="km/h">0.0</speed>
            </polar_motion>
          </moving-point>
          <major_axis units="km">13.50</major_axis>
          <minor_axis units="km">13.50</minor_axis>
          <orientation units="degrees true">0</orientation>
        </ellipse>
      </area>
    </location>
    <nowcast-parameters>
      <mesocyclone_shear_mean units="m/s/km">4.492904</mesocyclone_shear_mean>
      <mesocyclone_shear_max units="m/s/km">12.591814</mesocyclone_shear_max>
      <mesocyclone_momentum_mean units="m/s/km">118.627491</mesocyclone_momentum_mean>
      <mesocyclone_momentum_max units="m/s/km">376.506343</mesocyclone_momentum_max>
      <mesocyclone_diameter units="km">13.500000</mesocyclone_diameter>
      <mesocyclone_diameter_equivalent units="km">6.479270</mesocyclone_diameter_equivalent>
      <mesocyclone_top units="km">7.094512</mesocyclone_top>
      <mesocyclone_base units="km">1.497117</mesocyclone_base>
      <mesocyclone_echotop units="km">8.787812</mesocyclone_echotop>
      <mesocyclone_vil units="kg/m*m">11.557939</mesocyclone_vil>
      <mesocyclone_shear_vectors>23</mesocyclone_shear_vectors>
      <mesocyclone_shear_features>3</mesocyclone_shear_features>
      <elevations>
        <elevation site="tur" units="&#176;">1.5</elevation>
        <elevation site="fbg" units="&#176;">1.5</elevation>
        <elevation site="mem" units="&#176;">1.5</elevation>
      </elevations>
      <mean_dbz units="DBZ">36.74</mean_dbz>
      <max_dbz units="DBZ">51.47</max_dbz>
      <mesocyclone_velocity_max units="m/s">31.603302</mesocyclone_velocity_max>
      <mesocyclone_velocity_rotational_max units="m/s">15.992034</mesocyclone_velocity_rotational_max>
      <mesocyclone_velocity_rotational_mean units="m/s">9.883278</mesocyclone_velocity_rotational_mean>
      <mesocyclone_velocity_rotational_max_closest_to_ground units="m/s">12.119481</mesocyclone_velocity_rotational_max_closest_to_ground>
      <meso_intensity>3</meso_intensity>
    </nowcast-parameters>
  </event>
</nowcast-data>
