<?xml version="1.0" encoding="UTF-8"?>
<nowcast-data>
  <radar-stations>ASB,BOO,ROS,HNR,UMD,PRO,ESS,FLD,DRS,NEU,NHB,OFT,EIS,TUR,ISN,FBG,MEM</radar-stations>
  <event ID="39">
    <time time-coordinate="UTC">2021-07-08T14:50:00</time>
    <location>
      <area>
        <ellipse>
          <moving-point>
            <latitude>49.260540</latitude>
            <longitude>13.067007</longitude>
            <polar_motion>
              <speed units="km/h">0.0</speed>
            </polar_motion>
          </moving-point>
          <major_axis units="km">24.00</major_axis>
          <minor_axis units="km">24.00</minor_axis>
          <orientation units="degrees true">0</orientation>
        </ellipse>
      </area>
    </location>
    <nowcast-parameters>
      <mesocyclone_shear_mean units="m/s/km">3.940803</mesocyclone_shear_mean>
      <mesocyclone_shear_max units="m/s/km">12.219796</mesocyclone_shear_max>
      <mesocyclone_momentum_mean units="m/s/km">126.556604</mesocyclone_momentum_mean>
      <mesocyclone_momentum_max units="m/s/km">1580.335036</mesocyclone_momentum_max>
      <mesocyclone_diameter units="km">24.000000</mesocyclone_diameter>
      <mesocyclone_diameter_equivalent units="km">10.949038</mesocyclone_diameter_equivalent>
      <mesocyclone_top units="km">11.998371</mesocyclone_top>
      <mesocyclone_base units="km">-0.017722</mesocyclone_base>
      <mesocyclone_echotop units="km">10.889428</mesocyclone_echotop>
      <mesocyclone_vil units="kg/m*m">24.699938</mesocyclone_vil>
      <mesocyclone_shear_vectors>58</mesocyclone_shear_vectors>
      <mesocyclone_shear_features>8</mesocyclone_shear_features>
      <elevations>
        <elevation site="neu" units="&#176;">0.5,1.5</elevation>
        <elevation site="eis" units="&#176;">0.5,5.5,8.0</elevation>
        <elevation site="isn" units="&#176;">1.5,2.5,3.5</elevation>
      </elevations>
      <mean_dbz units="DBZ">41.97</mean_dbz>
      <max_dbz units="DBZ">58.10</max_dbz>
      <mesocyclone_velocity_max units="m/s">31.968277</mesocyclone_velocity_max>
      <mesocyclone_velocity_rotational_max units="m/s">33.989981</mesocyclone_velocity_rotational_max>
      <mesocyclone_velocity_rotational_mean units="m/s">9.549438</mesocyclone_velocity_rotational_mean>
      <mesocyclone_velocity_rotational_max_closest_to_ground units="m/s">12.728096</mesocyclone_velocity_rotational_max_closest_to_ground>
      <meso_intensity>5</meso_intensity>
    </nowcast-parameters>
  </event>
  <event ID="50">
    <time time-coordinate="UTC">2021-07-08T14:50:00</time>
    <location>
      <area>
        <ellipse>
          <moving-point>
            <latitude>48.526823</latitude>
            <longitude>13.240743</longitude>
            <polar_motion>
              <speed units="km/h">0.0</speed>
            </polar_motion>
          </moving-point>
          <major_axis units="km">9.87</major_axis>
          <minor_axis units="km">9.87</minor_axis>
          <orientation units="degrees true">0</orientation>
        </ellipse>
      </area>
    </location>
    <nowcast-parameters>
      <mesocyclone_shear_mean units="m/s/km">3.380128</mesocyclone_shear_mean>
      <mesocyclone_shear_max units="m/s/km">8.994789</mesocyclone_shear_max>
      <mesocyclone_momentum_mean units="m/s/km">113.751885</mesocyclone_momentum_mean>
      <mesocyclone_momentum_max units="m/s/km">359.652006</mesocyclone_momentum_max>
      <mesocyclone_diameter units="km">9.872365</mesocyclone_diameter>
      <mesocyclone_diameter_equivalent units="km">6.193345</mesocyclone_diameter_equivalent>
      <mesocyclone_top units="km">8.314367</mesocyclone_top>
      <mesocyclone_base units="km">0.773915</mesocyclone_base>
      <mesocyclone_echotop units="km">11.127722</mesocyclone_echotop>
      <mesocyclone_vil units="kg/m*m">49.116541</mesocyclone_vil>
      <mesocyclone_shear_vectors>15</mesocyclone_shear_vectors>
      <mesocyclone_shear_features>6</mesocyclone_shear_features>
      <elevations>
        <elevation site="eis" units="&#176;">0.5,1.5</elevation>
        <elevation site="isn" units="&#176;">0.5,2.5,3.5,4.5</elevation>
      </elevations>
      <mean_dbz units="DBZ">48.38</mean_dbz>
      <max_dbz units="DBZ">63.15</max_dbz>
      <mesocyclone_velocity_max units="m/s">28.858753</mesocyclone_velocity_max>
      <mesocyclone_velocity_rotational_max units="m/s">14.240344</mesocyclone_velocity_rotational_max>
      <mesocyclone_velocity_rotational_mean units="m/s">8.525248</mesocyclone_velocity_rotational_mean>
      <mesocyclone_velocity_rotational_max_closest_to_ground units="m/s">14.025606</mesocyclone_velocity_rotational_max_closest_to_ground>
      <meso_intensity>2</meso_intensity>
    </nowcast-parameters>
  </event>
  <event ID="68">
    <time time-coordinate="UTC">2021-07-08T14:50:00</time>
    <location>
      <area>
        <ellipse>
          <moving-point>
            <latitude>47.548061</latitude>
            <longitude>11.482294</longitude>
            <polar_motion>
              <speed units="km/h">0.0</speed>
            </polar_motion>
          </moving-point>
          <major_axis units="km">26.50</major_axis>
          <minor_axis units="km">26.50</minor_axis>
          <orientation units="degrees true">0</orientation>
        </ellipse>
      </area>
    </location>
    <nowcast-parameters>
      <mesocyclone_shear_mean units="m/s/km">2.870341</mesocyclone_shear_mean>
      <mesocyclone_shear_max units="m/s/km">9.093553</mesocyclone_shear_max>
      <mesocyclone_momentum_mean units="m/s/km">160.585521</mesocyclone_momentum_mean>
      <mesocyclone_momentum_max units="m/s/km">406.607874</mesocyclone_momentum_max>
      <mesocyclone_diameter units="km">26.500000</mesocyclone_diameter>
      <mesocyclone_diameter_equivalent units="km">12.815941</mesocyclone_diameter_equivalent>
      <mesocyclone_top units="km">5.545535</mesocyclone_top>
      <mesocyclone_base units="km">1.033082</mesocyclone_base>
      <mesocyclone_echotop units="km">8.958166</mesocyclone_echotop>
      <mesocyclone_vil units="kg/m*m">10.624442</mesocyclone_vil>
      <mesocyclone_shear_vectors>55</mesocyclone_shear_vectors>
      <mesocyclone_shear_features>4</mesocyclone_shear_features>
      <elevations>
        <elevation site="tur" units="&#176;">0.5</elevation>
        <elevation site="isn" units="&#176;">1.5,3.5</elevation>
        <elevation site="mem" units="&#176;">1.5</elevation>
      </elevations>
      <mean_dbz units="DBZ">30.10</mean_dbz>
      <max_dbz units="DBZ">50.28</max_dbz>
      <mesocyclone_velocity_max units="m/s">31.968271</mesocyclone_velocity_max>
      <mesocyclone_velocity_rotational_max units="m/s">13.267463</mesocyclone_velocity_rotational_max>
      <mesocyclone_velocity_rotational_mean units="m/s">9.025007</mesocyclone_velocity_rotational_mean>
      <mesocyclone_velocity_rotational_max_closest_to_ground units="m/s">9.089611</mesocyclone_velocity_rotational_max_closest_to_ground>
      <meso_intensity>2</meso_intensity>
    </nowcast-parameters>
  </event>
  <event ID="71">
    <time time-coordinate="UTC">2021-07-08T14:50:00</time>
    <location>
      <area>
        <ellipse>
          <moving-point>
            <latitude>47.330296</latitude>
            <longitude>10.697454</longitude>
            <polar_motion>
              <speed units="km/h">0.0</speed>
            </polar_motion>
          </moving-point>
          <major_axis units="km">11.95</major_axis>
          <minor_axis units="km">11.95</minor_axis>
          <orientation units="degrees true">0</orientation>
        </ellipse>
      </area>
    </location>
    <nowcast-parameters>
      <mesocyclone_shear_mean units="m/s/km">5.260298</mesocyclone_shear_mean>
      <mesocyclone_shear_max units="m/s/km">11.480695</mesocyclone_shear_max>
      <mesocyclone_momentum_mean units="m/s/km">248.945809</mesocyclone_momentum_mean>
      <mesocyclone_momentum_max units="m/s/km">1069.913732</mesocyclone_momentum_max>
      <mesocyclone_diameter units="km">11.954636</mesocyclone_diameter>
      <mesocyclone_diameter_equivalent units="km">5.580018</mesocyclone_diameter_equivalent>
      <mesocyclone_top units="km">8.751260</mesocyclone_top>
      <mesocyclone_base units="km">2.333951</mesocyclone_base>
      <mesocyclone_echotop units="km">7.333834</mesocyclone_echotop>
      <mesocyclone_vil units="kg/m*m">4.074264</mesocyclone_vil>
      <mesocyclone_shear_vectors>11</mesocyclone_shear_vectors>
      <mesocyclone_shear_features>2</mesocyclone_shear_features>
      <elevations>
        <elevation site="tur" units="&#176;">2.5</elevation>
        <elevation site="isn" units="&#176;">1.5</elevation>
      </elevations>
      <mean_dbz units="DBZ">31.95</mean_dbz>
      <max_dbz units="DBZ">46.22</max_dbz>
      <mesocyclone_velocity_max units="m/s">26.272627</mesocyclone_velocity_max>
      <mesocyclone_velocity_rotational_max units="m/s">31.336488</mesocyclone_velocity_rotational_max>
      <mesocyclone_velocity_rotational_mean units="m/s">15.317722</mesocyclone_velocity_rotational_mean>
      <mesocyclone_velocity_rotational_max_closest_to_ground units="m/s">31.336488</mesocyclone_velocity_rotational_max_closest_to_ground>
      <meso_intensity>4</meso_intensity>
    </nowcast-parameters>
  </event>
  <event ID="75">
    <time time-coordinate="UTC">2021-07-08T14:50:00</time>
    <location>
      <area>
        <ellipse>
          <moving-point>
            <latitude>47.233993</latitude>
            <longitude>11.349035</longitude>
            <polar_motion>
              <speed units="km/h">0.0</speed>
            </polar_motion>
          </moving-point>
          <major_axis units="km">13.75</major_axis>
          <minor_axis units="km">13.75</minor_axis>
          <orientation units="degrees true">0</orientation>
        </ellipse>
      </area>
    </location>
    <nowcast-parameters>
      <mesocyclone_shear_mean units="m/s/km">3.743277</mesocyclone_shear_mean>
      <mesocyclone_shear_max units="m/s/km">9.443283</mesocyclone_shear_max>
      <mesocyclone_momentum_mean units="m/s/km">156.946809</mesocyclone_momentum_mean>
      <mesocyclone_momentum_max units="m/s/km">572.896243</mesocyclone_momentum_max>
      <mesocyclone_diameter units="km">13.750000</mesocyclone_diameter>
      <mesocyclone_diameter_equivalent units="km">9.808877</mesocyclone_diameter_equivalent>
      <mesocyclone_top units="km">8.267473</mesocyclone_top>
      <mesocyclone_base units="km">-0.360938</mesocyclone_base>
      <mesocyclone_echotop units="km">8.081083</mesocyclone_echotop>
      <mesocyclone_vil units="kg/m*m">10.347554</mesocyclone_vil>
      <mesocyclone_shear_vectors>36</mesocyclone_shear_vectors>
      <mesocyclone_shear_features>4</mesocyclone_shear_features>
      <elevations>
        <elevation site="isn" units="&#176;">2.5,3.5</elevation>
        <elevation site="mem" units="&#176;">0.5,1.5</elevation>
      </elevations>
      <mean_dbz units="DBZ">33.72</mean_dbz>
      <max_dbz units="DBZ">51.58</max_dbz>
      <mesocyclone_velocity_max units="m/s">31.968277</mesocyclone_velocity_max>
      <mesocyclone_velocity_rotational_max units="m/s">25.018647</mesocyclone_velocity_rotational_max>
      <mesocyclone_velocity_rotational_mean units="m/s">9.791661</mesocyclone_velocity_rotational_mean>
      <mesocyclone_velocity_rotational_max_closest_to_ground units="m/s">8.584633</mesocyclone_velocity_rotational_max_closest_to_ground>
      <meso_intensity>5</meso_intensity>
    </nowcast-parameters>
  </event>
  <event ID="79">
    <time time-coordinate="UTC">2021-07-08T14:50:00</time>
    <location>
      <area>
        <ellipse>
          <moving-point>
            <latitude>46.942078</latitude>
            <longitude>11.079535</longitude>
            <polar_motion>
              <speed units="km/h">0.0</speed>
            </polar_motion>
          </moving-point>
          <major_axis units="km">8.25</major_axis>
          <minor_axis units="km">8.25</minor_axis>
          <orientation units="degrees true">0</orientation>
        </ellipse>
      </area>
    </location>
    <nowcast-parameters>
      <mesocyclone_shear_mean units="m/s/km">4.644006</mesocyclone_shear_mean>
      <mesocyclone_shear_max units="m/s/km">6.455262</mesocyclone_shear_max>
      <mesocyclone_momentum_mean units="m/s/km">51.471497</mesocyclone_momentum_mean>
      <mesocyclone_momentum_max units="m/s/km">150.436508</mesocyclone_momentum_max>
      <mesocyclone_diameter units="km">8.250000</mesocyclone_diameter>
      <mesocyclone_diameter_equivalent units="km">4.287834</mesocyclone_diameter_equivalent>
      <mesocyclone_top units="km">5.005073</mesocyclone_top>
      <mesocyclone_base units="km">-0.297438</mesocyclone_base>
      <mesocyclone_echotop units="km">9.194732</mesocyclone_echotop>
      <mesocyclone_vil units="kg/m*m">12.063919</mesocyclone_vil>
      <mesocyclone_shear_vectors>17</mesocyclone_shear_vectors>
      <mesocyclone_shear_features>2</mesocyclone_shear_features>
      <elevations>
        <elevation site="isn" units="&#176;">0.5,1.5</elevation>
      </elevations>
      <mean_dbz units="DBZ">39.99</mean_dbz>
      <max_dbz units="DBZ">51.28</max_dbz>
      <mesocyclone_velocity_max units="m/s">31.968271</mesocyclone_velocity_max>
      <mesocyclone_velocity_rotational_max units="m/s">9.603117</mesocyclone_velocity_rotational_max>
      <mesocyclone_velocity_rotational_mean units="m/s">7.261567</mesocyclone_velocity_rotational_mean>
      <mesocyclone_velocity_rotational_max_closest_to_ground units="m/s">9.476759</mesocyclone_velocity_rotational_max_closest_to_ground>
      <meso_intensity>1</meso_intensity>
    </nowcast-parameters>
  </event>
  <event ID="113">
    <time time-coordinate="UTC">2021-07-08T14:50:00</time>
    <location>
      <area>
        <ellipse>
          <moving-point>
            <latitude>46.547172</latitude>
            <longitude>9.738698</longitude>
            <polar_motion>
              <speed units="km/h">0.0</speed>
            </polar_motion>
          </moving-point>
          <major_axis units="km">8.00</major_axis>
          <minor_axis units="km">8.00</minor_axis>
          <orientation units="degrees true">0</orientation>
        </ellipse>
      </area>
    </location>
    <nowcast-parameters>
      <mesocyclone_shear_mean units="m/s/km">4.090181</mesocyclone_shear_mean>
      <mesocyclone_shear_max units="m/s/km">5.520265</mesocyclone_shear_max>
      <mesocyclone_momentum_mean units="m/s/km">39.830511</mesocyclone_momentum_mean>
      <mesocyclone_momentum_max units="m/s/km">126.660886</mesocyclone_momentum_max>
      <mesocyclone_diameter units="km">8.000000</mesocyclone_diameter>
      <mesocyclone_diameter_equivalent units="km">4.367810</mesocyclone_diameter_equivalent>
      <mesocyclone_top units="km">5.513345</mesocyclone_top>
      <mesocyclone_base units="km">-0.166160</mesocyclone_base>
      <mesocyclone_echotop units="km">6.954042</mesocyclone_echotop>
      <mesocyclone_vil units="kg/m*m">4.359382</mesocyclone_vil>
      <mesocyclone_shear_vectors>18</mesocyclone_shear_vectors>
      <mesocyclone_shear_features>2</mesocyclone_shear_features>
      <elevations>
        <elevation site="mem" units="&#176;">0.5,1.5</elevation>
      </elevations>
      <mean_dbz units="DBZ">33.71</mean_dbz>
      <max_dbz units="DBZ">42.68</max_dbz>
      <mesocyclone_velocity_max units="m/s">31.434902</mesocyclone_velocity_max>
      <mesocyclone_velocity_rotational_max units="m/s">8.458387</mesocyclone_velocity_rotational_max>
      <mesocyclone_velocity_rotational_mean units="m/s">6.247194</mesocyclone_velocity_rotational_mean>
      <mesocyclone_velocity_rotational_max_closest_to_ground units="m/s">8.458387</mesocyclone_velocity_rotational_max_closest_to_ground>
      <meso_intensity>1</meso_intensity>
    </nowcast-parameters>
  </event>
</nowcast-data>
