<?xml version="1.0" encoding="UTF-8"?>
<nowcast-data>
  <radar-stations>ASB,BOO,ROS,HNR,UMD,PRO,ESS,FLD,DRS,NEU,NHB,OFT,EIS,TUR,ISN,FBG,MEM</radar-stations>
  <event ID="7">
    <time time-coordinate="UTC">2021-07-08T14:45:00</time>
    <location>
      <area>
        <ellipse>
          <moving-point>
            <latitude>54.281467</latitude>
            <longitude>10.166301</longitude>
            <polar_motion>
              <speed units="km/h">0.0</speed>
            </polar_motion>
          </moving-point>
          <major_axis units="km">5.71</major_axis>
          <minor_axis units="km">5.71</minor_axis>
          <orientation units="degrees true">0</orientation>
        </ellipse>
      </area>
    </location>
    <nowcast-parameters>
      <mesocyclone_shear_mean units="m/s/km">6.256252</mesocyclone_shear_mean>
      <mesocyclone_shear_max units="m/s/km">32.715694</mesocyclone_shear_max>
      <mesocyclone_momentum_mean units="m/s/km">52.346385</mesocyclone_momentum_mean>
      <mesocyclone_momentum_max units="m/s/km">163.041004</mesocyclone_momentum_max>
      <mesocyclone_diameter units="km">5.711653</mesocyclone_diameter>
      <mesocyclone_diameter_equivalent units="km">3.315271</mesocyclone_diameter_equivalent>
      <mesocyclone_top units="km">7.582363</mesocyclone_top>
      <mesocyclone_base units="km">0.895743</mesocyclone_base>
      <mesocyclone_echotop units="km">8.703242</mesocyclone_echotop>
      <mesocyclone_vil units="kg/m*m">35.049601</mesocyclone_vil>
      <mesocyclone_shear_vectors>10</mesocyclone_shear_vectors>
      <mesocyclone_shear_features>5</mesocyclone_shear_features>
      <elevations>
        <elevation site="boo" units="&#176;">4.5,5.5,8.0,12.0</elevation>
        <elevation site="ros" units="&#176;">0.5</elevation>
      </elevations>
      <mean_dbz units="DBZ">44.53</mean_dbz>
      <max_dbz units="DBZ">59.41</max_dbz>
      <mesocyclone_velocity_max units="m/s">30.370998</mesocyclone_velocity_max>
      <mesocyclone_velocity_rotational_max units="m/s">36.517118</mesocyclone_velocity_rotational_max>
      <mesocyclone_velocity_rotational_mean units="m/s">8.574460</mesocyclone_velocity_rotational_mean>
      <mesocyclone_velocity_rotational_max_closest_to_ground units="m/s">15.878615</mesocyclone_velocity_rotational_max_closest_to_ground>
      <meso_intensity>2</meso_intensity>
    </nowcast-parameters>
  </event>
  <event ID="37">
    <time time-coordinate="UTC">2021-07-08T14:45:00</time>
    <location>
      <area>
        <ellipse>
          <moving-point>
            <latitude>49.536018</latitude>
            <longitude>12.684773</longitude>
            <polar_motion>
              <speed units="km/h">0.0</speed>
            </polar_motion>
          </moving-point>
          <major_axis units="km">16.83</major_axis>
          <minor_axis units="km">16.83</minor_axis>
          <orientation units="degrees true">0</orientation>
        </ellipse>
      </area>
    </location>
    <nowcast-parameters>
      <mesocyclone_shear_mean units="m/s/km">3.533237</mesocyclone_shear_mean>
      <mesocyclone_shear_max units="m/s/km">8.344603</mesocyclone_shear_max>
      <mesocyclone_momentum_mean units="m/s/km">279.836383</mesocyclone_momentum_mean>
      <mesocyclone_momentum_max units="m/s/km">1767.081795</mesocyclone_momentum_max>
      <mesocyclone_diameter units="km">16.827775</mesocyclone_diameter>
      <mesocyclone_diameter_equivalent units="km">6.216725</mesocyclone_diameter_equivalent>
      <mesocyclone_top units="km">7.085165</mesocyclone_top>
      <mesocyclone_base units="km">1.690956</mesocyclone_base>
      <mesocyclone_echotop units="km">8.623855</mesocyclone_echotop>
      <mesocyclone_vil units="kg/m*m">6.357010</mesocyclone_vil>
      <mesocyclone_shear_vectors>12</mesocyclone_shear_vectors>
      <mesocyclone_shear_features>2</mesocyclone_shear_features>
      <elevations>
        <elevation site="neu" units="&#176;">0.5,1.5</elevation>
      </elevations>
      <mean_dbz units="DBZ">31.44</mean_dbz>
      <max_dbz units="DBZ">49.84</max_dbz>
      <mesocyclone_velocity_max units="m/s">30.451992</mesocyclone_velocity_max>
      <mesocyclone_velocity_rotational_max units="m/s">32.852769</mesocyclone_velocity_rotational_max>
      <mesocyclone_velocity_rotational_mean units="m/s">12.790116</mesocyclone_velocity_rotational_mean>
      <mesocyclone_velocity_rotational_max_closest_to_ground units="m/s">9.350405</mesocyclone_velocity_rotational_max_closest_to_ground>
      <meso_intensity>3</meso_intensity>
    </nowcast-parameters>
  </event>
  <event ID="63">
    <time time-coordinate="UTC">2021-07-08T14:45:00</time>
    <location>
      <area>
        <ellipse>
          <moving-point>
            <latitude>49.295623</latitude>
            <longitude>13.004045</longitude>
            <polar_motion>
              <speed units="km/h">0.0</speed>
            </polar_motion>
          </moving-point>
          <major_axis units="km">15.00</major_axis>
          <minor_axis units="km">15.00</minor_axis>
          <orientation units="degrees true">0</orientation>
        </ellipse>
      </area>
    </location>
    <nowcast-parameters>
      <mesocyclone_shear_mean units="m/s/km">3.825091</mesocyclone_shear_mean>
      <mesocyclone_shear_max units="m/s/km">8.299470</mesocyclone_shear_max>
      <mesocyclone_momentum_mean units="m/s/km">91.512720</mesocyclone_momentum_mean>
      <mesocyclone_momentum_max units="m/s/km">319.852018</mesocyclone_momentum_max>
      <mesocyclone_diameter units="km">15.000000</mesocyclone_diameter>
      <mesocyclone_diameter_equivalent units="km">7.816416</mesocyclone_diameter_equivalent>
      <mesocyclone_top units="km">8.085721</mesocyclone_top>
      <mesocyclone_base units="km">1.202190</mesocyclone_base>
      <mesocyclone_echotop units="km">10.581893</mesocyclone_echotop>
      <mesocyclone_vil units="kg/m*m">22.966589</mesocyclone_vil>
      <mesocyclone_shear_vectors>42</mesocyclone_shear_vectors>
      <mesocyclone_shear_features>8</mesocyclone_shear_features>
      <elevations>
        <elevation site="eis" units="&#176;">2.5,3.5,4.5,5.5,8.0</elevation>
        <elevation site="isn" units="&#176;">0.5,1.5,2.5</elevation>
      </elevations>
      <mean_dbz units="DBZ">41.88</mean_dbz>
      <max_dbz units="DBZ">54.89</max_dbz>
      <mesocyclone_velocity_max units="m/s">31.462849</mesocyclone_velocity_max>
      <mesocyclone_velocity_rotational_max units="m/s">12.980137</mesocyclone_velocity_rotational_max>
      <mesocyclone_velocity_rotational_mean units="m/s">8.273806</mesocyclone_velocity_rotational_mean>
      <mesocyclone_velocity_rotational_max_closest_to_ground units="m/s">12.509325</mesocyclone_velocity_rotational_max_closest_to_ground>
      <meso_intensity>2</meso_intensity>
    </nowcast-parameters>
  </event>
  <event ID="59">
    <time time-coordinate="UTC">2021-07-08T14:45:00</time>
    <location>
      <area>
        <ellipse>
          <moving-point>
            <latitude>48.553062</latitude>
            <longitude>13.205062</longitude>
            <polar_motion>
              <speed units="km/h">0.0</speed>
            </polar_motion>
          </moving-point>
          <major_axis units="km">7.15</major_axis>
          <minor_axis units="km">7.15</minor_axis>
          <orientation units="degrees true">0</orientation>
        </ellipse>
      </area>
    </location>
    <nowcast-parameters>
      <mesocyclone_shear_mean units="m/s/km">4.279150</mesocyclone_shear_mean>
      <mesocyclone_shear_max units="m/s/km">12.476981</mesocyclone_shear_max>
      <mesocyclone_momentum_mean units="m/s/km">97.939496</mesocyclone_momentum_mean>
      <mesocyclone_momentum_max units="m/s/km">185.107808</mesocyclone_momentum_max>
      <mesocyclone_diameter units="km">7.150097</mesocyclone_diameter>
      <mesocyclone_diameter_equivalent units="km">4.147009</mesocyclone_diameter_equivalent>
      <mesocyclone_top units="km">5.688657</mesocyclone_top>
      <mesocyclone_base units="km">3.492695</mesocyclone_base>
      <mesocyclone_echotop units="km">9.700751</mesocyclone_echotop>
      <mesocyclone_vil units="kg/m*m">10.658591</mesocyclone_vil>
      <mesocyclone_shear_vectors>9</mesocyclone_shear_vectors>
      <mesocyclone_shear_features>2</mesocyclone_shear_features>
      <elevations>
        <elevation site="eis" units="&#176;">1.5</elevation>
        <elevation site="isn" units="&#176;">2.5</elevation>
      </elevations>
      <mean_dbz units="DBZ">36.50</mean_dbz>
      <max_dbz units="DBZ">50.99</max_dbz>
      <mesocyclone_velocity_max units="m/s">28.354670</mesocyclone_velocity_max>
      <mesocyclone_velocity_rotational_max units="m/s">14.025605</mesocyclone_velocity_rotational_max>
      <mesocyclone_velocity_rotational_mean units="m/s">8.809770</mesocyclone_velocity_rotational_mean>
      <mesocyclone_velocity_rotational_max_closest_to_ground units="m/s">12.728095</mesocyclone_velocity_rotational_max_closest_to_ground>
      <meso_intensity>2</meso_intensity>
    </nowcast-parameters>
  </event>
  <event ID="54">
    <time time-coordinate="UTC">2021-07-08T14:45:00</time>
    <location>
      <area>
        <ellipse>
          <moving-point>
            <latitude>48.188807</latitude>
            <longitude>13.689381</longitude>
            <polar_motion>
              <speed units="km/h">0.0</speed>
            </polar_motion>
          </moving-point>
          <major_axis units="km">9.12</major_axis>
          <minor_axis units="km">9.12</minor_axis>
          <orientation units="degrees true">0</orientation>
        </ellipse>
      </area>
    </location>
    <nowcast-parameters>
      <mesocyclone_shear_mean units="m/s/km">5.401015</mesocyclone_shear_mean>
      <mesocyclone_shear_max units="m/s/km">10.417092</mesocyclone_shear_max>
      <mesocyclone_momentum_mean units="m/s/km">106.019239</mesocyclone_momentum_mean>
      <mesocyclone_momentum_max units="m/s/km">756.922949</mesocyclone_momentum_max>
      <mesocyclone_diameter units="km">9.120514</mesocyclone_diameter>
      <mesocyclone_diameter_equivalent units="km">4.534887</mesocyclone_diameter_equivalent>
      <mesocyclone_top units="km">10.988279</mesocyclone_top>
      <mesocyclone_base units="km">2.232786</mesocyclone_base>
      <mesocyclone_echotop units="km">10.186653</mesocyclone_echotop>
      <mesocyclone_vil units="kg/m*m">12.703587</mesocyclone_vil>
      <mesocyclone_shear_vectors>15</mesocyclone_shear_vectors>
      <mesocyclone_shear_features>5</mesocyclone_shear_features>
      <elevations>
        <elevation site="eis" units="&#176;">0.5</elevation>
        <elevation site="isn" units="&#176;">1.5,2.5,3.5,4.5</elevation>
      </elevations>
      <mean_dbz units="DBZ">41.98</mean_dbz>
      <max_dbz units="DBZ">54.40</max_dbz>
      <mesocyclone_velocity_max units="m/s">30.875080</mesocyclone_velocity_max>
      <mesocyclone_velocity_rotational_max units="m/s">37.275258</mesocyclone_velocity_rotational_max>
      <mesocyclone_velocity_rotational_mean units="m/s">10.491907</mesocyclone_velocity_rotational_mean>
      <mesocyclone_velocity_rotational_max_closest_to_ground units="m/s">14.996470</mesocyclone_velocity_rotational_max_closest_to_ground>
      <meso_intensity>2</meso_intensity>
    </nowcast-parameters>
  </event>
  <event ID="98">
    <time time-coordinate="UTC">2021-07-08T14:45:00</time>
    <location>
      <area>
        <ellipse>
          <moving-point>
            <latitude>47.448925</latitude>
            <longitude>11.417577</longitude>
            <polar_motion>
              <speed units="km/h">0.0</speed>
            </polar_motion>
          </moving-point>
          <major_axis units="km">25.75</major_axis>
          <minor_axis units="km">25.75</minor_axis>
          <orientation units="degrees true">0</orientation>
        </ellipse>
      </area>
    </location>
    <nowcast-parameters>
      <mesocyclone_shear_mean units="m/s/km">2.682758</mesocyclone_shear_mean>
      <mesocyclone_shear_max units="m/s/km">12.812511</mesocyclone_shear_max>
      <mesocyclone_momentum_mean units="m/s/km">146.899578</mesocyclone_momentum_mean>
      <mesocyclone_momentum_max units="m/s/km">435.980628</mesocyclone_momentum_max>
      <mesocyclone_diameter units="km">25.750000</mesocyclone_diameter>
      <mesocyclone_diameter_equivalent units="km">13.951368</mesocyclone_diameter_equivalent>
      <mesocyclone_top units="km">8.975828</mesocyclone_top>
      <mesocyclone_base units="km">2.671960</mesocyclone_base>
      <mesocyclone_echotop units="km">8.126704</mesocyclone_echotop>
      <mesocyclone_vil units="kg/m*m">22.662069</mesocyclone_vil>
      <mesocyclone_shear_vectors>75</mesocyclone_shear_vectors>
      <mesocyclone_shear_features>3</mesocyclone_shear_features>
      <elevations>
        <elevation site="isn" units="&#176;">2.5,4.5,5.5</elevation>
      </elevations>
      <mean_dbz units="DBZ">38.15</mean_dbz>
      <max_dbz units="DBZ">56.65</max_dbz>
      <mesocyclone_velocity_max units="m/s">31.968271</mesocyclone_velocity_max>
      <mesocyclone_velocity_rotational_max units="m/s">13.267463</mesocyclone_velocity_rotational_max>
      <mesocyclone_velocity_rotational_mean units="m/s">9.027221</mesocyclone_velocity_rotational_mean>
      <mesocyclone_velocity_rotational_max_closest_to_ground units="m/s">12.003897</mesocyclone_velocity_rotational_max_closest_to_ground>
      <meso_intensity>3</meso_intensity>
    </nowcast-parameters>
  </event>
  <event ID="68">
    <time time-coordinate="UTC">2021-07-08T14:45:00</time>
    <location>
      <area>
        <ellipse>
          <moving-point>
            <latitude>47.434206</latitude>
            <longitude>8.633217</longitude>
            <polar_motion>
              <speed units="km/h">0.0</speed>
            </polar_motion>
          </moving-point>
          <major_axis units="km">11.50</major_axis>
          <minor_axis units="km">11.50</minor_axis>
          <orientation units="degrees true">0</orientation>
        </ellipse>
      </area>
    </location>
    <nowcast-parameters>
      <mesocyclone_shear_mean units="m/s/km">4.835934</mesocyclone_shear_mean>
      <mesocyclone_shear_max units="m/s/km">9.906412</mesocyclone_shear_max>
      <mesocyclone_momentum_mean units="m/s/km">78.785522</mesocyclone_momentum_mean>
      <mesocyclone_momentum_max units="m/s/km">416.978746</mesocyclone_momentum_max>
      <mesocyclone_diameter units="km">11.500000</mesocyclone_diameter>
      <mesocyclone_diameter_equivalent units="km">6.161503</mesocyclone_diameter_equivalent>
      <mesocyclone_top units="km">7.062985</mesocyclone_top>
      <mesocyclone_base units="km">3.825754</mesocyclone_base>
      <mesocyclone_echotop units="km">7.290329</mesocyclone_echotop>
      <mesocyclone_vil units="kg/m*m">10.076729</mesocyclone_vil>
      <mesocyclone_shear_vectors>26</mesocyclone_shear_vectors>
      <mesocyclone_shear_features>2</mesocyclone_shear_features>
      <elevations>
        <elevation site="tur" units="&#176;">1.5</elevation>
        <elevation site="mem" units="&#176;">1.5</elevation>
      </elevations>
      <mean_dbz units="DBZ">42.43</mean_dbz>
      <max_dbz units="DBZ">59.71</max_dbz>
      <mesocyclone_velocity_max units="m/s">31.603304</mesocyclone_velocity_max>
      <mesocyclone_velocity_rotational_max units="m/s">19.291977</mesocyclone_velocity_rotational_max>
      <mesocyclone_velocity_rotational_mean units="m/s">8.423582</mesocyclone_velocity_rotational_mean>
      <mesocyclone_velocity_rotational_max_closest_to_ground units="m/s">11.614503</mesocyclone_velocity_rotational_max_closest_to_ground>
      <meso_intensity>3</meso_intensity>
    </nowcast-parameters>
  </event>
  <event ID="73">
    <time time-coordinate="UTC">2021-07-08T14:45:00</time>
    <location>
      <area>
        <ellipse>
          <moving-point>
            <latitude>47.323480</latitude>
            <longitude>8.548534</longitude>
            <polar_motion>
              <speed units="km/h">0.0</speed>
            </polar_motion>
          </moving-point>
          <major_axis units="km">6.32</major_axis>
          <minor_axis units="km">6.32</minor_axis>
          <orientation units="degrees true">0</orientation>
        </ellipse>
      </area>
    </location>
    <nowcast-parameters>
      <mesocyclone_shear_mean units="m/s/km">5.865609</mesocyclone_shear_mean>
      <mesocyclone_shear_max units="m/s/km">11.527234</mesocyclone_shear_max>
      <mesocyclone_momentum_mean units="m/s/km">106.894591</mesocyclone_momentum_mean>
      <mesocyclone_momentum_max units="m/s/km">146.617438</mesocyclone_momentum_max>
      <mesocyclone_diameter units="km">6.318643</mesocyclone_diameter>
      <mesocyclone_diameter_equivalent units="km">3.377378</mesocyclone_diameter_equivalent>
      <mesocyclone_top units="km">9.313272</mesocyclone_top>
      <mesocyclone_base units="km">4.944801</mesocyclone_base>
      <mesocyclone_echotop units="km">8.132709</mesocyclone_echotop>
      <mesocyclone_vil units="kg/m*m">8.019847</mesocyclone_vil>
      <mesocyclone_shear_vectors>9</mesocyclone_shear_vectors>
      <mesocyclone_shear_features>2</mesocyclone_shear_features>
      <elevations>
        <elevation site="tur" units="&#176;">1.5</elevation>
        <elevation site="mem" units="&#176;">2.5</elevation>
      </elevations>
      <mean_dbz units="DBZ">40.51</mean_dbz>
      <max_dbz units="DBZ">55.13</max_dbz>
      <mesocyclone_velocity_max units="m/s">30.587938</mesocyclone_velocity_max>
      <mesocyclone_velocity_rotational_max units="m/s">14.896862</mesocyclone_velocity_rotational_max>
      <mesocyclone_velocity_rotational_mean units="m/s">11.659770</mesocyclone_velocity_rotational_mean>
      <mesocyclone_velocity_rotational_max_closest_to_ground units="m/s">11.422880</mesocyclone_velocity_rotational_max_closest_to_ground>
      <meso_intensity>2</meso_intensity>
    </nowcast-parameters>
  </event>
  <event ID="91">
    <time time-coordinate="UTC">2021-07-08T14:45:00</time>
    <location>
      <area>
        <ellipse>
          <moving-point>
            <latitude>47.105145</latitude>
            <longitude>11.289089</longitude>
            <polar_motion>
              <speed units="km/h">0.0</speed>
            </polar_motion>
          </moving-point>
          <major_axis units="km">18.25</major_axis>
          <minor_axis units="km">18.25</minor_axis>
          <orientation units="degrees true">0</orientation>
        </ellipse>
      </area>
    </location>
    <nowcast-parameters>
      <mesocyclone_shear_mean units="m/s/km">4.031600</mesocyclone_shear_mean>
      <mesocyclone_shear_max units="m/s/km">10.270003</mesocyclone_shear_max>
      <mesocyclone_momentum_mean units="m/s/km">166.940748</mesocyclone_momentum_mean>
      <mesocyclone_momentum_max units="m/s/km">781.646012</mesocyclone_momentum_max>
      <mesocyclone_diameter units="km">18.250000</mesocyclone_diameter>
      <mesocyclone_diameter_equivalent units="km">9.222785</mesocyclone_diameter_equivalent>
      <mesocyclone_top units="km">8.839721</mesocyclone_top>
      <mesocyclone_base units="km">1.890175</mesocyclone_base>
      <mesocyclone_echotop units="km">8.174785</mesocyclone_echotop>
      <mesocyclone_vil units="kg/m*m">10.996853</mesocyclone_vil>
      <mesocyclone_shear_vectors>34</mesocyclone_shear_vectors>
      <mesocyclone_shear_features>3</mesocyclone_shear_features>
      <elevations>
        <elevation site="isn" units="&#176;">1.5,3.5</elevation>
        <elevation site="mem" units="&#176;">1.5</elevation>
      </elevations>
      <mean_dbz units="DBZ">34.92</mean_dbz>
      <max_dbz units="DBZ">51.56</max_dbz>
      <mesocyclone_velocity_max units="m/s">31.462845</mesocyclone_velocity_max>
      <mesocyclone_velocity_rotational_max units="m/s">32.823593</mesocyclone_velocity_rotational_max>
      <mesocyclone_velocity_rotational_mean units="m/s">10.940296</mesocyclone_velocity_rotational_mean>
      <mesocyclone_velocity_rotational_max_closest_to_ground units="m/s">32.823593</mesocyclone_velocity_rotational_max_closest_to_ground>
      <meso_intensity>4</meso_intensity>
    </nowcast-parameters>
  </event>
  <event ID="123">
    <time time-coordinate="UTC">2021-07-08T14:45:00</time>
    <location>
      <area>
        <ellipse>
          <moving-point>
            <latitude>46.567796</latitude>
            <longitude>9.615582</longitude>
            <polar_motion>
              <speed units="km/h">0.0</speed>
            </polar_motion>
          </moving-point>
          <major_axis units="km">7.42</major_axis>
          <minor_axis units="km">7.42</minor_axis>
          <orientation units="degrees true">0</orientation>
        </ellipse>
      </area>
    </location>
    <nowcast-parameters>
      <mesocyclone_shear_mean units="m/s/km">4.258262</mesocyclone_shear_mean>
      <mesocyclone_shear_max units="m/s/km">6.890314</mesocyclone_shear_max>
      <mesocyclone_momentum_mean units="m/s/km">66.167494</mesocyclone_momentum_mean>
      <mesocyclone_momentum_max units="m/s/km">175.361226</mesocyclone_momentum_max>
      <mesocyclone_diameter units="km">7.416589</mesocyclone_diameter>
      <mesocyclone_diameter_equivalent units="km">3.658501</mesocyclone_diameter_equivalent>
      <mesocyclone_top units="km">6.346305</mesocyclone_top>
      <mesocyclone_base units="km">0.795676</mesocyclone_base>
      <mesocyclone_echotop units="km">7.871008</mesocyclone_echotop>
      <mesocyclone_vil units="kg/m*m">4.949317</mesocyclone_vil>
      <mesocyclone_shear_vectors>12</mesocyclone_shear_vectors>
      <mesocyclone_shear_features>2</mesocyclone_shear_features>
      <elevations>
        <elevation site="mem" units="&#176;">0.5,1.5</elevation>
      </elevations>
      <mean_dbz units="DBZ">33.68</mean_dbz>
      <max_dbz units="DBZ">44.47</max_dbz>
      <mesocyclone_velocity_max units="m/s">30.929924</mesocyclone_velocity_max>
      <mesocyclone_velocity_rotational_max units="m/s">12.876948</mesocyclone_velocity_rotational_max>
      <mesocyclone_velocity_rotational_mean units="m/s">7.548097</mesocyclone_velocity_rotational_mean>
      <mesocyclone_velocity_rotational_max_closest_to_ground units="m/s">12.876948</mesocyclone_velocity_rotational_max_closest_to_ground>
      <meso_intensity>2</meso_intensity>
    </nowcast-parameters>
  </event>
</nowcast-data>
