<?xml version="1.0" encoding="UTF-8"?>
<nowcast-data>
  <radar-stations>ASB,BOO,ROS,HNR,UMD,PRO,ESS,FLD,DRS,NEU,NHB,OFT,EIS,TUR,ISN,FBG,MEM</radar-stations>
  <event ID="37">
    <time time-coordinate="UTC">2021-07-08T14:05:00</time>
    <location>
      <area>
        <ellipse>
          <moving-point>
            <latitude>50.099207</latitude>
            <longitude>13.303018</longitude>
            <polar_motion>
              <speed units="km/h">0.0</speed>
            </polar_motion>
          </moving-point>
          <major_axis units="km">8.41</major_axis>
          <minor_axis units="km">8.41</minor_axis>
          <orientation units="degrees true">0</orientation>
        </ellipse>
      </area>
    </location>
    <nowcast-parameters>
      <mesocyclone_shear_mean units="m/s/km">5.300766</mesocyclone_shear_mean>
      <mesocyclone_shear_max units="m/s/km">11.510351</mesocyclone_shear_max>
      <mesocyclone_momentum_mean units="m/s/km">91.244419</mesocyclone_momentum_mean>
      <mesocyclone_momentum_max units="m/s/km">190.558209</mesocyclone_momentum_max>
      <mesocyclone_diameter units="km">8.413829</mesocyclone_diameter>
      <mesocyclone_diameter_equivalent units="km">5.095260</mesocyclone_diameter_equivalent>
      <mesocyclone_top units="km">6.749524</mesocyclone_top>
      <mesocyclone_base units="km">3.810308</mesocyclone_base>
      <mesocyclone_echotop units="km">8.850140</mesocyclone_echotop>
      <mesocyclone_vil units="kg/m*m">13.875554</mesocyclone_vil>
      <mesocyclone_shear_vectors>19</mesocyclone_shear_vectors>
      <mesocyclone_shear_features>2</mesocyclone_shear_features>
      <elevations>
        <elevation site="drs" units="&#176;">2.5</elevation>
        <elevation site="eis" units="&#176;">2.5</elevation>
      </elevations>
      <mean_dbz units="DBZ">39.72</mean_dbz>
      <max_dbz units="DBZ">56.37</max_dbz>
      <mesocyclone_velocity_max units="m/s">31.883247</mesocyclone_velocity_max>
      <mesocyclone_velocity_rotational_max units="m/s">11.971972</mesocyclone_velocity_rotational_max>
      <mesocyclone_velocity_rotational_mean units="m/s">9.194847</mesocyclone_velocity_rotational_mean>
      <mesocyclone_velocity_rotational_max_closest_to_ground units="m/s">7.687265</mesocyclone_velocity_rotational_max_closest_to_ground>
      <meso_intensity>2</meso_intensity>
    </nowcast-parameters>
  </event>
  <event ID="29">
    <time time-coordinate="UTC">2021-07-08T14:05:00</time>
    <location>
      <area>
        <ellipse>
          <moving-point>
            <latitude>49.908606</latitude>
            <longitude>13.296101</longitude>
            <polar_motion>
              <speed units="km/h">0.0</speed>
            </polar_motion>
          </moving-point>
          <major_axis units="km">17.00</major_axis>
          <minor_axis units="km">17.00</minor_axis>
          <orientation units="degrees true">0</orientation>
        </ellipse>
      </area>
    </location>
    <nowcast-parameters>
      <mesocyclone_shear_mean units="m/s/km">4.339183</mesocyclone_shear_mean>
      <mesocyclone_shear_max units="m/s/km">20.504879</mesocyclone_shear_max>
      <mesocyclone_momentum_mean units="m/s/km">154.253484</mesocyclone_momentum_mean>
      <mesocyclone_momentum_max units="m/s/km">1331.538998</mesocyclone_momentum_max>
      <mesocyclone_diameter units="km">17.000000</mesocyclone_diameter>
      <mesocyclone_diameter_equivalent units="km">7.655865</mesocyclone_diameter_equivalent>
      <mesocyclone_top units="km">7.949813</mesocyclone_top>
      <mesocyclone_base units="km">0.632174</mesocyclone_base>
      <mesocyclone_echotop units="km">9.288603</mesocyclone_echotop>
      <mesocyclone_vil units="kg/m*m">5.990518</mesocyclone_vil>
      <mesocyclone_shear_vectors>28</mesocyclone_shear_vectors>
      <mesocyclone_shear_features>6</mesocyclone_shear_features>
      <elevations>
        <elevation site="drs" units="&#176;">0.5,2.5</elevation>
        <elevation site="eis" units="&#176;">0.5,2.5,3.5,4.5</elevation>
      </elevations>
      <mean_dbz units="DBZ">32.75</mean_dbz>
      <max_dbz units="DBZ">48.65</max_dbz>
      <mesocyclone_velocity_max units="m/s">31.631208</mesocyclone_velocity_max>
      <mesocyclone_velocity_rotational_max units="m/s">37.932246</mesocyclone_velocity_rotational_max>
      <mesocyclone_velocity_rotational_mean units="m/s">11.025049</mesocyclone_velocity_rotational_mean>
      <mesocyclone_velocity_rotational_max_closest_to_ground units="m/s">9.577577</mesocyclone_velocity_rotational_max_closest_to_ground>
      <meso_intensity>4</meso_intensity>
    </nowcast-parameters>
  </event>
  <event ID="66">
    <time time-coordinate="UTC">2021-07-08T14:05:00</time>
    <location>
      <area>
        <ellipse>
          <moving-point>
            <latitude>49.025251</latitude>
            <longitude>12.692162</longitude>
            <polar_motion>
              <speed units="km/h">0.0</speed>
            </polar_motion>
          </moving-point>
          <major_axis units="km">17.25</major_axis>
          <minor_axis units="km">17.25</minor_axis>
          <orientation units="degrees true">0</orientation>
        </ellipse>
      </area>
    </location>
    <nowcast-parameters>
      <mesocyclone_shear_mean units="m/s/km">3.484282</mesocyclone_shear_mean>
      <mesocyclone_shear_max units="m/s/km">17.247020</mesocyclone_shear_max>
      <mesocyclone_momentum_mean units="m/s/km">101.718805</mesocyclone_momentum_mean>
      <mesocyclone_momentum_max units="m/s/km">306.804899</mesocyclone_momentum_max>
      <mesocyclone_diameter units="km">17.250000</mesocyclone_diameter>
      <mesocyclone_diameter_equivalent units="km">6.931185</mesocyclone_diameter_equivalent>
      <mesocyclone_top units="km">6.873376</mesocyclone_top>
      <mesocyclone_base units="km">2.435059</mesocyclone_base>
      <mesocyclone_echotop units="km">8.909945</mesocyclone_echotop>
      <mesocyclone_vil units="kg/m*m">9.981864</mesocyclone_vil>
      <mesocyclone_shear_vectors>25</mesocyclone_shear_vectors>
      <mesocyclone_shear_features>6</mesocyclone_shear_features>
      <elevations>
        <elevation site="eis" units="&#176;">2.5,3.5,4.5,5.5</elevation>
        <elevation site="isn" units="&#176;">1.5,2.5</elevation>
      </elevations>
      <mean_dbz units="DBZ">33.80</mean_dbz>
      <max_dbz units="DBZ">51.14</max_dbz>
      <mesocyclone_velocity_max units="m/s">31.210133</mesocyclone_velocity_max>
      <mesocyclone_velocity_rotational_max units="m/s">30.199276</mesocyclone_velocity_rotational_max>
      <mesocyclone_velocity_rotational_mean units="m/s">8.331395</mesocyclone_velocity_rotational_mean>
      <mesocyclone_velocity_rotational_max_closest_to_ground units="m/s">8.821453</mesocyclone_velocity_rotational_max_closest_to_ground>
      <meso_intensity>3</meso_intensity>
    </nowcast-parameters>
  </event>
  <event ID="67">
    <time time-coordinate="UTC">2021-07-08T14:05:00</time>
    <location>
      <area>
        <ellipse>
          <moving-point>
            <latitude>48.890541</latitude>
            <longitude>12.591710</longitude>
            <polar_motion>
              <speed units="km/h">0.0</speed>
            </polar_motion>
          </moving-point>
          <major_axis units="km">14.50</major_axis>
          <minor_axis units="km">14.50</minor_axis>
          <orientation units="degrees true">0</orientation>
        </ellipse>
      </area>
    </location>
    <nowcast-parameters>
      <mesocyclone_shear_mean units="m/s/km">3.254048</mesocyclone_shear_mean>
      <mesocyclone_shear_max units="m/s/km">10.784926</mesocyclone_shear_max>
      <mesocyclone_momentum_mean units="m/s/km">111.991495</mesocyclone_momentum_mean>
      <mesocyclone_momentum_max units="m/s/km">752.491712</mesocyclone_momentum_max>
      <mesocyclone_diameter units="km">14.500000</mesocyclone_diameter>
      <mesocyclone_diameter_equivalent units="km">7.802851</mesocyclone_diameter_equivalent>
      <mesocyclone_top units="km">7.109898</mesocyclone_top>
      <mesocyclone_base units="km">3.330480</mesocyclone_base>
      <mesocyclone_echotop units="km">8.195448</mesocyclone_echotop>
      <mesocyclone_vil units="kg/m*m">13.691967</mesocyclone_vil>
      <mesocyclone_shear_vectors>32</mesocyclone_shear_vectors>
      <mesocyclone_shear_features>5</mesocyclone_shear_features>
      <elevations>
        <elevation site="eis" units="&#176;">2.5,3.5,4.5</elevation>
        <elevation site="isn" units="&#176;">2.5,3.5</elevation>
      </elevations>
      <mean_dbz units="DBZ">40.94</mean_dbz>
      <max_dbz units="DBZ">57.72</max_dbz>
      <mesocyclone_velocity_max units="m/s">28.177570</mesocyclone_velocity_max>
      <mesocyclone_velocity_rotational_max units="m/s">39.802393</mesocyclone_velocity_rotational_max>
      <mesocyclone_velocity_rotational_mean units="m/s">8.628590</mesocyclone_velocity_rotational_mean>
      <mesocyclone_velocity_rotational_max_closest_to_ground units="m/s">18.399030</mesocyclone_velocity_rotational_max_closest_to_ground>
      <meso_intensity>3</meso_intensity>
    </nowcast-parameters>
  </event>
  <event ID="82">
    <time time-coordinate="UTC">2021-07-08T14:05:00</time>
    <location>
      <area>
        <ellipse>
          <moving-point>
            <latitude>48.410090</latitude>
            <longitude>9.207370</longitude>
            <polar_motion>
              <speed units="km/h">0.0</speed>
            </polar_motion>
          </moving-point>
          <major_axis units="km">5.84</major_axis>
          <minor_axis units="km">5.84</minor_axis>
          <orientation units="degrees true">0</orientation>
        </ellipse>
      </area>
    </location>
    <nowcast-parameters>
      <mesocyclone_shear_mean units="m/s/km">5.706124</mesocyclone_shear_mean>
      <mesocyclone_shear_max units="m/s/km">12.169542</mesocyclone_shear_max>
      <mesocyclone_momentum_mean units="m/s/km">80.440985</mesocyclone_momentum_mean>
      <mesocyclone_momentum_max units="m/s/km">178.317359</mesocyclone_momentum_max>
      <mesocyclone_diameter units="km">5.842378</mesocyclone_diameter>
      <mesocyclone_diameter_equivalent units="km">4.316877</mesocyclone_diameter_equivalent>
      <mesocyclone_top units="km">5.247815</mesocyclone_top>
      <mesocyclone_base units="km">3.344844</mesocyclone_base>
      <mesocyclone_echotop units="km">4.605685</mesocyclone_echotop>
      <mesocyclone_vil units="kg/m*m">7.181355</mesocyclone_vil>
      <mesocyclone_shear_vectors>13</mesocyclone_shear_vectors>
      <mesocyclone_shear_features>2</mesocyclone_shear_features>
      <elevations>
        <elevation site="tur" units="&#176;">5.5</elevation>
        <elevation site="fbg" units="&#176;">1.5</elevation>
      </elevations>
      <mean_dbz units="DBZ">34.92</mean_dbz>
      <max_dbz units="DBZ">51.03</max_dbz>
      <mesocyclone_velocity_max units="m/s">28.204647</mesocyclone_velocity_max>
      <mesocyclone_velocity_rotational_max units="m/s">16.626637</mesocyclone_velocity_rotational_max>
      <mesocyclone_velocity_rotational_mean units="m/s">9.640661</mesocyclone_velocity_rotational_mean>
      <mesocyclone_velocity_rotational_max_closest_to_ground units="m/s">13.162169</mesocyclone_velocity_rotational_max_closest_to_ground>
      <meso_intensity>1</meso_intensity>
    </nowcast-parameters>
  </event>
  <event ID="69">
    <time time-coordinate="UTC">2021-07-08T14:05:00</time>
    <location>
      <area>
        <ellipse>
          <moving-point>
            <latitude>48.229957</latitude>
            <longitude>12.703131</longitude>
            <polar_motion>
              <speed units="km/h">0.0</speed>
            </polar_motion>
          </moving-point>
          <major_axis units="km">10.00</major_axis>
          <minor_axis units="km">10.00</minor_axis>
          <orientation units="degrees true">0</orientation>
        </ellipse>
      </area>
    </location>
    <nowcast-parameters>
      <mesocyclone_shear_mean units="m/s/km">3.949530</mesocyclone_shear_mean>
      <mesocyclone_shear_max units="m/s/km">9.994632</mesocyclone_shear_max>
      <mesocyclone_momentum_mean units="m/s/km">105.739290</mesocyclone_momentum_mean>
      <mesocyclone_momentum_max units="m/s/km">518.968539</mesocyclone_momentum_max>
      <mesocyclone_diameter units="km">10.000000</mesocyclone_diameter>
      <mesocyclone_diameter_equivalent units="km">7.761950</mesocyclone_diameter_equivalent>
      <mesocyclone_top units="km">9.380987</mesocyclone_top>
      <mesocyclone_base units="km">2.962007</mesocyclone_base>
      <mesocyclone_echotop units="km">9.608556</mesocyclone_echotop>
      <mesocyclone_vil units="kg/m*m">62.389984</mesocyclone_vil>
      <mesocyclone_shear_vectors>34</mesocyclone_shear_vectors>
      <mesocyclone_shear_features>4</mesocyclone_shear_features>
      <elevations>
        <elevation site="eis" units="&#176;">2.5</elevation>
        <elevation site="isn" units="&#176;">3.5,4.5,5.5</elevation>
      </elevations>
      <mean_dbz units="DBZ">48.70</mean_dbz>
      <max_dbz units="DBZ">67.23</max_dbz>
      <mesocyclone_velocity_max units="m/s">31.379162</mesocyclone_velocity_max>
      <mesocyclone_velocity_rotational_max units="m/s">24.195984</mesocyclone_velocity_rotational_max>
      <mesocyclone_velocity_rotational_mean units="m/s">9.094630</mesocyclone_velocity_rotational_mean>
      <mesocyclone_velocity_rotational_max_closest_to_ground units="m/s">12.762038</mesocyclone_velocity_rotational_max_closest_to_ground>
      <meso_intensity>4</meso_intensity>
    </nowcast-parameters>
  </event>
  <event ID="83">
    <time time-coordinate="UTC">2021-07-08T14:05:00</time>
    <location>
      <area>
        <ellipse>
          <moving-point>
            <latitude>47.816696</latitude>
            <longitude>13.216741</longitude>
            <polar_motion>
              <speed units="km/h">0.0</speed>
            </polar_motion>
          </moving-point>
          <major_axis units="km">6.50</major_axis>
          <minor_axis units="km">6.50</minor_axis>
          <orientation units="degrees true">0</orientation>
        </ellipse>
      </area>
    </location>
    <nowcast-parameters>
      <mesocyclone_shear_mean units="m/s/km">4.380518</mesocyclone_shear_mean>
      <mesocyclone_shear_max units="m/s/km">18.703027</mesocyclone_shear_max>
      <mesocyclone_momentum_mean units="m/s/km">72.573290</mesocyclone_momentum_mean>
      <mesocyclone_momentum_max units="m/s/km">163.495017</mesocyclone_momentum_max>
      <mesocyclone_diameter units="km">6.500000</mesocyclone_diameter>
      <mesocyclone_diameter_equivalent units="km">3.801254</mesocyclone_diameter_equivalent>
      <mesocyclone_top units="km">6.991689</mesocyclone_top>
      <mesocyclone_base units="km">0.487278</mesocyclone_base>
      <mesocyclone_echotop units="km">9.512251</mesocyclone_echotop>
      <mesocyclone_vil units="kg/m*m">5.783072</mesocyclone_vil>
      <mesocyclone_shear_vectors>10</mesocyclone_shear_vectors>
      <mesocyclone_shear_features>2</mesocyclone_shear_features>
      <elevations>
        <elevation site="isn" units="&#176;">0.5,3.5</elevation>
      </elevations>
      <mean_dbz units="DBZ">33.26</mean_dbz>
      <max_dbz units="DBZ">45.02</max_dbz>
      <mesocyclone_velocity_max units="m/s">28.935711</mesocyclone_velocity_max>
      <mesocyclone_velocity_rotational_max units="m/s">14.910102</mesocyclone_velocity_rotational_max>
      <mesocyclone_velocity_rotational_mean units="m/s">8.106787</mesocyclone_velocity_rotational_mean>
      <mesocyclone_velocity_rotational_max_closest_to_ground units="m/s">14.910102</mesocyclone_velocity_rotational_max_closest_to_ground>
      <meso_intensity>2</meso_intensity>
    </nowcast-parameters>
  </event>
  <event ID="110">
    <time time-coordinate="UTC">2021-07-08T14:05:00</time>
    <location>
      <area>
        <ellipse>
          <moving-point>
            <latitude>47.712845</latitude>
            <longitude>11.854399</longitude>
            <polar_motion>
              <speed units="km/h">0.0</speed>
            </polar_motion>
          </moving-point>
          <major_axis units="km">13.50</major_axis>
          <minor_axis units="km">13.50</minor_axis>
          <orientation units="degrees true">0</orientation>
        </ellipse>
      </area>
    </location>
    <nowcast-parameters>
      <mesocyclone_shear_mean units="m/s/km">2.914404</mesocyclone_shear_mean>
      <mesocyclone_shear_max units="m/s/km">5.616016</mesocyclone_shear_max>
      <mesocyclone_momentum_mean units="m/s/km">119.034799</mesocyclone_momentum_mean>
      <mesocyclone_momentum_max units="m/s/km">416.763838</mesocyclone_momentum_max>
      <mesocyclone_diameter units="km">13.500000</mesocyclone_diameter>
      <mesocyclone_diameter_equivalent units="km">9.318457</mesocyclone_diameter_equivalent>
      <mesocyclone_top units="km">7.022550</mesocyclone_top>
      <mesocyclone_base units="km">2.574553</mesocyclone_base>
      <mesocyclone_echotop units="km">8.645030</mesocyclone_echotop>
      <mesocyclone_vil units="kg/m*m">15.427806</mesocyclone_vil>
      <mesocyclone_shear_vectors>35</mesocyclone_shear_vectors>
      <mesocyclone_shear_features>4</mesocyclone_shear_features>
      <elevations>
        <elevation site="isn" units="&#176;">3.5,4.5,5.5,8.0</elevation>
      </elevations>
      <mean_dbz units="DBZ">38.28</mean_dbz>
      <max_dbz units="DBZ">54.79</max_dbz>
      <mesocyclone_velocity_max units="m/s">31.968277</mesocyclone_velocity_max>
      <mesocyclone_velocity_rotational_max units="m/s">16.047313</mesocyclone_velocity_rotational_max>
      <mesocyclone_velocity_rotational_mean units="m/s">8.424196</mesocyclone_velocity_rotational_mean>
      <mesocyclone_velocity_rotational_max_closest_to_ground units="m/s">13.899249</mesocyclone_velocity_rotational_max_closest_to_ground>
      <meso_intensity>3</meso_intensity>
    </nowcast-parameters>
  </event>
  <event ID="84">
    <time time-coordinate="UTC">2021-07-08T14:05:00</time>
    <location>
      <area>
        <ellipse>
          <moving-point>
            <latitude>47.296986</latitude>
            <longitude>10.962559</longitude>
            <polar_motion>
              <speed units="km/h">0.0</speed>
            </polar_motion>
          </moving-point>
          <major_axis units="km">14.75</major_axis>
          <minor_axis units="km">14.75</minor_axis>
          <orientation units="degrees true">0</orientation>
        </ellipse>
      </area>
    </location>
    <nowcast-parameters>
      <mesocyclone_shear_mean units="m/s/km">4.851300</mesocyclone_shear_mean>
      <mesocyclone_shear_max units="m/s/km">9.418979</mesocyclone_shear_max>
      <mesocyclone_momentum_mean units="m/s/km">120.183544</mesocyclone_momentum_mean>
      <mesocyclone_momentum_max units="m/s/km">407.543852</mesocyclone_momentum_max>
      <mesocyclone_diameter units="km">14.750000</mesocyclone_diameter>
      <mesocyclone_diameter_equivalent units="km">6.523340</mesocyclone_diameter_equivalent>
      <mesocyclone_top units="km">7.476014</mesocyclone_top>
      <mesocyclone_base units="km">0.782012</mesocyclone_base>
      <mesocyclone_echotop units="km">6.643940</mesocyclone_echotop>
      <mesocyclone_vil units="kg/m*m">5.068287</mesocyclone_vil>
      <mesocyclone_shear_vectors>25</mesocyclone_shear_vectors>
      <mesocyclone_shear_features>2</mesocyclone_shear_features>
      <elevations>
        <elevation site="isn" units="&#176;">0.5,2.5</elevation>
      </elevations>
      <mean_dbz units="DBZ">32.34</mean_dbz>
      <max_dbz units="DBZ">46.44</max_dbz>
      <mesocyclone_velocity_max units="m/s">31.462849</mesocyclone_velocity_max>
      <mesocyclone_velocity_rotational_max units="m/s">15.668244</mesocyclone_velocity_rotational_max>
      <mesocyclone_velocity_rotational_mean units="m/s">10.131008</mesocyclone_velocity_rotational_mean>
      <mesocyclone_velocity_rotational_max_closest_to_ground units="m/s">15.668244</mesocyclone_velocity_rotational_max_closest_to_ground>
      <meso_intensity>3</meso_intensity>
    </nowcast-parameters>
  </event>
  <event ID="87">
    <time time-coordinate="UTC">2021-07-08T14:05:00</time>
    <location>
      <area>
        <ellipse>
          <moving-point>
            <latitude>47.008130</latitude>
            <longitude>11.153787</longitude>
            <polar_motion>
              <speed units="km/h">0.0</speed>
            </polar_motion>
          </moving-point>
          <major_axis units="km">8.00</major_axis>
          <minor_axis units="km">8.00</minor_axis>
          <orientation units="degrees true">0</orientation>
        </ellipse>
      </area>
    </location>
    <nowcast-parameters>
      <mesocyclone_shear_mean units="m/s/km">5.918282</mesocyclone_shear_mean>
      <mesocyclone_shear_max units="m/s/km">9.190165</mesocyclone_shear_max>
      <mesocyclone_momentum_mean units="m/s/km">73.516615</mesocyclone_momentum_mean>
      <mesocyclone_momentum_max units="m/s/km">181.106266</mesocyclone_momentum_max>
      <mesocyclone_diameter units="km">8.000000</mesocyclone_diameter>
      <mesocyclone_diameter_equivalent units="km">5.013565</mesocyclone_diameter_equivalent>
      <mesocyclone_top units="km">9.330379</mesocyclone_top>
      <mesocyclone_base units="km">0.034333</mesocyclone_base>
      <mesocyclone_echotop units="km">7.952826</mesocyclone_echotop>
      <mesocyclone_vil units="kg/m*m">11.263593</mesocyclone_vil>
      <mesocyclone_shear_vectors>18</mesocyclone_shear_vectors>
      <mesocyclone_shear_features>2</mesocyclone_shear_features>
      <elevations>
        <elevation site="isn" units="&#176;">0.5,3.5</elevation>
      </elevations>
      <mean_dbz units="DBZ">38.33</mean_dbz>
      <max_dbz units="DBZ">53.83</max_dbz>
      <mesocyclone_velocity_max units="m/s">30.451992</mesocyclone_velocity_max>
      <mesocyclone_velocity_rotational_max units="m/s">14.783745</mesocyclone_velocity_rotational_max>
      <mesocyclone_velocity_rotational_mean units="m/s">9.359764</mesocyclone_velocity_rotational_mean>
      <mesocyclone_velocity_rotational_max_closest_to_ground units="m/s">14.783745</mesocyclone_velocity_rotational_max_closest_to_ground>
      <meso_intensity>2</meso_intensity>
    </nowcast-parameters>
  </event>
  <event ID="117">
    <time time-coordinate="UTC">2021-07-08T14:05:00</time>
    <location>
      <area>
        <ellipse>
          <moving-point>
            <latitude>46.546361</latitude>
            <longitude>8.329509</longitude>
            <polar_motion>
              <speed units="km/h">0.0</speed>
            </polar_motion>
          </moving-point>
          <major_axis units="km">6.66</major_axis>
          <minor_axis units="km">6.66</minor_axis>
          <orientation units="degrees true">0</orientation>
        </ellipse>
      </area>
    </location>
    <nowcast-parameters>
      <mesocyclone_shear_mean units="m/s/km">4.602894</mesocyclone_shear_mean>
      <mesocyclone_shear_max units="m/s/km">9.203200</mesocyclone_shear_max>
      <mesocyclone_momentum_mean units="m/s/km">78.359238</mesocyclone_momentum_mean>
      <mesocyclone_momentum_max units="m/s/km">213.137590</mesocyclone_momentum_max>
      <mesocyclone_diameter units="km">6.660116</mesocyclone_diameter>
      <mesocyclone_diameter_equivalent units="km">3.974698</mesocyclone_diameter_equivalent>
      <mesocyclone_top units="km">5.574619</mesocyclone_top>
      <mesocyclone_base units="km">1.018065</mesocyclone_base>
      <mesocyclone_echotop units="km">7.022069</mesocyclone_echotop>
      <mesocyclone_vil units="kg/m*m">10.045402</mesocyclone_vil>
      <mesocyclone_shear_vectors>10</mesocyclone_shear_vectors>
      <mesocyclone_shear_features>2</mesocyclone_shear_features>
      <elevations>
        <elevation site="fbg" units="&#176;">0.5,1.5</elevation>
      </elevations>
      <mean_dbz units="DBZ">40.62</mean_dbz>
      <max_dbz units="DBZ">49.40</max_dbz>
      <mesocyclone_velocity_max units="m/s">25.446857</mesocyclone_velocity_max>
      <mesocyclone_velocity_rotational_max units="m/s">12.033983</mesocyclone_velocity_rotational_max>
      <mesocyclone_velocity_rotational_mean units="m/s">8.281197</mesocyclone_velocity_rotational_mean>
      <mesocyclone_velocity_rotational_max_closest_to_ground units="m/s">12.033983</mesocyclone_velocity_rotational_max_closest_to_ground>
      <meso_intensity>2</meso_intensity>
    </nowcast-parameters>
  </event>
</nowcast-data>
