<?xml version="1.0" encoding="UTF-8"?>
<nowcast-data>
  <radar-stations>ASB,BOO,ROS,HNR,UMD,PRO,ESS,FLD,DRS,NEU,NHB,OFT,EIS,TUR,ISN,FBG,MEM</radar-stations>
  <event ID="19">
    <time time-coordinate="UTC">2021-07-08T09:40:00</time>
    <location>
      <area>
        <ellipse>
          <moving-point>
            <latitude>49.260476</latitude>
            <longitude>11.807002</longitude>
            <polar_motion>
              <speed units="km/h">0.0</speed>
            </polar_motion>
          </moving-point>
          <major_axis units="km">8.66</major_axis>
          <minor_axis units="km">8.66</minor_axis>
          <orientation units="degrees true">0</orientation>
        </ellipse>
      </area>
    </location>
    <nowcast-parameters>
      <mesocyclone_shear_mean units="m/s/km">4.334026</mesocyclone_shear_mean>
      <mesocyclone_shear_max units="m/s/km">8.670960</mesocyclone_shear_max>
      <mesocyclone_momentum_mean units="m/s/km">132.811119</mesocyclone_momentum_mean>
      <mesocyclone_momentum_max units="m/s/km">362.991139</mesocyclone_momentum_max>
      <mesocyclone_diameter units="km">8.662601</mesocyclone_diameter>
      <mesocyclone_diameter_equivalent units="km">4.680219</mesocyclone_diameter_equivalent>
      <mesocyclone_top units="km">5.452158</mesocyclone_top>
      <mesocyclone_base units="km">3.182630</mesocyclone_base>
      <mesocyclone_echotop units="km">7.923148</mesocyclone_echotop>
      <mesocyclone_vil units="kg/m*m">5.939140</mesocyclone_vil>
      <mesocyclone_shear_vectors>8</mesocyclone_shear_vectors>
      <mesocyclone_shear_features>2</mesocyclone_shear_features>
      <elevations>
        <elevation site="eis" units="&#176;">4.5</elevation>
        <elevation site="isn" units="&#176;">1.5</elevation>
      </elevations>
      <mean_dbz units="DBZ">32.08</mean_dbz>
      <max_dbz units="DBZ">49.46</max_dbz>
      <mesocyclone_velocity_max units="m/s">21.045467</mesocyclone_velocity_max>
      <mesocyclone_velocity_rotational_max units="m/s">28.051210</mesocyclone_velocity_rotational_max>
      <mesocyclone_velocity_rotational_mean units="m/s">10.422444</mesocyclone_velocity_rotational_mean>
      <mesocyclone_velocity_rotational_max_closest_to_ground units="m/s">28.051210</mesocyclone_velocity_rotational_max_closest_to_ground>
      <meso_intensity>2</meso_intensity>
    </nowcast-parameters>
  </event>
  <event ID="31">
    <time time-coordinate="UTC">2021-07-08T09:40:00</time>
    <location>
      <area>
        <ellipse>
          <moving-point>
            <latitude>46.996213</latitude>
            <longitude>9.476130</longitude>
            <polar_motion>
              <speed units="km/h">0.0</speed>
            </polar_motion>
          </moving-point>
          <major_axis units="km">19.75</major_axis>
          <minor_axis units="km">19.75</minor_axis>
          <orientation units="degrees true">0</orientation>
        </ellipse>
      </area>
    </location>
    <nowcast-parameters>
      <mesocyclone_shear_mean units="m/s/km">5.373302</mesocyclone_shear_mean>
      <mesocyclone_shear_max units="m/s/km">13.290239</mesocyclone_shear_max>
      <mesocyclone_momentum_mean units="m/s/km">121.117359</mesocyclone_momentum_mean>
      <mesocyclone_momentum_max units="m/s/km">506.595226</mesocyclone_momentum_max>
      <mesocyclone_diameter units="km">19.750000</mesocyclone_diameter>
      <mesocyclone_diameter_equivalent units="km">9.463088</mesocyclone_diameter_equivalent>
      <mesocyclone_top units="km">6.699394</mesocyclone_top>
      <mesocyclone_base units="km">1.280346</mesocyclone_base>
      <mesocyclone_echotop units="km">8.655315</mesocyclone_echotop>
      <mesocyclone_vil units="kg/m*m">9.612846</mesocyclone_vil>
      <mesocyclone_shear_vectors>45</mesocyclone_shear_vectors>
      <mesocyclone_shear_features>4</mesocyclone_shear_features>
      <elevations>
        <elevation site="fbg" units="&#176;">1.5</elevation>
        <elevation site="mem" units="&#176;">0.5,1.5,2.5</elevation>
      </elevations>
      <mean_dbz units="DBZ">35.97</mean_dbz>
      <max_dbz units="DBZ">53.15</max_dbz>
      <mesocyclone_velocity_max units="m/s">31.687393</mesocyclone_velocity_max>
      <mesocyclone_velocity_rotational_max units="m/s">22.092803</mesocyclone_velocity_rotational_max>
      <mesocyclone_velocity_rotational_mean units="m/s">10.178961</mesocyclone_velocity_rotational_mean>
      <mesocyclone_velocity_rotational_max_closest_to_ground units="m/s">10.857035</mesocyclone_velocity_rotational_max_closest_to_ground>
      <meso_intensity>3</meso_intensity>
    </nowcast-parameters>
  </event>
  <event ID="61">
    <time time-coordinate="UTC">2021-07-08T09:40:00</time>
    <location>
      <area>
        <ellipse>
          <moving-point>
            <latitude>46.790426</latitude>
            <longitude>9.416167</longitude>
            <polar_motion>
              <speed units="km/h">0.0</speed>
            </polar_motion>
          </moving-point>
          <major_axis units="km">11.86</major_axis>
          <minor_axis units="km">11.86</minor_axis>
          <orientation units="degrees true">0</orientation>
        </ellipse>
      </area>
    </location>
    <nowcast-parameters>
      <mesocyclone_shear_mean units="m/s/km">4.171164</mesocyclone_shear_mean>
      <mesocyclone_shear_max units="m/s/km">7.843383</mesocyclone_shear_max>
      <mesocyclone_momentum_mean units="m/s/km">192.265528</mesocyclone_momentum_mean>
      <mesocyclone_momentum_max units="m/s/km">943.847823</mesocyclone_momentum_max>
      <mesocyclone_diameter units="km">11.863796</mesocyclone_diameter>
      <mesocyclone_diameter_equivalent units="km">5.444651</mesocyclone_diameter_equivalent>
      <mesocyclone_top units="km">8.972648</mesocyclone_top>
      <mesocyclone_base units="km">3.364532</mesocyclone_base>
      <mesocyclone_echotop units="km">7.973644</mesocyclone_echotop>
      <mesocyclone_vil units="kg/m*m">8.362919</mesocyclone_vil>
      <mesocyclone_shear_vectors>15</mesocyclone_shear_vectors>
      <mesocyclone_shear_features>2</mesocyclone_shear_features>
      <elevations>
        <elevation site="mem" units="&#176;">1.5,2.5</elevation>
      </elevations>
      <mean_dbz units="DBZ">39.80</mean_dbz>
      <max_dbz units="DBZ">48.85</max_dbz>
      <mesocyclone_velocity_max units="m/s">30.929926</mesocyclone_velocity_max>
      <mesocyclone_velocity_rotational_max units="m/s">35.095995</mesocyclone_velocity_rotational_max>
      <mesocyclone_velocity_rotational_mean units="m/s">11.506960</mesocyclone_velocity_rotational_mean>
      <mesocyclone_velocity_rotational_max_closest_to_ground units="m/s">35.095995</mesocyclone_velocity_rotational_max_closest_to_ground>
      <meso_intensity>3</meso_intensity>
    </nowcast-parameters>
  </event>
  <event ID="48">
    <time time-coordinate="UTC">2021-07-08T09:40:00</time>
    <location>
      <area>
        <ellipse>
          <moving-point>
            <latitude>46.614300</latitude>
            <longitude>9.270654</longitude>
            <polar_motion>
              <speed units="km/h">0.0</speed>
            </polar_motion>
          </moving-point>
          <major_axis units="km">9.25</major_axis>
          <minor_axis units="km">9.25</minor_axis>
          <orientation units="degrees true">0</orientation>
        </ellipse>
      </area>
    </location>
    <nowcast-parameters>
      <mesocyclone_shear_mean units="m/s/km">4.748371</mesocyclone_shear_mean>
      <mesocyclone_shear_max units="m/s/km">8.422995</mesocyclone_shear_max>
      <mesocyclone_momentum_mean units="m/s/km">75.413437</mesocyclone_momentum_mean>
      <mesocyclone_momentum_max units="m/s/km">232.166349</mesocyclone_momentum_max>
      <mesocyclone_diameter units="km">9.250000</mesocyclone_diameter>
      <mesocyclone_diameter_equivalent units="km">4.791088</mesocyclone_diameter_equivalent>
      <mesocyclone_top units="km">3.976682</mesocyclone_top>
      <mesocyclone_base units="km">0.660592</mesocyclone_base>
      <mesocyclone_echotop units="km">8.657505</mesocyclone_echotop>
      <mesocyclone_vil units="kg/m*m">7.509439</mesocyclone_vil>
      <mesocyclone_shear_vectors>17</mesocyclone_shear_vectors>
      <mesocyclone_shear_features>2</mesocyclone_shear_features>
      <elevations>
        <elevation site="fbg" units="&#176;">0.5</elevation>
        <elevation site="mem" units="&#176;">0.5</elevation>
      </elevations>
      <mean_dbz units="DBZ">38.29</mean_dbz>
      <max_dbz units="DBZ">48.45</max_dbz>
      <mesocyclone_velocity_max units="m/s">31.182411</mesocyclone_velocity_max>
      <mesocyclone_velocity_rotational_max units="m/s">13.634415</mesocyclone_velocity_rotational_max>
      <mesocyclone_velocity_rotational_mean units="m/s">8.535246</mesocyclone_velocity_rotational_mean>
      <mesocyclone_velocity_rotational_max_closest_to_ground units="m/s">13.634415</mesocyclone_velocity_rotational_max_closest_to_ground>
      <meso_intensity>2</meso_intensity>
    </nowcast-parameters>
  </event>
</nowcast-data>
