<?xml version="1.0" encoding="UTF-8"?>
<nowcast-data>
  <radar-stations>ASB,BOO,ROS,HNR,UMD,PRO,ESS,FLD,DRS,NEU,NHB,OFT,EIS,TUR,ISN,FBG,MEM</radar-stations>
  <event ID="35">
    <time time-coordinate="UTC">2021-07-06T23:35:00</time>
    <location>
      <area>
        <ellipse>
          <moving-point>
            <latitude>51.030431</latitude>
            <longitude>13.569582</longitude>
            <polar_motion>
              <speed units="km/h">0.0</speed>
            </polar_motion>
          </moving-point>
          <major_axis units="km">3.75</major_axis>
          <minor_axis units="km">3.75</minor_axis>
          <orientation units="degrees true">0</orientation>
        </ellipse>
      </area>
    </location>
    <nowcast-parameters>
      <mesocyclone_shear_mean units="m/s/km">4.198249</mesocyclone_shear_mean>
      <mesocyclone_shear_max units="m/s/km">6.048240</mesocyclone_shear_max>
      <mesocyclone_momentum_mean units="m/s/km">47.654691</mesocyclone_momentum_mean>
      <mesocyclone_momentum_max units="m/s/km">77.168309</mesocyclone_momentum_max>
      <mesocyclone_diameter units="km">3.750000</mesocyclone_diameter>
      <mesocyclone_diameter_equivalent units="km">3.319796</mesocyclone_diameter_equivalent>
      <mesocyclone_top units="km">5.491543</mesocyclone_top>
      <mesocyclone_base units="km">3.234645</mesocyclone_base>
      <mesocyclone_echotop units="km">6.474218</mesocyclone_echotop>
      <mesocyclone_vil units="kg/m*m">6.732234</mesocyclone_vil>
      <mesocyclone_shear_vectors>10</mesocyclone_shear_vectors>
      <mesocyclone_shear_features>2</mesocyclone_shear_features>
      <elevations>
        <elevation site="drs" units="&#176;">12.0,17.0</elevation>
      </elevations>
      <mean_dbz units="DBZ">36.84</mean_dbz>
      <max_dbz units="DBZ">48.81</max_dbz>
      <mesocyclone_velocity_max units="m/s">14.805862</mesocyclone_velocity_max>
      <mesocyclone_velocity_rotational_max units="m/s">9.490936</mesocyclone_velocity_rotational_max>
      <mesocyclone_velocity_rotational_mean units="m/s">6.944202</mesocyclone_velocity_rotational_mean>
      <mesocyclone_velocity_rotational_max_closest_to_ground units="m/s">9.490936</mesocyclone_velocity_rotational_max_closest_to_ground>
      <meso_intensity>1</meso_intensity>
    </nowcast-parameters>
  </event>
</nowcast-data>
