<?xml version="1.0" encoding="UTF-8"?>
<nowcast-data>
  <radar-stations>ASB,BOO,ROS,HNR,UMD,PRO,ESS,FLD,DRS,NEU,NHB,OFT,EIS,TUR,ISN,FBG,MEM</radar-stations>
  <event ID="59">
    <time time-coordinate="UTC">2021-07-08T05:35:00</time>
    <location>
      <area>
        <ellipse>
          <moving-point>
            <latitude>46.657786</latitude>
            <longitude>9.285194</longitude>
            <polar_motion>
              <speed units="km/h">0.0</speed>
            </polar_motion>
          </moving-point>
          <major_axis units="km">15.25</major_axis>
          <minor_axis units="km">15.25</minor_axis>
          <orientation units="degrees true">0</orientation>
        </ellipse>
      </area>
    </location>
    <nowcast-parameters>
      <mesocyclone_shear_mean units="m/s/km">4.371093</mesocyclone_shear_mean>
      <mesocyclone_shear_max units="m/s/km">9.091585</mesocyclone_shear_max>
      <mesocyclone_momentum_mean units="m/s/km">116.211262</mesocyclone_momentum_mean>
      <mesocyclone_momentum_max units="m/s/km">847.698613</mesocyclone_momentum_max>
      <mesocyclone_diameter units="km">15.250000</mesocyclone_diameter>
      <mesocyclone_diameter_equivalent units="km">7.119873</mesocyclone_diameter_equivalent>
      <mesocyclone_top units="km">6.430343</mesocyclone_top>
      <mesocyclone_base units="km">0.705333</mesocyclone_base>
      <mesocyclone_echotop units="km">8.279403</mesocyclone_echotop>
      <mesocyclone_vil units="kg/m*m">10.394333</mesocyclone_vil>
      <mesocyclone_shear_vectors>30</mesocyclone_shear_vectors>
      <mesocyclone_shear_features>2</mesocyclone_shear_features>
      <elevations>
        <elevation site="mem" units="&#176;">0.5,1.5</elevation>
      </elevations>
      <mean_dbz units="DBZ">36.74</mean_dbz>
      <max_dbz units="DBZ">49.02</max_dbz>
      <mesocyclone_velocity_max units="m/s">31.687393</mesocyclone_velocity_max>
      <mesocyclone_velocity_rotational_max units="m/s">20.830358</mesocyclone_velocity_rotational_max>
      <mesocyclone_velocity_rotational_mean units="m/s">8.943281</mesocyclone_velocity_rotational_mean>
      <mesocyclone_velocity_rotational_max_closest_to_ground units="m/s">20.830358</mesocyclone_velocity_rotational_max_closest_to_ground>
      <meso_intensity>3</meso_intensity>
    </nowcast-parameters>
  </event>
  <event ID="52">
    <time time-coordinate="UTC">2021-07-08T05:35:00</time>
    <location>
      <area>
        <ellipse>
          <moving-point>
            <latitude>46.406721</latitude>
            <longitude>8.375073</longitude>
            <polar_motion>
              <speed units="km/h">0.0</speed>
            </polar_motion>
          </moving-point>
          <major_axis units="km">7.33</major_axis>
          <minor_axis units="km">7.33</minor_axis>
          <orientation units="degrees true">0</orientation>
        </ellipse>
      </area>
    </location>
    <nowcast-parameters>
      <mesocyclone_shear_mean units="m/s/km">4.878819</mesocyclone_shear_mean>
      <mesocyclone_shear_max units="m/s/km">6.683374</mesocyclone_shear_max>
      <mesocyclone_momentum_mean units="m/s/km">118.684851</mesocyclone_momentum_mean>
      <mesocyclone_momentum_max units="m/s/km">500.932186</mesocyclone_momentum_max>
      <mesocyclone_diameter units="km">7.328500</mesocyclone_diameter>
      <mesocyclone_diameter_equivalent units="km">3.463362</mesocyclone_diameter_equivalent>
      <mesocyclone_top units="km">6.916477</mesocyclone_top>
      <mesocyclone_base units="km">1.363827</mesocyclone_base>
      <mesocyclone_echotop units="km">8.478321</mesocyclone_echotop>
      <mesocyclone_vil units="kg/m*m">5.086644</mesocyclone_vil>
      <mesocyclone_shear_vectors>7</mesocyclone_shear_vectors>
      <mesocyclone_shear_features>2</mesocyclone_shear_features>
      <elevations>
        <elevation site="fbg" units="&#176;">0.5,1.5</elevation>
      </elevations>
      <mean_dbz units="DBZ">38.86</mean_dbz>
      <max_dbz units="DBZ">46.03</max_dbz>
      <mesocyclone_velocity_max units="m/s">30.962431</mesocyclone_velocity_max>
      <mesocyclone_velocity_rotational_max units="m/s">28.706061</mesocyclone_velocity_rotational_max>
      <mesocyclone_velocity_rotational_mean units="m/s">10.693658</mesocyclone_velocity_rotational_mean>
      <mesocyclone_velocity_rotational_max_closest_to_ground units="m/s">28.706061</mesocyclone_velocity_rotational_max_closest_to_ground>
      <meso_intensity>2</meso_intensity>
    </nowcast-parameters>
  </event>
</nowcast-data>
