<?xml version="1.0" encoding="UTF-8"?>
<nowcast-data>
  <radar-stations>ASB,BOO,ROS,HNR,UMD,PRO,ESS,FLD,DRS,NEU,NHB,OFT,EIS,TUR,ISN,FBG,MEM</radar-stations>
  <event ID="17">
    <time time-coordinate="UTC">2021-07-08T01:55:00</time>
    <location>
      <area>
        <ellipse>
          <moving-point>
            <latitude>47.288029</latitude>
            <longitude>9.527160</longitude>
            <polar_motion>
              <speed units="km/h">0.0</speed>
            </polar_motion>
          </moving-point>
          <major_axis units="km">11.00</major_axis>
          <minor_axis units="km">11.00</minor_axis>
          <orientation units="degrees true">0</orientation>
        </ellipse>
      </area>
    </location>
    <nowcast-parameters>
      <mesocyclone_shear_mean units="m/s/km">4.771796</mesocyclone_shear_mean>
      <mesocyclone_shear_max units="m/s/km">12.711771</mesocyclone_shear_max>
      <mesocyclone_momentum_mean units="m/s/km">98.443153</mesocyclone_momentum_mean>
      <mesocyclone_momentum_max units="m/s/km">426.328957</mesocyclone_momentum_max>
      <mesocyclone_diameter units="km">11.000000</mesocyclone_diameter>
      <mesocyclone_diameter_equivalent units="km">6.804324</mesocyclone_diameter_equivalent>
      <mesocyclone_top units="km">6.456105</mesocyclone_top>
      <mesocyclone_base units="km">3.991297</mesocyclone_base>
      <mesocyclone_echotop units="km">6.570714</mesocyclone_echotop>
      <mesocyclone_vil units="kg/m*m">8.396033</mesocyclone_vil>
      <mesocyclone_shear_vectors>29</mesocyclone_shear_vectors>
      <mesocyclone_shear_features>2</mesocyclone_shear_features>
      <elevations>
        <elevation site="tur" units="&#176;">1.5</elevation>
        <elevation site="mem" units="&#176;">2.5</elevation>
      </elevations>
      <mean_dbz units="DBZ">38.40</mean_dbz>
      <max_dbz units="DBZ">56.37</max_dbz>
      <mesocyclone_velocity_max units="m/s">31.687393</mesocyclone_velocity_max>
      <mesocyclone_velocity_rotational_max units="m/s">17.547998</mesocyclone_velocity_rotational_max>
      <mesocyclone_velocity_rotational_mean units="m/s">9.586110</mesocyclone_velocity_rotational_mean>
      <mesocyclone_velocity_rotational_max_closest_to_ground units="m/s">9.772908</mesocyclone_velocity_rotational_max_closest_to_ground>
      <meso_intensity>2</meso_intensity>
    </nowcast-parameters>
  </event>
</nowcast-data>
