<?xml version="1.0" encoding="UTF-8"?>
<nowcast-data>
  <radar-stations>ASB,BOO,ROS,HNR,UMD,PRO,ESS,FLD,DRS,NEU,NHB,OFT,EIS,TUR,ISN,FBG,MEM</radar-stations>
  <event ID="16">
    <time time-coordinate="UTC">2021-07-08T10:55:00</time>
    <location>
      <area>
        <ellipse>
          <moving-point>
            <latitude>49.833087</latitude>
            <longitude>12.308963</longitude>
            <polar_motion>
              <speed units="km/h">0.0</speed>
            </polar_motion>
          </moving-point>
          <major_axis units="km">12.50</major_axis>
          <minor_axis units="km">12.50</minor_axis>
          <orientation units="degrees true">0</orientation>
        </ellipse>
      </area>
    </location>
    <nowcast-parameters>
      <mesocyclone_shear_mean units="m/s/km">2.751579</mesocyclone_shear_mean>
      <mesocyclone_shear_max units="m/s/km">6.357786</mesocyclone_shear_max>
      <mesocyclone_momentum_mean units="m/s/km">98.826713</mesocyclone_momentum_mean>
      <mesocyclone_momentum_max units="m/s/km">178.631423</mesocyclone_momentum_max>
      <mesocyclone_diameter units="km">12.500000</mesocyclone_diameter>
      <mesocyclone_diameter_equivalent units="km">8.616943</mesocyclone_diameter_equivalent>
      <mesocyclone_top units="km">5.753136</mesocyclone_top>
      <mesocyclone_base units="km">1.518578</mesocyclone_base>
      <mesocyclone_echotop units="km">9.496968</mesocyclone_echotop>
      <mesocyclone_vil units="kg/m*m">7.654511</mesocyclone_vil>
      <mesocyclone_shear_vectors>35</mesocyclone_shear_vectors>
      <mesocyclone_shear_features>3</mesocyclone_shear_features>
      <elevations>
        <elevation site="drs" units="&#176;">0.5</elevation>
        <elevation site="eis" units="&#176;">5.5,8.0</elevation>
      </elevations>
      <mean_dbz units="DBZ">31.91</mean_dbz>
      <max_dbz units="DBZ">51.73</max_dbz>
      <mesocyclone_velocity_max units="m/s">28.606709</mesocyclone_velocity_max>
      <mesocyclone_velocity_rotational_max units="m/s">9.325535</mesocyclone_velocity_rotational_max>
      <mesocyclone_velocity_rotational_mean units="m/s">7.563417</mesocyclone_velocity_rotational_mean>
      <mesocyclone_velocity_rotational_max_closest_to_ground units="m/s">8.443391</mesocyclone_velocity_rotational_max_closest_to_ground>
      <meso_intensity>1</meso_intensity>
    </nowcast-parameters>
  </event>
  <event ID="62">
    <time time-coordinate="UTC">2021-07-08T10:55:00</time>
    <location>
      <area>
        <ellipse>
          <moving-point>
            <latitude>48.084502</latitude>
            <longitude>11.917528</longitude>
            <polar_motion>
              <speed units="km/h">0.0</speed>
            </polar_motion>
          </moving-point>
          <major_axis units="km">4.25</major_axis>
          <minor_axis units="km">4.25</minor_axis>
          <orientation units="degrees true">0</orientation>
        </ellipse>
      </area>
    </location>
    <nowcast-parameters>
      <mesocyclone_shear_mean units="m/s/km">4.141950</mesocyclone_shear_mean>
      <mesocyclone_shear_max units="m/s/km">6.123497</mesocyclone_shear_max>
      <mesocyclone_momentum_mean units="m/s/km">40.551718</mesocyclone_momentum_mean>
      <mesocyclone_momentum_max units="m/s/km">55.884566</mesocyclone_momentum_max>
      <mesocyclone_diameter units="km">4.250000</mesocyclone_diameter>
      <mesocyclone_diameter_equivalent units="km">4.034329</mesocyclone_diameter_equivalent>
      <mesocyclone_top units="km">5.379283</mesocyclone_top>
      <mesocyclone_base units="km">3.571638</mesocyclone_base>
      <mesocyclone_echotop units="km">7.050038</mesocyclone_echotop>
      <mesocyclone_vil units="kg/m*m">4.394755</mesocyclone_vil>
      <mesocyclone_shear_vectors>16</mesocyclone_shear_vectors>
      <mesocyclone_shear_features>2</mesocyclone_shear_features>
      <elevations>
        <elevation site="isn" units="&#176;">12.0,17.0</elevation>
      </elevations>
      <mean_dbz units="DBZ">28.71</mean_dbz>
      <max_dbz units="DBZ">46.41</max_dbz>
      <mesocyclone_velocity_max units="m/s">22.458344</mesocyclone_velocity_max>
      <mesocyclone_velocity_rotational_max units="m/s">7.486115</mesocyclone_velocity_rotational_max>
      <mesocyclone_velocity_rotational_mean units="m/s">6.401839</mesocyclone_velocity_rotational_mean>
      <mesocyclone_velocity_rotational_max_closest_to_ground units="m/s">6.978582</mesocyclone_velocity_rotational_max_closest_to_ground>
      <meso_intensity>1</meso_intensity>
    </nowcast-parameters>
  </event>
  <event ID="35">
    <time time-coordinate="UTC">2021-07-08T10:55:00</time>
    <location>
      <area>
        <ellipse>
          <moving-point>
            <latitude>47.443240</latitude>
            <longitude>10.742822</longitude>
            <polar_motion>
              <speed units="km/h">0.0</speed>
            </polar_motion>
          </moving-point>
          <major_axis units="km">17.65</major_axis>
          <minor_axis units="km">17.65</minor_axis>
          <orientation units="degrees true">0</orientation>
        </ellipse>
      </area>
    </location>
    <nowcast-parameters>
      <mesocyclone_shear_mean units="m/s/km">4.957712</mesocyclone_shear_mean>
      <mesocyclone_shear_max units="m/s/km">11.448978</mesocyclone_shear_max>
      <mesocyclone_momentum_mean units="m/s/km">175.977264</mesocyclone_momentum_mean>
      <mesocyclone_momentum_max units="m/s/km">1496.283336</mesocyclone_momentum_max>
      <mesocyclone_diameter units="km">17.648476</mesocyclone_diameter>
      <mesocyclone_diameter_equivalent units="km">8.079848</mesocyclone_diameter_equivalent>
      <mesocyclone_top units="km">7.706874</mesocyclone_top>
      <mesocyclone_base units="km">0.680268</mesocyclone_base>
      <mesocyclone_echotop units="km">6.833498</mesocyclone_echotop>
      <mesocyclone_vil units="kg/m*m">6.492392</mesocyclone_vil>
      <mesocyclone_shear_vectors>28</mesocyclone_shear_vectors>
      <mesocyclone_shear_features>3</mesocyclone_shear_features>
      <elevations>
        <elevation site="isn" units="&#176;">1.5,2.5</elevation>
        <elevation site="mem" units="&#176;">1.5</elevation>
      </elevations>
      <mean_dbz units="DBZ">33.55</mean_dbz>
      <max_dbz units="DBZ">48.24</max_dbz>
      <mesocyclone_velocity_max units="m/s">31.715559</mesocyclone_velocity_max>
      <mesocyclone_velocity_rotational_max units="m/s">25.650431</mesocyclone_velocity_rotational_max>
      <mesocyclone_velocity_rotational_mean units="m/s">10.436064</mesocyclone_velocity_rotational_mean>
      <mesocyclone_velocity_rotational_max_closest_to_ground units="m/s">10.225811</mesocyclone_velocity_rotational_max_closest_to_ground>
      <meso_intensity>4</meso_intensity>
    </nowcast-parameters>
  </event>
  <event ID="43">
    <time time-coordinate="UTC">2021-07-08T10:55:00</time>
    <location>
      <area>
        <ellipse>
          <moving-point>
            <latitude>47.432955</latitude>
            <longitude>10.215718</longitude>
            <polar_motion>
              <speed units="km/h">0.0</speed>
            </polar_motion>
          </moving-point>
          <major_axis units="km">9.55</major_axis>
          <minor_axis units="km">9.55</minor_axis>
          <orientation units="degrees true">0</orientation>
        </ellipse>
      </area>
    </location>
    <nowcast-parameters>
      <mesocyclone_shear_mean units="m/s/km">4.442005</mesocyclone_shear_mean>
      <mesocyclone_shear_max units="m/s/km">6.825989</mesocyclone_shear_max>
      <mesocyclone_momentum_mean units="m/s/km">101.371466</mesocyclone_momentum_mean>
      <mesocyclone_momentum_max units="m/s/km">344.098679</mesocyclone_momentum_max>
      <mesocyclone_diameter units="km">9.545087</mesocyclone_diameter>
      <mesocyclone_diameter_equivalent units="km">6.594870</mesocyclone_diameter_equivalent>
      <mesocyclone_top units="km">9.929694</mesocyclone_top>
      <mesocyclone_base units="km">2.505400</mesocyclone_base>
      <mesocyclone_echotop units="km">9.061071</mesocyclone_echotop>
      <mesocyclone_vil units="kg/m*m">11.356072</mesocyclone_vil>
      <mesocyclone_shear_vectors>22</mesocyclone_shear_vectors>
      <mesocyclone_shear_features>3</mesocyclone_shear_features>
      <elevations>
        <elevation site="tur" units="&#176;">2.5</elevation>
        <elevation site="isn" units="&#176;">2.5</elevation>
        <elevation site="fbg" units="&#176;">0.5</elevation>
      </elevations>
      <mean_dbz units="DBZ">38.48</mean_dbz>
      <max_dbz units="DBZ">54.49</max_dbz>
      <mesocyclone_velocity_max units="m/s">31.715559</mesocyclone_velocity_max>
      <mesocyclone_velocity_rotational_max units="m/s">14.917123</mesocyclone_velocity_rotational_max>
      <mesocyclone_velocity_rotational_mean units="m/s">8.785154</mesocyclone_velocity_rotational_mean>
      <mesocyclone_velocity_rotational_max_closest_to_ground units="m/s">14.917123</mesocyclone_velocity_rotational_max_closest_to_ground>
      <meso_intensity>2</meso_intensity>
    </nowcast-parameters>
  </event>
  <event ID="37">
    <time time-coordinate="UTC">2021-07-08T10:55:00</time>
    <location>
      <area>
        <ellipse>
          <moving-point>
            <latitude>47.264188</latitude>
            <longitude>10.524074</longitude>
            <polar_motion>
              <speed units="km/h">0.0</speed>
            </polar_motion>
          </moving-point>
          <major_axis units="km">9.25</major_axis>
          <minor_axis units="km">9.25</minor_axis>
          <orientation units="degrees true">0</orientation>
        </ellipse>
      </area>
    </location>
    <nowcast-parameters>
      <mesocyclone_shear_mean units="m/s/km">5.631958</mesocyclone_shear_mean>
      <mesocyclone_shear_max units="m/s/km">15.097951</mesocyclone_shear_max>
      <mesocyclone_momentum_mean units="m/s/km">70.918135</mesocyclone_momentum_mean>
      <mesocyclone_momentum_max units="m/s/km">354.907231</mesocyclone_momentum_max>
      <mesocyclone_diameter units="km">9.250000</mesocyclone_diameter>
      <mesocyclone_diameter_equivalent units="km">4.564490</mesocyclone_diameter_equivalent>
      <mesocyclone_top units="km">4.121785</mesocyclone_top>
      <mesocyclone_base units="km">0.303343</mesocyclone_base>
      <mesocyclone_echotop units="km">7.902290</mesocyclone_echotop>
      <mesocyclone_vil units="kg/m*m">4.019399</mesocyclone_vil>
      <mesocyclone_shear_vectors>16</mesocyclone_shear_vectors>
      <mesocyclone_shear_features>3</mesocyclone_shear_features>
      <elevations>
        <elevation site="tur" units="&#176;">0.5</elevation>
        <elevation site="mem" units="&#176;">1.5,2.5</elevation>
      </elevations>
      <mean_dbz units="DBZ">31.85</mean_dbz>
      <max_dbz units="DBZ">43.97</max_dbz>
      <mesocyclone_velocity_max units="m/s">29.572567</mesocyclone_velocity_max>
      <mesocyclone_velocity_rotational_max units="m/s">16.626637</mesocyclone_velocity_rotational_max>
      <mesocyclone_velocity_rotational_mean units="m/s">8.720893</mesocyclone_velocity_rotational_mean>
      <mesocyclone_velocity_rotational_max_closest_to_ground units="m/s">16.626637</mesocyclone_velocity_rotational_max_closest_to_ground>
      <meso_intensity>2</meso_intensity>
    </nowcast-parameters>
  </event>
  <event ID="54">
    <time time-coordinate="UTC">2021-07-08T10:55:00</time>
    <location>
      <area>
        <ellipse>
          <moving-point>
            <latitude>47.076366</latitude>
            <longitude>10.721151</longitude>
            <polar_motion>
              <speed units="km/h">0.0</speed>
            </polar_motion>
          </moving-point>
          <major_axis units="km">6.68</major_axis>
          <minor_axis units="km">6.68</minor_axis>
          <orientation units="degrees true">0</orientation>
        </ellipse>
      </area>
    </location>
    <nowcast-parameters>
      <mesocyclone_shear_mean units="m/s/km">7.537543</mesocyclone_shear_mean>
      <mesocyclone_shear_max units="m/s/km">15.291452</mesocyclone_shear_max>
      <mesocyclone_momentum_mean units="m/s/km">77.773237</mesocyclone_momentum_mean>
      <mesocyclone_momentum_max units="m/s/km">139.851207</mesocyclone_momentum_max>
      <mesocyclone_diameter units="km">6.675565</mesocyclone_diameter>
      <mesocyclone_diameter_equivalent units="km">3.505828</mesocyclone_diameter_equivalent>
      <mesocyclone_top units="km">6.072611</mesocyclone_top>
      <mesocyclone_base units="km">0.030884</mesocyclone_base>
      <mesocyclone_echotop units="km">7.379151</mesocyclone_echotop>
      <mesocyclone_vil units="kg/m*m">4.541201</mesocyclone_vil>
      <mesocyclone_shear_vectors>7</mesocyclone_shear_vectors>
      <mesocyclone_shear_features>2</mesocyclone_shear_features>
      <elevations>
        <elevation site="isn" units="&#176;">1.5</elevation>
        <elevation site="mem" units="&#176;">0.5</elevation>
      </elevations>
      <mean_dbz units="DBZ">35.03</mean_dbz>
      <max_dbz units="DBZ">46.12</max_dbz>
      <mesocyclone_velocity_max units="m/s">31.687393</mesocyclone_velocity_max>
      <mesocyclone_velocity_rotational_max units="m/s">17.800488</mesocyclone_velocity_rotational_max>
      <mesocyclone_velocity_rotational_mean units="m/s">10.521055</mesocyclone_velocity_rotational_mean>
      <mesocyclone_velocity_rotational_max_closest_to_ground units="m/s">17.800488</mesocyclone_velocity_rotational_max_closest_to_ground>
      <meso_intensity>2</meso_intensity>
    </nowcast-parameters>
  </event>
  <event ID="79">
    <time time-coordinate="UTC">2021-07-08T10:55:00</time>
    <location>
      <area>
        <ellipse>
          <moving-point>
            <latitude>46.710354</latitude>
            <longitude>9.401093</longitude>
            <polar_motion>
              <speed units="km/h">0.0</speed>
            </polar_motion>
          </moving-point>
          <major_axis units="km">5.50</major_axis>
          <minor_axis units="km">5.50</minor_axis>
          <orientation units="degrees true">0</orientation>
        </ellipse>
      </area>
    </location>
    <nowcast-parameters>
      <mesocyclone_shear_mean units="m/s/km">4.788381</mesocyclone_shear_mean>
      <mesocyclone_shear_max units="m/s/km">9.998137</mesocyclone_shear_max>
      <mesocyclone_momentum_mean units="m/s/km">71.549001</mesocyclone_momentum_mean>
      <mesocyclone_momentum_max units="m/s/km">198.892515</mesocyclone_momentum_max>
      <mesocyclone_diameter units="km">5.500000</mesocyclone_diameter>
      <mesocyclone_diameter_equivalent units="km">3.887965</mesocyclone_diameter_equivalent>
      <mesocyclone_top units="km">6.368417</mesocyclone_top>
      <mesocyclone_base units="km">1.036876</mesocyclone_base>
      <mesocyclone_echotop units="km">7.982869</mesocyclone_echotop>
      <mesocyclone_vil units="kg/m*m">12.646119</mesocyclone_vil>
      <mesocyclone_shear_vectors>11</mesocyclone_shear_vectors>
      <mesocyclone_shear_features>2</mesocyclone_shear_features>
      <elevations>
        <elevation site="mem" units="&#176;">0.5,1.5</elevation>
      </elevations>
      <mean_dbz units="DBZ">40.58</mean_dbz>
      <max_dbz units="DBZ">52.02</max_dbz>
      <mesocyclone_velocity_max units="m/s">30.929924</mesocyclone_velocity_max>
      <mesocyclone_velocity_rotational_max units="m/s">17.547997</mesocyclone_velocity_rotational_max>
      <mesocyclone_velocity_rotational_mean units="m/s">8.598659</mesocyclone_velocity_rotational_mean>
      <mesocyclone_velocity_rotational_max_closest_to_ground units="m/s">6.817208</mesocyclone_velocity_rotational_max_closest_to_ground>
      <meso_intensity>2</meso_intensity>
    </nowcast-parameters>
  </event>
</nowcast-data>
