<?xml version="1.0" encoding="UTF-8"?>
<nowcast-data>
  <radar-stations>ASB,BOO,ROS,HNR,UMD,PRO,ESS,FLD,DRS,NEU,NHB,OFT,EIS,TUR,ISN,FBG,MEM</radar-stations>
  <event ID="46">
    <time time-coordinate="UTC">2021-07-08T14:00:00</time>
    <location>
      <area>
        <ellipse>
          <moving-point>
            <latitude>49.165426</latitude>
            <longitude>12.491165</longitude>
            <polar_motion>
              <speed units="km/h">0.0</speed>
            </polar_motion>
          </moving-point>
          <major_axis units="km">17.00</major_axis>
          <minor_axis units="km">17.00</minor_axis>
          <orientation units="degrees true">0</orientation>
        </ellipse>
      </area>
    </location>
    <nowcast-parameters>
      <mesocyclone_shear_mean units="m/s/km">3.273242</mesocyclone_shear_mean>
      <mesocyclone_shear_max units="m/s/km">9.789587</mesocyclone_shear_max>
      <mesocyclone_momentum_mean units="m/s/km">108.769687</mesocyclone_momentum_mean>
      <mesocyclone_momentum_max units="m/s/km">205.896715</mesocyclone_momentum_max>
      <mesocyclone_diameter units="km">17.000000</mesocyclone_diameter>
      <mesocyclone_diameter_equivalent units="km">7.491595</mesocyclone_diameter_equivalent>
      <mesocyclone_top units="km">8.428798</mesocyclone_top>
      <mesocyclone_base units="km">2.341708</mesocyclone_base>
      <mesocyclone_echotop units="km">8.748043</mesocyclone_echotop>
      <mesocyclone_vil units="kg/m*m">10.387343</mesocyclone_vil>
      <mesocyclone_shear_vectors>28</mesocyclone_shear_vectors>
      <mesocyclone_shear_features>4</mesocyclone_shear_features>
      <elevations>
        <elevation site="neu" units="&#176;">0.5,1.5</elevation>
        <elevation site="eis" units="&#176;">3.5</elevation>
        <elevation site="isn" units="&#176;">2.5</elevation>
      </elevations>
      <mean_dbz units="DBZ">38.03</mean_dbz>
      <max_dbz units="DBZ">57.29</max_dbz>
      <mesocyclone_velocity_max units="m/s">30.199276</mesocyclone_velocity_max>
      <mesocyclone_velocity_rotational_max units="m/s">13.862283</mesocyclone_velocity_rotational_max>
      <mesocyclone_velocity_rotational_mean units="m/s">8.472976</mesocyclone_velocity_rotational_mean>
      <mesocyclone_velocity_rotational_max_closest_to_ground units="m/s">11.119399</mesocyclone_velocity_rotational_max_closest_to_ground>
      <meso_intensity>2</meso_intensity>
    </nowcast-parameters>
  </event>
  <event ID="57">
    <time time-coordinate="UTC">2021-07-08T14:00:00</time>
    <location>
      <area>
        <ellipse>
          <moving-point>
            <latitude>48.929084</latitude>
            <longitude>12.566085</longitude>
            <polar_motion>
              <speed units="km/h">0.0</speed>
            </polar_motion>
          </moving-point>
          <major_axis units="km">18.75</major_axis>
          <minor_axis units="km">18.75</minor_axis>
          <orientation units="degrees true">0</orientation>
        </ellipse>
      </area>
    </location>
    <nowcast-parameters>
      <mesocyclone_shear_mean units="m/s/km">2.828295</mesocyclone_shear_mean>
      <mesocyclone_shear_max units="m/s/km">12.793345</mesocyclone_shear_max>
      <mesocyclone_momentum_mean units="m/s/km">127.366479</mesocyclone_momentum_mean>
      <mesocyclone_momentum_max units="m/s/km">418.978283</mesocyclone_momentum_max>
      <mesocyclone_diameter units="km">18.750000</mesocyclone_diameter>
      <mesocyclone_diameter_equivalent units="km">9.793922</mesocyclone_diameter_equivalent>
      <mesocyclone_top units="km">7.291360</mesocyclone_top>
      <mesocyclone_base units="km">2.218336</mesocyclone_base>
      <mesocyclone_echotop units="km">7.423233</mesocyclone_echotop>
      <mesocyclone_vil units="kg/m*m">6.991453</mesocyclone_vil>
      <mesocyclone_shear_vectors>44</mesocyclone_shear_vectors>
      <mesocyclone_shear_features>7</mesocyclone_shear_features>
      <elevations>
        <elevation site="eis" units="&#176;">2.5,3.5,4.5,5.5</elevation>
        <elevation site="isn" units="&#176;">1.5,3.5,4.5</elevation>
      </elevations>
      <mean_dbz units="DBZ">34.33</mean_dbz>
      <max_dbz units="DBZ">50.66</max_dbz>
      <mesocyclone_velocity_max units="m/s">31.462849</mesocyclone_velocity_max>
      <mesocyclone_velocity_rotational_max units="m/s">15.920958</mesocyclone_velocity_rotational_max>
      <mesocyclone_velocity_rotational_mean units="m/s">8.371332</mesocyclone_velocity_rotational_mean>
      <mesocyclone_velocity_rotational_max_closest_to_ground units="m/s">5.938770</mesocyclone_velocity_rotational_max_closest_to_ground>
      <meso_intensity>3</meso_intensity>
    </nowcast-parameters>
  </event>
  <event ID="55">
    <time time-coordinate="UTC">2021-07-08T14:00:00</time>
    <location>
      <area>
        <ellipse>
          <moving-point>
            <latitude>48.210682</latitude>
            <longitude>12.678064</longitude>
            <polar_motion>
              <speed units="km/h">0.0</speed>
            </polar_motion>
          </moving-point>
          <major_axis units="km">10.43</major_axis>
          <minor_axis units="km">10.43</minor_axis>
          <orientation units="degrees true">0</orientation>
        </ellipse>
      </area>
    </location>
    <nowcast-parameters>
      <mesocyclone_shear_mean units="m/s/km">3.742802</mesocyclone_shear_mean>
      <mesocyclone_shear_max units="m/s/km">8.512558</mesocyclone_shear_max>
      <mesocyclone_momentum_mean units="m/s/km">107.503468</mesocyclone_momentum_mean>
      <mesocyclone_momentum_max units="m/s/km">737.738866</mesocyclone_momentum_max>
      <mesocyclone_diameter units="km">10.429809</mesocyclone_diameter>
      <mesocyclone_diameter_equivalent units="km">7.004904</mesocyclone_diameter_equivalent>
      <mesocyclone_top units="km">9.667700</mesocyclone_top>
      <mesocyclone_base units="km">2.731163</mesocyclone_base>
      <mesocyclone_echotop units="km">8.524432</mesocyclone_echotop>
      <mesocyclone_vil units="kg/m*m">30.875888</mesocyclone_vil>
      <mesocyclone_shear_vectors>26</mesocyclone_shear_vectors>
      <mesocyclone_shear_features>6</mesocyclone_shear_features>
      <elevations>
        <elevation site="eis" units="&#176;">1.5,2.5</elevation>
        <elevation site="isn" units="&#176;">3.5,4.5,5.5,8.0</elevation>
      </elevations>
      <mean_dbz units="DBZ">45.95</mean_dbz>
      <max_dbz units="DBZ">63.15</max_dbz>
      <mesocyclone_velocity_max units="m/s">29.614872</mesocyclone_velocity_max>
      <mesocyclone_velocity_rotational_max units="m/s">27.976606</mesocyclone_velocity_rotational_max>
      <mesocyclone_velocity_rotational_mean units="m/s">8.993321</mesocyclone_velocity_rotational_mean>
      <mesocyclone_velocity_rotational_max_closest_to_ground units="m/s">11.119400</mesocyclone_velocity_rotational_max_closest_to_ground>
      <meso_intensity>4</meso_intensity>
    </nowcast-parameters>
  </event>
  <event ID="99">
    <time time-coordinate="UTC">2021-07-08T14:00:00</time>
    <location>
      <area>
        <ellipse>
          <moving-point>
            <latitude>48.063303</latitude>
            <longitude>11.860078</longitude>
            <polar_motion>
              <speed units="km/h">0.0</speed>
            </polar_motion>
          </moving-point>
          <major_axis units="km">6.92</major_axis>
          <minor_axis units="km">6.92</minor_axis>
          <orientation units="degrees true">0</orientation>
        </ellipse>
      </area>
    </location>
    <nowcast-parameters>
      <mesocyclone_shear_mean units="m/s/km">3.234249</mesocyclone_shear_mean>
      <mesocyclone_shear_max units="m/s/km">5.077287</mesocyclone_shear_max>
      <mesocyclone_momentum_mean units="m/s/km">68.904310</mesocyclone_momentum_mean>
      <mesocyclone_momentum_max units="m/s/km">184.028609</mesocyclone_momentum_max>
      <mesocyclone_diameter units="km">6.922067</mesocyclone_diameter>
      <mesocyclone_diameter_equivalent units="km">3.865051</mesocyclone_diameter_equivalent>
      <mesocyclone_top units="km">6.724631</mesocyclone_top>
      <mesocyclone_base units="km">2.920820</mesocyclone_base>
      <mesocyclone_echotop units="km">7.436549</mesocyclone_echotop>
      <mesocyclone_vil units="kg/m*m">4.054699</mesocyclone_vil>
      <mesocyclone_shear_vectors>9</mesocyclone_shear_vectors>
      <mesocyclone_shear_features>2</mesocyclone_shear_features>
      <elevations>
        <elevation site="isn" units="&#176;">8.0,17.0</elevation>
      </elevations>
      <mean_dbz units="DBZ">33.36</mean_dbz>
      <max_dbz units="DBZ">49.64</max_dbz>
      <mesocyclone_velocity_max units="m/s">29.056274</mesocyclone_velocity_max>
      <mesocyclone_velocity_rotational_max units="m/s">9.603118</mesocyclone_velocity_rotational_max>
      <mesocyclone_velocity_rotational_mean units="m/s">6.850274</mesocyclone_velocity_rotational_mean>
      <mesocyclone_velocity_rotational_max_closest_to_ground units="m/s">9.603118</mesocyclone_velocity_rotational_max_closest_to_ground>
      <meso_intensity>1</meso_intensity>
    </nowcast-parameters>
  </event>
  <event ID="118">
    <time time-coordinate="UTC">2021-07-08T14:00:00</time>
    <location>
      <area>
        <ellipse>
          <moving-point>
            <latitude>47.857520</latitude>
            <longitude>8.483467</longitude>
            <polar_motion>
              <speed units="km/h">0.0</speed>
            </polar_motion>
          </moving-point>
          <major_axis units="km">5.83</major_axis>
          <minor_axis units="km">5.83</minor_axis>
          <orientation units="degrees true">0</orientation>
        </ellipse>
      </area>
    </location>
    <nowcast-parameters>
      <mesocyclone_shear_mean units="m/s/km">5.492443</mesocyclone_shear_mean>
      <mesocyclone_shear_max units="m/s/km">10.299935</mesocyclone_shear_max>
      <mesocyclone_momentum_mean units="m/s/km">63.583485</mesocyclone_momentum_mean>
      <mesocyclone_momentum_max units="m/s/km">181.272188</mesocyclone_momentum_max>
      <mesocyclone_diameter units="km">5.833070</mesocyclone_diameter>
      <mesocyclone_diameter_equivalent units="km">3.518333</mesocyclone_diameter_equivalent>
      <mesocyclone_top units="km">5.527426</mesocyclone_top>
      <mesocyclone_base units="km">3.253301</mesocyclone_base>
      <mesocyclone_echotop units="km">6.853138</mesocyclone_echotop>
      <mesocyclone_vil units="kg/m*m">4.452918</mesocyclone_vil>
      <mesocyclone_shear_vectors>10</mesocyclone_shear_vectors>
      <mesocyclone_shear_features>2</mesocyclone_shear_features>
      <elevations>
        <elevation site="fbg" units="&#176;">4.5</elevation>
        <elevation site="mem" units="&#176;">1.5</elevation>
      </elevations>
      <mean_dbz units="DBZ">37.91</mean_dbz>
      <max_dbz units="DBZ">49.20</max_dbz>
      <mesocyclone_velocity_max units="m/s">25.627651</mesocyclone_velocity_max>
      <mesocyclone_velocity_rotational_max units="m/s">11.740746</mesocyclone_velocity_rotational_max>
      <mesocyclone_velocity_rotational_mean units="m/s">8.181288</mesocyclone_velocity_rotational_mean>
      <mesocyclone_velocity_rotational_max_closest_to_ground units="m/s">11.740746</mesocyclone_velocity_rotational_max_closest_to_ground>
      <meso_intensity>2</meso_intensity>
    </nowcast-parameters>
  </event>
  <event ID="93">
    <time time-coordinate="UTC">2021-07-08T14:00:00</time>
    <location>
      <area>
        <ellipse>
          <moving-point>
            <latitude>47.660731</latitude>
            <longitude>11.819764</longitude>
            <polar_motion>
              <speed units="km/h">0.0</speed>
            </polar_motion>
          </moving-point>
          <major_axis units="km">10.75</major_axis>
          <minor_axis units="km">10.75</minor_axis>
          <orientation units="degrees true">0</orientation>
        </ellipse>
      </area>
    </location>
    <nowcast-parameters>
      <mesocyclone_shear_mean units="m/s/km">3.086483</mesocyclone_shear_mean>
      <mesocyclone_shear_max units="m/s/km">6.680812</mesocyclone_shear_max>
      <mesocyclone_momentum_mean units="m/s/km">149.131586</mesocyclone_momentum_mean>
      <mesocyclone_momentum_max units="m/s/km">525.173724</mesocyclone_momentum_max>
      <mesocyclone_diameter units="km">10.750000</mesocyclone_diameter>
      <mesocyclone_diameter_equivalent units="km">6.297635</mesocyclone_diameter_equivalent>
      <mesocyclone_top units="km">5.721917</mesocyclone_top>
      <mesocyclone_base units="km">2.947495</mesocyclone_base>
      <mesocyclone_echotop units="km">8.143711</mesocyclone_echotop>
      <mesocyclone_vil units="kg/m*m">33.121081</mesocyclone_vil>
      <mesocyclone_shear_vectors>19</mesocyclone_shear_vectors>
      <mesocyclone_shear_features>3</mesocyclone_shear_features>
      <elevations>
        <elevation site="isn" units="&#176;">3.5,4.5,5.5</elevation>
      </elevations>
      <mean_dbz units="DBZ">45.04</mean_dbz>
      <max_dbz units="DBZ">62.06</max_dbz>
      <mesocyclone_velocity_max units="m/s">31.715559</mesocyclone_velocity_max>
      <mesocyclone_velocity_rotational_max units="m/s">21.480657</mesocyclone_velocity_rotational_max>
      <mesocyclone_velocity_rotational_mean units="m/s">9.679922</mesocyclone_velocity_rotational_mean>
      <mesocyclone_velocity_rotational_max_closest_to_ground units="m/s">14.025605</mesocyclone_velocity_rotational_max_closest_to_ground>
      <meso_intensity>2</meso_intensity>
    </nowcast-parameters>
  </event>
  <event ID="70">
    <time time-coordinate="UTC">2021-07-08T14:00:00</time>
    <location>
      <area>
        <ellipse>
          <moving-point>
            <latitude>47.241741</latitude>
            <longitude>10.946718</longitude>
            <polar_motion>
              <speed units="km/h">0.0</speed>
            </polar_motion>
          </moving-point>
          <major_axis units="km">5.75</major_axis>
          <minor_axis units="km">5.75</minor_axis>
          <orientation units="degrees true">0</orientation>
        </ellipse>
      </area>
    </location>
    <nowcast-parameters>
      <mesocyclone_shear_mean units="m/s/km">6.166045</mesocyclone_shear_mean>
      <mesocyclone_shear_max units="m/s/km">12.203422</mesocyclone_shear_max>
      <mesocyclone_momentum_mean units="m/s/km">89.660364</mesocyclone_momentum_mean>
      <mesocyclone_momentum_max units="m/s/km">212.680028</mesocyclone_momentum_max>
      <mesocyclone_diameter units="km">5.750000</mesocyclone_diameter>
      <mesocyclone_diameter_equivalent units="km">3.854274</mesocyclone_diameter_equivalent>
      <mesocyclone_top units="km">7.008179</mesocyclone_top>
      <mesocyclone_base units="km">-0.094246</mesocyclone_base>
      <mesocyclone_echotop units="km">6.217676</mesocyclone_echotop>
      <mesocyclone_vil units="kg/m*m">4.727725</mesocyclone_vil>
      <mesocyclone_shear_vectors>11</mesocyclone_shear_vectors>
      <mesocyclone_shear_features>2</mesocyclone_shear_features>
      <elevations>
        <elevation site="isn" units="&#176;">0.5,2.5</elevation>
      </elevations>
      <mean_dbz units="DBZ">33.28</mean_dbz>
      <max_dbz units="DBZ">46.50</max_dbz>
      <mesocyclone_velocity_max units="m/s">30.957420</mesocyclone_velocity_max>
      <mesocyclone_velocity_rotational_max units="m/s">15.289175</mesocyclone_velocity_rotational_max>
      <mesocyclone_velocity_rotational_mean units="m/s">10.778235</mesocyclone_velocity_rotational_mean>
      <mesocyclone_velocity_rotational_max_closest_to_ground units="m/s">15.289175</mesocyclone_velocity_rotational_max_closest_to_ground>
      <meso_intensity>2</meso_intensity>
    </nowcast-parameters>
  </event>
  <event ID="74">
    <time time-coordinate="UTC">2021-07-08T14:00:00</time>
    <location>
      <area>
        <ellipse>
          <moving-point>
            <latitude>46.890667</latitude>
            <longitude>11.110137</longitude>
            <polar_motion>
              <speed units="km/h">0.0</speed>
            </polar_motion>
          </moving-point>
          <major_axis units="km">6.21</major_axis>
          <minor_axis units="km">6.21</minor_axis>
          <orientation units="degrees true">0</orientation>
        </ellipse>
      </area>
    </location>
    <nowcast-parameters>
      <mesocyclone_shear_mean units="m/s/km">5.246159</mesocyclone_shear_mean>
      <mesocyclone_shear_max units="m/s/km">8.643533</mesocyclone_shear_max>
      <mesocyclone_momentum_mean units="m/s/km">94.483369</mesocyclone_momentum_mean>
      <mesocyclone_momentum_max units="m/s/km">227.229619</mesocyclone_momentum_max>
      <mesocyclone_diameter units="km">6.210638</mesocyclone_diameter>
      <mesocyclone_diameter_equivalent units="km">4.549769</mesocyclone_diameter_equivalent>
      <mesocyclone_top units="km">8.193349</mesocyclone_top>
      <mesocyclone_base units="km">-0.372594</mesocyclone_base>
      <mesocyclone_echotop units="km">8.556867</mesocyclone_echotop>
      <mesocyclone_vil units="kg/m*m">16.932310</mesocyclone_vil>
      <mesocyclone_shear_vectors>14</mesocyclone_shear_vectors>
      <mesocyclone_shear_features>2</mesocyclone_shear_features>
      <elevations>
        <elevation site="isn" units="&#176;">0.5,2.5</elevation>
      </elevations>
      <mean_dbz units="DBZ">41.68</mean_dbz>
      <max_dbz units="DBZ">55.33</max_dbz>
      <mesocyclone_velocity_max units="m/s">31.968277</mesocyclone_velocity_max>
      <mesocyclone_velocity_rotational_max units="m/s">13.772892</mesocyclone_velocity_rotational_max>
      <mesocyclone_velocity_rotational_mean units="m/s">9.867318</mesocyclone_velocity_rotational_mean>
      <mesocyclone_velocity_rotational_max_closest_to_ground units="m/s">13.772892</mesocyclone_velocity_rotational_max_closest_to_ground>
      <meso_intensity>2</meso_intensity>
    </nowcast-parameters>
  </event>
  <event ID="106">
    <time time-coordinate="UTC">2021-07-08T14:00:00</time>
    <location>
      <area>
        <ellipse>
          <moving-point>
            <latitude>46.496726</latitude>
            <longitude>8.260698</longitude>
            <polar_motion>
              <speed units="km/h">0.0</speed>
            </polar_motion>
          </moving-point>
          <major_axis units="km">10.00</major_axis>
          <minor_axis units="km">10.00</minor_axis>
          <orientation units="degrees true">0</orientation>
        </ellipse>
      </area>
    </location>
    <nowcast-parameters>
      <mesocyclone_shear_mean units="m/s/km">4.726285</mesocyclone_shear_mean>
      <mesocyclone_shear_max units="m/s/km">8.642321</mesocyclone_shear_max>
      <mesocyclone_momentum_mean units="m/s/km">88.043476</mesocyclone_momentum_mean>
      <mesocyclone_momentum_max units="m/s/km">259.656594</mesocyclone_momentum_max>
      <mesocyclone_diameter units="km">10.000000</mesocyclone_diameter>
      <mesocyclone_diameter_equivalent units="km">6.953146</mesocyclone_diameter_equivalent>
      <mesocyclone_top units="km">5.666332</mesocyclone_top>
      <mesocyclone_base units="km">0.619470</mesocyclone_base>
      <mesocyclone_echotop units="km">7.211412</mesocyclone_echotop>
      <mesocyclone_vil units="kg/m*m">12.569187</mesocyclone_vil>
      <mesocyclone_shear_vectors>30</mesocyclone_shear_vectors>
      <mesocyclone_shear_features>2</mesocyclone_shear_features>
      <elevations>
        <elevation site="fbg" units="&#176;">0.5,1.5</elevation>
      </elevations>
      <mean_dbz units="DBZ">41.82</mean_dbz>
      <max_dbz units="DBZ">52.02</max_dbz>
      <mesocyclone_velocity_max units="m/s">27.953936</mesocyclone_velocity_max>
      <mesocyclone_velocity_rotational_max units="m/s">12.911459</mesocyclone_velocity_rotational_max>
      <mesocyclone_velocity_rotational_mean units="m/s">9.043831</mesocyclone_velocity_rotational_mean>
      <mesocyclone_velocity_rotational_max_closest_to_ground units="m/s">12.911459</mesocyclone_velocity_rotational_max_closest_to_ground>
      <meso_intensity>2</meso_intensity>
    </nowcast-parameters>
  </event>
</nowcast-data>
