<?xml version="1.0" encoding="UTF-8"?>
<nowcast-data>
  <radar-stations>ASB,BOO,ROS,HNR,UMD,PRO,ESS,FLD,DRS,NEU,NHB,OFT,EIS,TUR,ISN,FBG,MEM</radar-stations>
  <event ID="10">
    <time time-coordinate="UTC">2021-07-08T14:25:00</time>
    <location>
      <area>
        <ellipse>
          <moving-point>
            <latitude>50.947846</latitude>
            <longitude>9.285266</longitude>
            <polar_motion>
              <speed units="km/h">0.0</speed>
            </polar_motion>
          </moving-point>
          <major_axis units="km">9.50</major_axis>
          <minor_axis units="km">9.50</minor_axis>
          <orientation units="degrees true">0</orientation>
        </ellipse>
      </area>
    </location>
    <nowcast-parameters>
      <mesocyclone_shear_mean units="m/s/km">5.991092</mesocyclone_shear_mean>
      <mesocyclone_shear_max units="m/s/km">13.363591</mesocyclone_shear_max>
      <mesocyclone_momentum_mean units="m/s/km">154.144555</mesocyclone_momentum_mean>
      <mesocyclone_momentum_max units="m/s/km">502.184865</mesocyclone_momentum_max>
      <mesocyclone_diameter units="km">9.500424</mesocyclone_diameter>
      <mesocyclone_diameter_equivalent units="km">4.191657</mesocyclone_diameter_equivalent>
      <mesocyclone_top units="km">4.906299</mesocyclone_top>
      <mesocyclone_base units="km">1.608809</mesocyclone_base>
      <mesocyclone_echotop units="km">8.954018</mesocyclone_echotop>
      <mesocyclone_vil units="kg/m*m">19.284112</mesocyclone_vil>
      <mesocyclone_shear_vectors>8</mesocyclone_shear_vectors>
      <mesocyclone_shear_features>2</mesocyclone_shear_features>
      <elevations>
        <elevation site="hnr" units="&#176;">0.5</elevation>
        <elevation site="oft" units="&#176;">1.5</elevation>
      </elevations>
      <mean_dbz units="DBZ">41.13</mean_dbz>
      <max_dbz units="DBZ">58.82</max_dbz>
      <mesocyclone_velocity_max units="m/s">31.379162</mesocyclone_velocity_max>
      <mesocyclone_velocity_rotational_max units="m/s">30.371001</mesocyclone_velocity_rotational_max>
      <mesocyclone_velocity_rotational_mean units="m/s">12.791106</mesocyclone_velocity_rotational_mean>
      <mesocyclone_velocity_rotational_max_closest_to_ground units="m/s">12.097990</mesocyclone_velocity_rotational_max_closest_to_ground>
      <meso_intensity>2</meso_intensity>
    </nowcast-parameters>
  </event>
  <event ID="38">
    <time time-coordinate="UTC">2021-07-08T14:25:00</time>
    <location>
      <area>
        <ellipse>
          <moving-point>
            <latitude>49.663858</latitude>
            <longitude>13.258992</longitude>
            <polar_motion>
              <speed units="km/h">0.0</speed>
            </polar_motion>
          </moving-point>
          <major_axis units="km">6.77</major_axis>
          <minor_axis units="km">6.77</minor_axis>
          <orientation units="degrees true">0</orientation>
        </ellipse>
      </area>
    </location>
    <nowcast-parameters>
      <mesocyclone_shear_mean units="m/s/km">4.833494</mesocyclone_shear_mean>
      <mesocyclone_shear_max units="m/s/km">6.099006</mesocyclone_shear_max>
      <mesocyclone_momentum_mean units="m/s/km">71.126225</mesocyclone_momentum_mean>
      <mesocyclone_momentum_max units="m/s/km">290.648291</mesocyclone_momentum_max>
      <mesocyclone_diameter units="km">6.769659</mesocyclone_diameter>
      <mesocyclone_diameter_equivalent units="km">3.729141</mesocyclone_diameter_equivalent>
      <mesocyclone_top units="km">8.593511</mesocyclone_top>
      <mesocyclone_base units="km">1.552317</mesocyclone_base>
      <mesocyclone_echotop units="km">7.146009</mesocyclone_echotop>
      <mesocyclone_vil units="kg/m*m">5.526442</mesocyclone_vil>
      <mesocyclone_shear_vectors>10</mesocyclone_shear_vectors>
      <mesocyclone_shear_features>2</mesocyclone_shear_features>
      <elevations>
        <elevation site="drs" units="&#176;">0.5</elevation>
        <elevation site="neu" units="&#176;">1.5</elevation>
      </elevations>
      <mean_dbz units="DBZ">32.08</mean_dbz>
      <max_dbz units="DBZ">49.78</max_dbz>
      <mesocyclone_velocity_max units="m/s">31.715559</mesocyclone_velocity_max>
      <mesocyclone_velocity_rotational_max units="m/s">18.827163</mesocyclone_velocity_rotational_max>
      <mesocyclone_velocity_rotational_mean units="m/s">8.406938</mesocyclone_velocity_rotational_mean>
      <mesocyclone_velocity_rotational_max_closest_to_ground units="m/s">7.183182</mesocyclone_velocity_rotational_max_closest_to_ground>
      <meso_intensity>2</meso_intensity>
    </nowcast-parameters>
  </event>
  <event ID="48">
    <time time-coordinate="UTC">2021-07-08T14:25:00</time>
    <location>
      <area>
        <ellipse>
          <moving-point>
            <latitude>49.166423</latitude>
            <longitude>12.788537</longitude>
            <polar_motion>
              <speed units="km/h">0.0</speed>
            </polar_motion>
          </moving-point>
          <major_axis units="km">16.25</major_axis>
          <minor_axis units="km">16.25</minor_axis>
          <orientation units="degrees true">0</orientation>
        </ellipse>
      </area>
    </location>
    <nowcast-parameters>
      <mesocyclone_shear_mean units="m/s/km">2.951404</mesocyclone_shear_mean>
      <mesocyclone_shear_max units="m/s/km">15.017105</mesocyclone_shear_max>
      <mesocyclone_momentum_mean units="m/s/km">156.499404</mesocyclone_momentum_mean>
      <mesocyclone_momentum_max units="m/s/km">390.074416</mesocyclone_momentum_max>
      <mesocyclone_diameter units="km">16.250000</mesocyclone_diameter>
      <mesocyclone_diameter_equivalent units="km">12.397831</mesocyclone_diameter_equivalent>
      <mesocyclone_top units="km">8.505004</mesocyclone_top>
      <mesocyclone_base units="km">2.384900</mesocyclone_base>
      <mesocyclone_echotop units="km">9.561131</mesocyclone_echotop>
      <mesocyclone_vil units="kg/m*m">20.113808</mesocyclone_vil>
      <mesocyclone_shear_vectors>63</mesocyclone_shear_vectors>
      <mesocyclone_shear_features>4</mesocyclone_shear_features>
      <elevations>
        <elevation site="eis" units="&#176;">2.5,3.5</elevation>
        <elevation site="isn" units="&#176;">2.5,3.5</elevation>
      </elevations>
      <mean_dbz units="DBZ">40.20</mean_dbz>
      <max_dbz units="DBZ">58.02</max_dbz>
      <mesocyclone_velocity_max units="m/s">31.715561</mesocyclone_velocity_max>
      <mesocyclone_velocity_rotational_max units="m/s">17.138821</mesocyclone_velocity_rotational_max>
      <mesocyclone_velocity_rotational_mean units="m/s">9.699052</mesocyclone_velocity_rotational_mean>
      <mesocyclone_velocity_rotational_max_closest_to_ground units="m/s">17.138821</mesocyclone_velocity_rotational_max_closest_to_ground>
      <meso_intensity>3</meso_intensity>
    </nowcast-parameters>
  </event>
  <event ID="61">
    <time time-coordinate="UTC">2021-07-08T14:25:00</time>
    <location>
      <area>
        <ellipse>
          <moving-point>
            <latitude>48.925728</latitude>
            <longitude>12.602929</longitude>
            <polar_motion>
              <speed units="km/h">0.0</speed>
            </polar_motion>
          </moving-point>
          <major_axis units="km">5.90</major_axis>
          <minor_axis units="km">5.90</minor_axis>
          <orientation units="degrees true">0</orientation>
        </ellipse>
      </area>
    </location>
    <nowcast-parameters>
      <mesocyclone_shear_mean units="m/s/km">4.612822</mesocyclone_shear_mean>
      <mesocyclone_shear_max units="m/s/km">13.557522</mesocyclone_shear_max>
      <mesocyclone_momentum_mean units="m/s/km">62.164493</mesocyclone_momentum_mean>
      <mesocyclone_momentum_max units="m/s/km">158.977000</mesocyclone_momentum_max>
      <mesocyclone_diameter units="km">5.900640</mesocyclone_diameter>
      <mesocyclone_diameter_equivalent units="km">4.446189</mesocyclone_diameter_equivalent>
      <mesocyclone_top units="km">5.661948</mesocyclone_top>
      <mesocyclone_base units="km">3.236453</mesocyclone_base>
      <mesocyclone_echotop units="km">7.200523</mesocyclone_echotop>
      <mesocyclone_vil units="kg/m*m">3.972197</mesocyclone_vil>
      <mesocyclone_shear_vectors>15</mesocyclone_shear_vectors>
      <mesocyclone_shear_features>3</mesocyclone_shear_features>
      <elevations>
        <elevation site="eis" units="&#176;">2.5,3.5</elevation>
        <elevation site="isn" units="&#176;">2.5</elevation>
      </elevations>
      <mean_dbz units="DBZ">32.05</mean_dbz>
      <max_dbz units="DBZ">49.10</max_dbz>
      <mesocyclone_velocity_max units="m/s">30.371002</mesocyclone_velocity_max>
      <mesocyclone_velocity_rotational_max units="m/s">16.634739</mesocyclone_velocity_rotational_max>
      <mesocyclone_velocity_rotational_mean units="m/s">7.882290</mesocyclone_velocity_rotational_mean>
      <mesocyclone_velocity_rotational_max_closest_to_ground units="m/s">16.634739</mesocyclone_velocity_rotational_max_closest_to_ground>
      <meso_intensity>2</meso_intensity>
    </nowcast-parameters>
  </event>
  <event ID="55">
    <time time-coordinate="UTC">2021-07-08T14:25:00</time>
    <location>
      <area>
        <ellipse>
          <moving-point>
            <latitude>48.377066</latitude>
            <longitude>13.014898</longitude>
            <polar_motion>
              <speed units="km/h">0.0</speed>
            </polar_motion>
          </moving-point>
          <major_axis units="km">8.49</major_axis>
          <minor_axis units="km">8.49</minor_axis>
          <orientation units="degrees true">0</orientation>
        </ellipse>
      </area>
    </location>
    <nowcast-parameters>
      <mesocyclone_shear_mean units="m/s/km">5.201355</mesocyclone_shear_mean>
      <mesocyclone_shear_max units="m/s/km">10.647696</mesocyclone_shear_max>
      <mesocyclone_momentum_mean units="m/s/km">86.342018</mesocyclone_momentum_mean>
      <mesocyclone_momentum_max units="m/s/km">192.284111</mesocyclone_momentum_max>
      <mesocyclone_diameter units="km">8.487752</mesocyclone_diameter>
      <mesocyclone_diameter_equivalent units="km">3.823889</mesocyclone_diameter_equivalent>
      <mesocyclone_top units="km">5.852977</mesocyclone_top>
      <mesocyclone_base units="km">1.464495</mesocyclone_base>
      <mesocyclone_echotop units="km">10.672216</mesocyclone_echotop>
      <mesocyclone_vil units="kg/m*m">62.598322</mesocyclone_vil>
      <mesocyclone_shear_vectors>8</mesocyclone_shear_vectors>
      <mesocyclone_shear_features>3</mesocyclone_shear_features>
      <elevations>
        <elevation site="eis" units="&#176;">0.5,1.5</elevation>
        <elevation site="isn" units="&#176;">3.5</elevation>
      </elevations>
      <mean_dbz units="DBZ">48.06</mean_dbz>
      <max_dbz units="DBZ">68.13</max_dbz>
      <mesocyclone_velocity_max units="m/s">25.078131</mesocyclone_velocity_max>
      <mesocyclone_velocity_rotational_max units="m/s">13.988302</mesocyclone_velocity_rotational_max>
      <mesocyclone_velocity_rotational_mean units="m/s">9.191273</mesocyclone_velocity_rotational_mean>
      <mesocyclone_velocity_rotational_max_closest_to_ground units="m/s">10.837785</mesocyclone_velocity_rotational_max_closest_to_ground>
      <meso_intensity>2</meso_intensity>
    </nowcast-parameters>
  </event>
  <event ID="59">
    <time time-coordinate="UTC">2021-07-08T14:25:00</time>
    <location>
      <area>
        <ellipse>
          <moving-point>
            <latitude>48.349095</latitude>
            <longitude>12.886989</longitude>
            <polar_motion>
              <speed units="km/h">0.0</speed>
            </polar_motion>
          </moving-point>
          <major_axis units="km">9.55</major_axis>
          <minor_axis units="km">9.55</minor_axis>
          <orientation units="degrees true">0</orientation>
        </ellipse>
      </area>
    </location>
    <nowcast-parameters>
      <mesocyclone_shear_mean units="m/s/km">4.605603</mesocyclone_shear_mean>
      <mesocyclone_shear_max units="m/s/km">9.821645</mesocyclone_shear_max>
      <mesocyclone_momentum_mean units="m/s/km">95.463481</mesocyclone_momentum_mean>
      <mesocyclone_momentum_max units="m/s/km">1015.902709</mesocyclone_momentum_max>
      <mesocyclone_diameter units="km">9.551464</mesocyclone_diameter>
      <mesocyclone_diameter_equivalent units="km">7.527537</mesocyclone_diameter_equivalent>
      <mesocyclone_top units="km">8.552428</mesocyclone_top>
      <mesocyclone_base units="km">2.638459</mesocyclone_base>
      <mesocyclone_echotop units="km">10.077061</mesocyclone_echotop>
      <mesocyclone_vil units="kg/m*m">96.219774</mesocyclone_vil>
      <mesocyclone_shear_vectors>25</mesocyclone_shear_vectors>
      <mesocyclone_shear_features>6</mesocyclone_shear_features>
      <elevations>
        <elevation site="eis" units="&#176;">1.5,2.5</elevation>
        <elevation site="isn" units="&#176;">2.5,3.5,4.5,5.5</elevation>
      </elevations>
      <mean_dbz units="DBZ">51.61</mean_dbz>
      <max_dbz units="DBZ">69.47</max_dbz>
      <mesocyclone_velocity_max units="m/s">29.362831</mesocyclone_velocity_max>
      <mesocyclone_velocity_rotational_max units="m/s">35.285811</mesocyclone_velocity_rotational_max>
      <mesocyclone_velocity_rotational_mean units="m/s">9.144866</mesocyclone_velocity_rotational_mean>
      <mesocyclone_velocity_rotational_max_closest_to_ground units="m/s">10.361258</mesocyclone_velocity_rotational_max_closest_to_ground>
      <meso_intensity>3</meso_intensity>
    </nowcast-parameters>
  </event>
  <event ID="60">
    <time time-coordinate="UTC">2021-07-08T14:25:00</time>
    <location>
      <area>
        <ellipse>
          <moving-point>
            <latitude>47.959888</latitude>
            <longitude>11.934461</longitude>
            <polar_motion>
              <speed units="km/h">0.0</speed>
            </polar_motion>
          </moving-point>
          <major_axis units="km">9.50</major_axis>
          <minor_axis units="km">9.50</minor_axis>
          <orientation units="degrees true">0</orientation>
        </ellipse>
      </area>
    </location>
    <nowcast-parameters>
      <mesocyclone_shear_mean units="m/s/km">3.836745</mesocyclone_shear_mean>
      <mesocyclone_shear_max units="m/s/km">7.421449</mesocyclone_shear_max>
      <mesocyclone_momentum_mean units="m/s/km">82.496619</mesocyclone_momentum_mean>
      <mesocyclone_momentum_max units="m/s/km">221.292176</mesocyclone_momentum_max>
      <mesocyclone_diameter units="km">9.500000</mesocyclone_diameter>
      <mesocyclone_diameter_equivalent units="km">6.715416</mesocyclone_diameter_equivalent>
      <mesocyclone_top units="km">8.021359</mesocyclone_top>
      <mesocyclone_base units="km">4.446403</mesocyclone_base>
      <mesocyclone_echotop units="km">8.849046</mesocyclone_echotop>
      <mesocyclone_vil units="kg/m*m">7.471350</mesocyclone_vil>
      <mesocyclone_shear_vectors>23</mesocyclone_shear_vectors>
      <mesocyclone_shear_features>3</mesocyclone_shear_features>
      <elevations>
        <elevation site="eis" units="&#176;">1.5</elevation>
        <elevation site="isn" units="&#176;">8.0,12.0</elevation>
      </elevations>
      <mean_dbz units="DBZ">35.92</mean_dbz>
      <max_dbz units="DBZ">52.26</max_dbz>
      <mesocyclone_velocity_max units="m/s">32.101475</mesocyclone_velocity_max>
      <mesocyclone_velocity_rotational_max units="m/s">17.390864</mesocyclone_velocity_rotational_max>
      <mesocyclone_velocity_rotational_mean units="m/s">8.010166</mesocyclone_velocity_rotational_mean>
      <mesocyclone_velocity_rotational_max_closest_to_ground units="m/s">12.382966</mesocyclone_velocity_rotational_max_closest_to_ground>
      <meso_intensity>3</meso_intensity>
    </nowcast-parameters>
  </event>
  <event ID="67">
    <time time-coordinate="UTC">2021-07-08T14:25:00</time>
    <location>
      <area>
        <ellipse>
          <moving-point>
            <latitude>47.517090</latitude>
            <longitude>10.991032</longitude>
            <polar_motion>
              <speed units="km/h">0.0</speed>
            </polar_motion>
          </moving-point>
          <major_axis units="km">11.48</major_axis>
          <minor_axis units="km">11.48</minor_axis>
          <orientation units="degrees true">0</orientation>
        </ellipse>
      </area>
    </location>
    <nowcast-parameters>
      <mesocyclone_shear_mean units="m/s/km">4.588690</mesocyclone_shear_mean>
      <mesocyclone_shear_max units="m/s/km">10.814517</mesocyclone_shear_max>
      <mesocyclone_momentum_mean units="m/s/km">111.484268</mesocyclone_momentum_mean>
      <mesocyclone_momentum_max units="m/s/km">313.222475</mesocyclone_momentum_max>
      <mesocyclone_diameter units="km">11.484401</mesocyclone_diameter>
      <mesocyclone_diameter_equivalent units="km">5.048821</mesocyclone_diameter_equivalent>
      <mesocyclone_top units="km">5.609995</mesocyclone_top>
      <mesocyclone_base units="km">0.483075</mesocyclone_base>
      <mesocyclone_echotop units="km">6.749814</mesocyclone_echotop>
      <mesocyclone_vil units="kg/m*m">4.935994</mesocyclone_vil>
      <mesocyclone_shear_vectors>16</mesocyclone_shear_vectors>
      <mesocyclone_shear_features>2</mesocyclone_shear_features>
      <elevations>
        <elevation site="tur" units="&#176;">0.5</elevation>
        <elevation site="isn" units="&#176;">2.5</elevation>
      </elevations>
      <mean_dbz units="DBZ">30.52</mean_dbz>
      <max_dbz units="DBZ">49.92</max_dbz>
      <mesocyclone_velocity_max units="m/s">31.715561</mesocyclone_velocity_max>
      <mesocyclone_velocity_rotational_max units="m/s">14.849745</mesocyclone_velocity_rotational_max>
      <mesocyclone_velocity_rotational_mean units="m/s">8.907261</mesocyclone_velocity_rotational_mean>
      <mesocyclone_velocity_rotational_max_closest_to_ground units="m/s">14.849745</mesocyclone_velocity_rotational_max_closest_to_ground>
      <meso_intensity>3</meso_intensity>
    </nowcast-parameters>
  </event>
  <event ID="98">
    <time time-coordinate="UTC">2021-07-08T14:25:00</time>
    <location>
      <area>
        <ellipse>
          <moving-point>
            <latitude>47.207941</latitude>
            <longitude>11.884382</longitude>
            <polar_motion>
              <speed units="km/h">0.0</speed>
            </polar_motion>
          </moving-point>
          <major_axis units="km">10.00</major_axis>
          <minor_axis units="km">10.00</minor_axis>
          <orientation units="degrees true">0</orientation>
        </ellipse>
      </area>
    </location>
    <nowcast-parameters>
      <mesocyclone_shear_mean units="m/s/km">5.532774</mesocyclone_shear_mean>
      <mesocyclone_shear_max units="m/s/km">15.367470</mesocyclone_shear_max>
      <mesocyclone_momentum_mean units="m/s/km">172.387792</mesocyclone_momentum_mean>
      <mesocyclone_momentum_max units="m/s/km">654.790199</mesocyclone_momentum_max>
      <mesocyclone_diameter units="km">10.000000</mesocyclone_diameter>
      <mesocyclone_diameter_equivalent units="km">6.732289</mesocyclone_diameter_equivalent>
      <mesocyclone_top units="km">6.906270</mesocyclone_top>
      <mesocyclone_base units="km">3.705271</mesocyclone_base>
      <mesocyclone_echotop units="km">9.549311</mesocyclone_echotop>
      <mesocyclone_vil units="kg/m*m">6.596507</mesocyclone_vil>
      <mesocyclone_shear_vectors>21</mesocyclone_shear_vectors>
      <mesocyclone_shear_features>2</mesocyclone_shear_features>
      <elevations>
        <elevation site="isn" units="&#176;">2.5,3.5</elevation>
      </elevations>
      <mean_dbz units="DBZ">31.88</mean_dbz>
      <max_dbz units="DBZ">48.04</max_dbz>
      <mesocyclone_velocity_max units="m/s">31.715559</mesocyclone_velocity_max>
      <mesocyclone_velocity_rotational_max units="m/s">28.935708</mesocyclone_velocity_rotational_max>
      <mesocyclone_velocity_rotational_mean units="m/s">12.884565</mesocyclone_velocity_rotational_mean>
      <mesocyclone_velocity_rotational_max_closest_to_ground units="m/s">16.300030</mesocyclone_velocity_rotational_max_closest_to_ground>
      <meso_intensity>3</meso_intensity>
    </nowcast-parameters>
  </event>
  <event ID="81">
    <time time-coordinate="UTC">2021-07-08T14:25:00</time>
    <location>
      <area>
        <ellipse>
          <moving-point>
            <latitude>47.189174</latitude>
            <longitude>11.219459</longitude>
            <polar_motion>
              <speed units="km/h">0.0</speed>
            </polar_motion>
          </moving-point>
          <major_axis units="km">16.75</major_axis>
          <minor_axis units="km">16.75</minor_axis>
          <orientation units="degrees true">0</orientation>
        </ellipse>
      </area>
    </location>
    <nowcast-parameters>
      <mesocyclone_shear_mean units="m/s/km">3.770288</mesocyclone_shear_mean>
      <mesocyclone_shear_max units="m/s/km">12.448096</mesocyclone_shear_max>
      <mesocyclone_momentum_mean units="m/s/km">129.068521</mesocyclone_momentum_mean>
      <mesocyclone_momentum_max units="m/s/km">678.927993</mesocyclone_momentum_max>
      <mesocyclone_diameter units="km">16.750000</mesocyclone_diameter>
      <mesocyclone_diameter_equivalent units="km">10.427215</mesocyclone_diameter_equivalent>
      <mesocyclone_top units="km">9.301629</mesocyclone_top>
      <mesocyclone_base units="km">-0.153765</mesocyclone_base>
      <mesocyclone_echotop units="km">7.452276</mesocyclone_echotop>
      <mesocyclone_vil units="kg/m*m">14.100003</mesocyclone_vil>
      <mesocyclone_shear_vectors>38</mesocyclone_shear_vectors>
      <mesocyclone_shear_features>6</mesocyclone_shear_features>
      <elevations>
        <elevation site="isn" units="&#176;">0.5,1.5,2.5,3.5</elevation>
        <elevation site="mem" units="&#176;">0.5,1.5</elevation>
      </elevations>
      <mean_dbz units="DBZ">36.99</mean_dbz>
      <max_dbz units="DBZ">55.32</max_dbz>
      <mesocyclone_velocity_max units="m/s">31.968277</mesocyclone_velocity_max>
      <mesocyclone_velocity_rotational_max units="m/s">29.314779</mesocyclone_velocity_rotational_max>
      <mesocyclone_velocity_rotational_mean units="m/s">9.253055</mesocyclone_velocity_rotational_mean>
      <mesocyclone_velocity_rotational_max_closest_to_ground units="m/s">16.916775</mesocyclone_velocity_rotational_max_closest_to_ground>
      <meso_intensity>5</meso_intensity>
    </nowcast-parameters>
  </event>
  <event ID="94">
    <time time-coordinate="UTC">2021-07-08T14:25:00</time>
    <location>
      <area>
        <ellipse>
          <moving-point>
            <latitude>47.146161</latitude>
            <longitude>10.684347</longitude>
            <polar_motion>
              <speed units="km/h">0.0</speed>
            </polar_motion>
          </moving-point>
          <major_axis units="km">17.75</major_axis>
          <minor_axis units="km">17.75</minor_axis>
          <orientation units="degrees true">0</orientation>
        </ellipse>
      </area>
    </location>
    <nowcast-parameters>
      <mesocyclone_shear_mean units="m/s/km">4.866414</mesocyclone_shear_mean>
      <mesocyclone_shear_max units="m/s/km">16.373443</mesocyclone_shear_max>
      <mesocyclone_momentum_mean units="m/s/km">107.043817</mesocyclone_momentum_mean>
      <mesocyclone_momentum_max units="m/s/km">408.350725</mesocyclone_momentum_max>
      <mesocyclone_diameter units="km">17.750000</mesocyclone_diameter>
      <mesocyclone_diameter_equivalent units="km">7.202450</mesocyclone_diameter_equivalent>
      <mesocyclone_top units="km">9.358297</mesocyclone_top>
      <mesocyclone_base units="km">3.440392</mesocyclone_base>
      <mesocyclone_echotop units="km">9.033094</mesocyclone_echotop>
      <mesocyclone_vil units="kg/m*m">6.623464</mesocyclone_vil>
      <mesocyclone_shear_vectors>32</mesocyclone_shear_vectors>
      <mesocyclone_shear_features>4</mesocyclone_shear_features>
      <elevations>
        <elevation site="isn" units="&#176;">1.5</elevation>
        <elevation site="mem" units="&#176;">2.5,3.5,4.5</elevation>
      </elevations>
      <mean_dbz units="DBZ">35.20</mean_dbz>
      <max_dbz units="DBZ">48.44</max_dbz>
      <mesocyclone_velocity_max units="m/s">31.939882</mesocyclone_velocity_max>
      <mesocyclone_velocity_rotational_max units="m/s">18.305465</mesocyclone_velocity_rotational_max>
      <mesocyclone_velocity_rotational_mean units="m/s">9.774108</mesocyclone_velocity_rotational_mean>
      <mesocyclone_velocity_rotational_max_closest_to_ground units="m/s">18.069024</mesocyclone_velocity_rotational_max_closest_to_ground>
      <meso_intensity>3</meso_intensity>
    </nowcast-parameters>
  </event>
  <event ID="84">
    <time time-coordinate="UTC">2021-07-08T14:25:00</time>
    <location>
      <area>
        <ellipse>
          <moving-point>
            <latitude>46.902694</latitude>
            <longitude>11.102441</longitude>
            <polar_motion>
              <speed units="km/h">0.0</speed>
            </polar_motion>
          </moving-point>
          <major_axis units="km">10.34</major_axis>
          <minor_axis units="km">10.34</minor_axis>
          <orientation units="degrees true">0</orientation>
        </ellipse>
      </area>
    </location>
    <nowcast-parameters>
      <mesocyclone_shear_mean units="m/s/km">4.340092</mesocyclone_shear_mean>
      <mesocyclone_shear_max units="m/s/km">8.066353</mesocyclone_shear_max>
      <mesocyclone_momentum_mean units="m/s/km">121.311342</mesocyclone_momentum_mean>
      <mesocyclone_momentum_max units="m/s/km">817.942453</mesocyclone_momentum_max>
      <mesocyclone_diameter units="km">10.342762</mesocyclone_diameter>
      <mesocyclone_diameter_equivalent units="km">6.475203</mesocyclone_diameter_equivalent>
      <mesocyclone_top units="km">7.564949</mesocyclone_top>
      <mesocyclone_base units="km">-0.587720</mesocyclone_base>
      <mesocyclone_echotop units="km">9.105547</mesocyclone_echotop>
      <mesocyclone_vil units="kg/m*m">14.588440</mesocyclone_vil>
      <mesocyclone_shear_vectors>23</mesocyclone_shear_vectors>
      <mesocyclone_shear_features>3</mesocyclone_shear_features>
      <elevations>
        <elevation site="isn" units="&#176;">0.5,1.5,2.5</elevation>
      </elevations>
      <mean_dbz units="DBZ">40.40</mean_dbz>
      <max_dbz units="DBZ">54.54</max_dbz>
      <mesocyclone_velocity_max units="m/s">31.968277</mesocyclone_velocity_max>
      <mesocyclone_velocity_rotational_max units="m/s">34.874478</mesocyclone_velocity_rotational_max>
      <mesocyclone_velocity_rotational_mean units="m/s">9.219367</mesocyclone_velocity_rotational_mean>
      <mesocyclone_velocity_rotational_max_closest_to_ground units="m/s">11.877539</mesocyclone_velocity_rotational_max_closest_to_ground>
      <meso_intensity>5</meso_intensity>
    </nowcast-parameters>
  </event>
</nowcast-data>
