<?xml version="1.0" encoding="UTF-8"?>
<nowcast-data>
  <radar-stations>ASB,BOO,ROS,HNR,UMD,PRO,ESS,FLD,DRS,NEU,NHB,OFT,EIS,TUR,ISN,FBG,MEM</radar-stations>
  <event ID="16">
    <time time-coordinate="UTC">2021-07-08T09:25:00</time>
    <location>
      <area>
        <ellipse>
          <moving-point>
            <latitude>49.160266</latitude>
            <longitude>11.699444</longitude>
            <polar_motion>
              <speed units="km/h">0.0</speed>
            </polar_motion>
          </moving-point>
          <major_axis units="km">7.24</major_axis>
          <minor_axis units="km">7.24</minor_axis>
          <orientation units="degrees true">0</orientation>
        </ellipse>
      </area>
    </location>
    <nowcast-parameters>
      <mesocyclone_shear_mean units="m/s/km">6.194231</mesocyclone_shear_mean>
      <mesocyclone_shear_max units="m/s/km">26.033754</mesocyclone_shear_max>
      <mesocyclone_momentum_mean units="m/s/km">107.181783</mesocyclone_momentum_mean>
      <mesocyclone_momentum_max units="m/s/km">171.427112</mesocyclone_momentum_max>
      <mesocyclone_diameter units="km">7.242560</mesocyclone_diameter>
      <mesocyclone_diameter_equivalent units="km">4.049711</mesocyclone_diameter_equivalent>
      <mesocyclone_top units="km">7.878152</mesocyclone_top>
      <mesocyclone_base units="km">2.913449</mesocyclone_base>
      <mesocyclone_echotop units="km">8.393351</mesocyclone_echotop>
      <mesocyclone_vil units="kg/m*m">17.646948</mesocyclone_vil>
      <mesocyclone_shear_vectors>14</mesocyclone_shear_vectors>
      <mesocyclone_shear_features>3</mesocyclone_shear_features>
      <elevations>
        <elevation site="eis" units="&#176;">5.5</elevation>
        <elevation site="isn" units="&#176;">1.5</elevation>
        <elevation site="mem" units="&#176;">1.5</elevation>
      </elevations>
      <mean_dbz units="DBZ">43.41</mean_dbz>
      <max_dbz units="DBZ">61.05</max_dbz>
      <mesocyclone_velocity_max units="m/s">31.462845</mesocyclone_velocity_max>
      <mesocyclone_velocity_rotational_max units="m/s">15.752595</mesocyclone_velocity_rotational_max>
      <mesocyclone_velocity_rotational_mean units="m/s">11.678620</mesocyclone_velocity_rotational_mean>
      <mesocyclone_velocity_rotational_max_closest_to_ground units="m/s">14.025606</mesocyclone_velocity_rotational_max_closest_to_ground>
      <meso_intensity>2</meso_intensity>
    </nowcast-parameters>
  </event>
  <event ID="27">
    <time time-coordinate="UTC">2021-07-08T09:25:00</time>
    <location>
      <area>
        <ellipse>
          <moving-point>
            <latitude>48.344367</latitude>
            <longitude>8.536273</longitude>
            <polar_motion>
              <speed units="km/h">0.0</speed>
            </polar_motion>
          </moving-point>
          <major_axis units="km">11.00</major_axis>
          <minor_axis units="km">11.00</minor_axis>
          <orientation units="degrees true">0</orientation>
        </ellipse>
      </area>
    </location>
    <nowcast-parameters>
      <mesocyclone_shear_mean units="m/s/km">2.918365</mesocyclone_shear_mean>
      <mesocyclone_shear_max units="m/s/km">6.657231</mesocyclone_shear_max>
      <mesocyclone_momentum_mean units="m/s/km">84.058480</mesocyclone_momentum_mean>
      <mesocyclone_momentum_max units="m/s/km">155.060828</mesocyclone_momentum_max>
      <mesocyclone_diameter units="km">11.000000</mesocyclone_diameter>
      <mesocyclone_diameter_equivalent units="km">6.433577</mesocyclone_diameter_equivalent>
      <mesocyclone_top units="km">7.627975</mesocyclone_top>
      <mesocyclone_base units="km">4.349851</mesocyclone_base>
      <mesocyclone_echotop units="km">6.965338</mesocyclone_echotop>
      <mesocyclone_vil units="kg/m*m">9.466243</mesocyclone_vil>
      <mesocyclone_shear_vectors>19</mesocyclone_shear_vectors>
      <mesocyclone_shear_features>3</mesocyclone_shear_features>
      <elevations>
        <elevation site="tur" units="&#176;">3.5</elevation>
        <elevation site="fbg" units="&#176;">3.5,4.5</elevation>
      </elevations>
      <mean_dbz units="DBZ">37.98</mean_dbz>
      <max_dbz units="DBZ">55.69</max_dbz>
      <mesocyclone_velocity_max units="m/s">25.446857</mesocyclone_velocity_max>
      <mesocyclone_velocity_rotational_max units="m/s">8.900131</mesocyclone_velocity_rotational_max>
      <mesocyclone_velocity_rotational_mean units="m/s">7.300673</mesocyclone_velocity_rotational_mean>
      <mesocyclone_velocity_rotational_max_closest_to_ground units="m/s">8.900131</mesocyclone_velocity_rotational_max_closest_to_ground>
      <meso_intensity>1</meso_intensity>
    </nowcast-parameters>
  </event>
</nowcast-data>
