<?xml version="1.0" encoding="UTF-8"?>
<nowcast-data>
  <radar-stations>ASB,BOO,ROS,HNR,UMD,PRO,ESS,FLD,DRS,NEU,NHB,OFT,EIS,TUR,ISN,FBG,MEM</radar-stations>
  <event ID="62">
    <time time-coordinate="UTC">2021-07-08T14:10:00</time>
    <location>
      <area>
        <ellipse>
          <moving-point>
            <latitude>49.010451</latitude>
            <longitude>12.696767</longitude>
            <polar_motion>
              <speed units="km/h">0.0</speed>
            </polar_motion>
          </moving-point>
          <major_axis units="km">16.00</major_axis>
          <minor_axis units="km">16.00</minor_axis>
          <orientation units="degrees true">0</orientation>
        </ellipse>
      </area>
    </location>
    <nowcast-parameters>
      <mesocyclone_shear_mean units="m/s/km">2.743967</mesocyclone_shear_mean>
      <mesocyclone_shear_max units="m/s/km">4.891587</mesocyclone_shear_max>
      <mesocyclone_momentum_mean units="m/s/km">121.796702</mesocyclone_momentum_mean>
      <mesocyclone_momentum_max units="m/s/km">301.172643</mesocyclone_momentum_max>
      <mesocyclone_diameter units="km">16.000000</mesocyclone_diameter>
      <mesocyclone_diameter_equivalent units="km">9.920639</mesocyclone_diameter_equivalent>
      <mesocyclone_top units="km">9.647437</mesocyclone_top>
      <mesocyclone_base units="km">4.293064</mesocyclone_base>
      <mesocyclone_echotop units="km">9.431304</mesocyclone_echotop>
      <mesocyclone_vil units="kg/m*m">34.988172</mesocyclone_vil>
      <mesocyclone_shear_vectors>37</mesocyclone_shear_vectors>
      <mesocyclone_shear_features>3</mesocyclone_shear_features>
      <elevations>
        <elevation site="eis" units="&#176;">4.5,8.0</elevation>
        <elevation site="isn" units="&#176;">3.5</elevation>
      </elevations>
      <mean_dbz units="DBZ">43.63</mean_dbz>
      <max_dbz units="DBZ">59.86</max_dbz>
      <mesocyclone_velocity_max units="m/s">31.715561</mesocyclone_velocity_max>
      <mesocyclone_velocity_rotational_max units="m/s">12.382967</mesocyclone_velocity_rotational_max>
      <mesocyclone_velocity_rotational_mean units="m/s">8.476936</mesocyclone_velocity_rotational_mean>
      <mesocyclone_velocity_rotational_max_closest_to_ground units="m/s">11.845950</mesocyclone_velocity_rotational_max_closest_to_ground>
      <meso_intensity>2</meso_intensity>
    </nowcast-parameters>
  </event>
  <event ID="59">
    <time time-coordinate="UTC">2021-07-08T14:10:00</time>
    <location>
      <area>
        <ellipse>
          <moving-point>
            <latitude>48.263477</latitude>
            <longitude>12.758397</longitude>
            <polar_motion>
              <speed units="km/h">0.0</speed>
            </polar_motion>
          </moving-point>
          <major_axis units="km">11.50</major_axis>
          <minor_axis units="km">11.50</minor_axis>
          <orientation units="degrees true">0</orientation>
        </ellipse>
      </area>
    </location>
    <nowcast-parameters>
      <mesocyclone_shear_mean units="m/s/km">3.510520</mesocyclone_shear_mean>
      <mesocyclone_shear_max units="m/s/km">11.666694</mesocyclone_shear_max>
      <mesocyclone_momentum_mean units="m/s/km">99.510348</mesocyclone_momentum_mean>
      <mesocyclone_momentum_max units="m/s/km">280.028652</mesocyclone_momentum_max>
      <mesocyclone_diameter units="km">11.500000</mesocyclone_diameter>
      <mesocyclone_diameter_equivalent units="km">7.375573</mesocyclone_diameter_equivalent>
      <mesocyclone_top units="km">9.229838</mesocyclone_top>
      <mesocyclone_base units="km">2.298955</mesocyclone_base>
      <mesocyclone_echotop units="km">8.897261</mesocyclone_echotop>
      <mesocyclone_vil units="kg/m*m">66.396128</mesocyclone_vil>
      <mesocyclone_shear_vectors>33</mesocyclone_shear_vectors>
      <mesocyclone_shear_features>5</mesocyclone_shear_features>
      <elevations>
        <elevation site="isn" units="&#176;">2.5,3.5,4.5,5.5,8.0</elevation>
      </elevations>
      <mean_dbz units="DBZ">49.96</mean_dbz>
      <max_dbz units="DBZ">67.46</max_dbz>
      <mesocyclone_velocity_max units="m/s">31.715561</mesocyclone_velocity_max>
      <mesocyclone_velocity_rotational_max units="m/s">24.513220</mesocyclone_velocity_rotational_max>
      <mesocyclone_velocity_rotational_mean units="m/s">8.635552</mesocyclone_velocity_rotational_mean>
      <mesocyclone_velocity_rotational_max_closest_to_ground units="m/s">10.993043</mesocyclone_velocity_rotational_max_closest_to_ground>
      <meso_intensity>4</meso_intensity>
    </nowcast-parameters>
  </event>
  <event ID="95">
    <time time-coordinate="UTC">2021-07-08T14:10:00</time>
    <location>
      <area>
        <ellipse>
          <moving-point>
            <latitude>47.764268</latitude>
            <longitude>11.893991</longitude>
            <polar_motion>
              <speed units="km/h">0.0</speed>
            </polar_motion>
          </moving-point>
          <major_axis units="km">12.75</major_axis>
          <minor_axis units="km">12.75</minor_axis>
          <orientation units="degrees true">0</orientation>
        </ellipse>
      </area>
    </location>
    <nowcast-parameters>
      <mesocyclone_shear_mean units="m/s/km">2.750479</mesocyclone_shear_mean>
      <mesocyclone_shear_max units="m/s/km">5.430988</mesocyclone_shear_max>
      <mesocyclone_momentum_mean units="m/s/km">127.553673</mesocyclone_momentum_mean>
      <mesocyclone_momentum_max units="m/s/km">415.110537</mesocyclone_momentum_max>
      <mesocyclone_diameter units="km">12.750000</mesocyclone_diameter>
      <mesocyclone_diameter_equivalent units="km">10.046052</mesocyclone_diameter_equivalent>
      <mesocyclone_top units="km">6.655349</mesocyclone_top>
      <mesocyclone_base units="km">3.227113</mesocyclone_base>
      <mesocyclone_echotop units="km">9.211078</mesocyclone_echotop>
      <mesocyclone_vil units="kg/m*m">30.432353</mesocyclone_vil>
      <mesocyclone_shear_vectors>40</mesocyclone_shear_vectors>
      <mesocyclone_shear_features>3</mesocyclone_shear_features>
      <elevations>
        <elevation site="isn" units="&#176;">4.5,5.5,8.0</elevation>
      </elevations>
      <mean_dbz units="DBZ">41.30</mean_dbz>
      <max_dbz units="DBZ">61.95</max_dbz>
      <mesocyclone_velocity_max units="m/s">31.968277</mesocyclone_velocity_max>
      <mesocyclone_velocity_rotational_max units="m/s">16.300027</mesocyclone_velocity_rotational_max>
      <mesocyclone_velocity_rotational_mean units="m/s">8.619436</mesocyclone_velocity_rotational_mean>
      <mesocyclone_velocity_rotational_max_closest_to_ground units="m/s">11.624826</mesocyclone_velocity_rotational_max_closest_to_ground>
      <meso_intensity>3</meso_intensity>
    </nowcast-parameters>
  </event>
  <event ID="94">
    <time time-coordinate="UTC">2021-07-08T14:10:00</time>
    <location>
      <area>
        <ellipse>
          <moving-point>
            <latitude>47.407843</latitude>
            <longitude>11.460906</longitude>
            <polar_motion>
              <speed units="km/h">0.0</speed>
            </polar_motion>
          </moving-point>
          <major_axis units="km">10.50</major_axis>
          <minor_axis units="km">10.50</minor_axis>
          <orientation units="degrees true">0</orientation>
        </ellipse>
      </area>
    </location>
    <nowcast-parameters>
      <mesocyclone_shear_mean units="m/s/km">1.971101</mesocyclone_shear_mean>
      <mesocyclone_shear_max units="m/s/km">2.601958</mesocyclone_shear_max>
      <mesocyclone_momentum_mean units="m/s/km">161.661951</mesocyclone_momentum_mean>
      <mesocyclone_momentum_max units="m/s/km">323.444708</mesocyclone_momentum_max>
      <mesocyclone_diameter units="km">10.500000</mesocyclone_diameter>
      <mesocyclone_diameter_equivalent units="km">9.118372</mesocyclone_diameter_equivalent>
      <mesocyclone_top units="km">7.924589</mesocyclone_top>
      <mesocyclone_base units="km">4.552262</mesocyclone_base>
      <mesocyclone_echotop units="km">8.912495</mesocyclone_echotop>
      <mesocyclone_vil units="kg/m*m">5.878722</mesocyclone_vil>
      <mesocyclone_shear_vectors>29</mesocyclone_shear_vectors>
      <mesocyclone_shear_features>2</mesocyclone_shear_features>
      <elevations>
        <elevation site="isn" units="&#176;">3.5,4.5</elevation>
      </elevations>
      <mean_dbz units="DBZ">28.09</mean_dbz>
      <max_dbz units="DBZ">48.75</max_dbz>
      <mesocyclone_velocity_max units="m/s">31.968271</mesocyclone_velocity_max>
      <mesocyclone_velocity_rotational_max units="m/s">11.372112</mesocyclone_velocity_rotational_max>
      <mesocyclone_velocity_rotational_mean units="m/s">8.810026</mesocyclone_velocity_rotational_mean>
      <mesocyclone_velocity_rotational_max_closest_to_ground units="m/s">11.372112</mesocyclone_velocity_rotational_max_closest_to_ground>
      <meso_intensity>1</meso_intensity>
    </nowcast-parameters>
  </event>
  <event ID="72">
    <time time-coordinate="UTC">2021-07-08T14:10:00</time>
    <location>
      <area>
        <ellipse>
          <moving-point>
            <latitude>47.255848</latitude>
            <longitude>11.295134</longitude>
            <polar_motion>
              <speed units="km/h">0.0</speed>
            </polar_motion>
          </moving-point>
          <major_axis units="km">20.50</major_axis>
          <minor_axis units="km">20.50</minor_axis>
          <orientation units="degrees true">0</orientation>
        </ellipse>
      </area>
    </location>
    <nowcast-parameters>
      <mesocyclone_shear_mean units="m/s/km">2.683524</mesocyclone_shear_mean>
      <mesocyclone_shear_max units="m/s/km">14.880358</mesocyclone_shear_max>
      <mesocyclone_momentum_mean units="m/s/km">192.902736</mesocyclone_momentum_mean>
      <mesocyclone_momentum_max units="m/s/km">616.261417</mesocyclone_momentum_max>
      <mesocyclone_diameter units="km">20.500000</mesocyclone_diameter>
      <mesocyclone_diameter_equivalent units="km">11.446789</mesocyclone_diameter_equivalent>
      <mesocyclone_top units="km">9.002675</mesocyclone_top>
      <mesocyclone_base units="km">0.919989</mesocyclone_base>
      <mesocyclone_echotop units="km">10.118344</mesocyclone_echotop>
      <mesocyclone_vil units="kg/m*m">13.394980</mesocyclone_vil>
      <mesocyclone_shear_vectors>36</mesocyclone_shear_vectors>
      <mesocyclone_shear_features>2</mesocyclone_shear_features>
      <elevations>
        <elevation site="isn" units="&#176;">0.5,3.5</elevation>
      </elevations>
      <mean_dbz units="DBZ">33.77</mean_dbz>
      <max_dbz units="DBZ">53.86</max_dbz>
      <mesocyclone_velocity_max units="m/s">29.946564</mesocyclone_velocity_max>
      <mesocyclone_velocity_rotational_max units="m/s">22.617868</mesocyclone_velocity_rotational_max>
      <mesocyclone_velocity_rotational_mean units="m/s">9.498267</mesocyclone_velocity_rotational_mean>
      <mesocyclone_velocity_rotational_max_closest_to_ground units="m/s">15.289174</mesocyclone_velocity_rotational_max_closest_to_ground>
      <meso_intensity>4</meso_intensity>
    </nowcast-parameters>
  </event>
  <event ID="121">
    <time time-coordinate="UTC">2021-07-08T14:10:00</time>
    <location>
      <area>
        <ellipse>
          <moving-point>
            <latitude>47.063674</latitude>
            <longitude>11.227604</longitude>
            <polar_motion>
              <speed units="km/h">0.0</speed>
            </polar_motion>
          </moving-point>
          <major_axis units="km">9.25</major_axis>
          <minor_axis units="km">9.25</minor_axis>
          <orientation units="degrees true">0</orientation>
        </ellipse>
      </area>
    </location>
    <nowcast-parameters>
      <mesocyclone_shear_mean units="m/s/km">6.467796</mesocyclone_shear_mean>
      <mesocyclone_shear_max units="m/s/km">12.777098</mesocyclone_shear_max>
      <mesocyclone_momentum_mean units="m/s/km">82.947701</mesocyclone_momentum_mean>
      <mesocyclone_momentum_max units="m/s/km">243.005312</mesocyclone_momentum_max>
      <mesocyclone_diameter units="km">9.250000</mesocyclone_diameter>
      <mesocyclone_diameter_equivalent units="km">5.012362</mesocyclone_diameter_equivalent>
      <mesocyclone_top units="km">4.462924</mesocyclone_top>
      <mesocyclone_base units="km">-0.189016</mesocyclone_base>
      <mesocyclone_echotop units="km">8.826863</mesocyclone_echotop>
      <mesocyclone_vil units="kg/m*m">7.943940</mesocyclone_vil>
      <mesocyclone_shear_vectors>19</mesocyclone_shear_vectors>
      <mesocyclone_shear_features>2</mesocyclone_shear_features>
      <elevations>
        <elevation site="mem" units="&#176;">0.5,1.5</elevation>
      </elevations>
      <mean_dbz units="DBZ">36.92</mean_dbz>
      <max_dbz units="DBZ">48.65</max_dbz>
      <mesocyclone_velocity_max units="m/s">31.687389</mesocyclone_velocity_max>
      <mesocyclone_velocity_rotational_max units="m/s">14.896861</mesocyclone_velocity_rotational_max>
      <mesocyclone_velocity_rotational_mean units="m/s">10.205612</mesocyclone_velocity_rotational_mean>
      <mesocyclone_velocity_rotational_max_closest_to_ground units="m/s">14.896861</mesocyclone_velocity_rotational_max_closest_to_ground>
      <meso_intensity>3</meso_intensity>
    </nowcast-parameters>
  </event>
  <event ID="70">
    <time time-coordinate="UTC">2021-07-08T14:10:00</time>
    <location>
      <area>
        <ellipse>
          <moving-point>
            <latitude>47.019828</latitude>
            <longitude>10.562581</longitude>
            <polar_motion>
              <speed units="km/h">0.0</speed>
            </polar_motion>
          </moving-point>
          <major_axis units="km">13.50</major_axis>
          <minor_axis units="km">13.50</minor_axis>
          <orientation units="degrees true">0</orientation>
        </ellipse>
      </area>
    </location>
    <nowcast-parameters>
      <mesocyclone_shear_mean units="m/s/km">4.748198</mesocyclone_shear_mean>
      <mesocyclone_shear_max units="m/s/km">12.094410</mesocyclone_shear_max>
      <mesocyclone_momentum_mean units="m/s/km">87.882295</mesocyclone_momentum_mean>
      <mesocyclone_momentum_max units="m/s/km">365.435396</mesocyclone_momentum_max>
      <mesocyclone_diameter units="km">13.500000</mesocyclone_diameter>
      <mesocyclone_diameter_equivalent units="km">7.074713</mesocyclone_diameter_equivalent>
      <mesocyclone_top units="km">8.237467</mesocyclone_top>
      <mesocyclone_base units="km">0.651578</mesocyclone_base>
      <mesocyclone_echotop units="km">9.123038</mesocyclone_echotop>
      <mesocyclone_vil units="kg/m*m">21.894320</mesocyclone_vil>
      <mesocyclone_shear_vectors>37</mesocyclone_shear_vectors>
      <mesocyclone_shear_features>5</mesocyclone_shear_features>
      <elevations>
        <elevation site="tur" units="&#176;">1.5</elevation>
        <elevation site="isn" units="&#176;">0.5,1.5</elevation>
        <elevation site="mem" units="&#176;">1.5,3.5</elevation>
      </elevations>
      <mean_dbz units="DBZ">41.45</mean_dbz>
      <max_dbz units="DBZ">59.13</max_dbz>
      <mesocyclone_velocity_max units="m/s">31.715561</mesocyclone_velocity_max>
      <mesocyclone_velocity_rotational_max units="m/s">21.733370</mesocyclone_velocity_rotational_max>
      <mesocyclone_velocity_rotational_mean units="m/s">9.124220</mesocyclone_velocity_rotational_mean>
      <mesocyclone_velocity_rotational_max_closest_to_ground units="m/s">10.487616</mesocyclone_velocity_rotational_max_closest_to_ground>
      <meso_intensity>4</meso_intensity>
    </nowcast-parameters>
  </event>
  <event ID="131">
    <time time-coordinate="UTC">2021-07-08T14:10:00</time>
    <location>
      <area>
        <ellipse>
          <moving-point>
            <latitude>46.588726</latitude>
            <longitude>10.212327</longitude>
            <polar_motion>
              <speed units="km/h">0.0</speed>
            </polar_motion>
          </moving-point>
          <major_axis units="km">10.26</major_axis>
          <minor_axis units="km">10.26</minor_axis>
          <orientation units="degrees true">0</orientation>
        </ellipse>
      </area>
    </location>
    <nowcast-parameters>
      <mesocyclone_shear_mean units="m/s/km">3.493642</mesocyclone_shear_mean>
      <mesocyclone_shear_max units="m/s/km">6.470822</mesocyclone_shear_max>
      <mesocyclone_momentum_mean units="m/s/km">129.252987</mesocyclone_momentum_mean>
      <mesocyclone_momentum_max units="m/s/km">313.364332</mesocyclone_momentum_max>
      <mesocyclone_diameter units="km">10.257535</mesocyclone_diameter>
      <mesocyclone_diameter_equivalent units="km">5.558272</mesocyclone_diameter_equivalent>
      <mesocyclone_top units="km">8.562565</mesocyclone_top>
      <mesocyclone_base units="km">2.743188</mesocyclone_base>
      <mesocyclone_echotop units="km">7.515369</mesocyclone_echotop>
      <mesocyclone_vil units="kg/m*m">4.569859</mesocyclone_vil>
      <mesocyclone_shear_vectors>12</mesocyclone_shear_vectors>
      <mesocyclone_shear_features>2</mesocyclone_shear_features>
      <elevations>
        <elevation site="mem" units="&#176;">1.5,2.5</elevation>
      </elevations>
      <mean_dbz units="DBZ">32.95</mean_dbz>
      <max_dbz units="DBZ">43.64</max_dbz>
      <mesocyclone_velocity_max units="m/s">30.424948</mesocyclone_velocity_max>
      <mesocyclone_velocity_rotational_max units="m/s">18.305466</mesocyclone_velocity_rotational_max>
      <mesocyclone_velocity_rotational_mean units="m/s">8.830107</mesocyclone_velocity_rotational_mean>
      <mesocyclone_velocity_rotational_max_closest_to_ground units="m/s">7.069696</mesocyclone_velocity_rotational_max_closest_to_ground>
      <meso_intensity>3</meso_intensity>
    </nowcast-parameters>
  </event>
</nowcast-data>
