<?xml version="1.0" encoding="UTF-8"?>
<nowcast-data>
  <radar-stations>ASB,BOO,ROS,HNR,UMD,PRO,ESS,FLD,DRS,NEU,NHB,OFT,EIS,TUR,ISN,FBG,MEM</radar-stations>
  <event ID="25">
    <time time-coordinate="UTC">2021-07-08T04:05:00</time>
    <location>
      <area>
        <ellipse>
          <moving-point>
            <latitude>49.469135</latitude>
            <longitude>11.791032</longitude>
            <polar_motion>
              <speed units="km/h">0.0</speed>
            </polar_motion>
          </moving-point>
          <major_axis units="km">8.00</major_axis>
          <minor_axis units="km">8.00</minor_axis>
          <orientation units="degrees true">0</orientation>
        </ellipse>
      </area>
    </location>
    <nowcast-parameters>
      <mesocyclone_shear_mean units="m/s/km">3.915644</mesocyclone_shear_mean>
      <mesocyclone_shear_max units="m/s/km">13.886131</mesocyclone_shear_max>
      <mesocyclone_momentum_mean units="m/s/km">50.173996</mesocyclone_momentum_mean>
      <mesocyclone_momentum_max units="m/s/km">94.593217</mesocyclone_momentum_max>
      <mesocyclone_diameter units="km">8.000000</mesocyclone_diameter>
      <mesocyclone_diameter_equivalent units="km">4.396338</mesocyclone_diameter_equivalent>
      <mesocyclone_top units="km">5.116574</mesocyclone_top>
      <mesocyclone_base units="km">3.505364</mesocyclone_base>
      <mesocyclone_echotop units="km">5.421967</mesocyclone_echotop>
      <mesocyclone_vil units="kg/m*m">3.691501</mesocyclone_vil>
      <mesocyclone_shear_vectors>17</mesocyclone_shear_vectors>
      <mesocyclone_shear_features>2</mesocyclone_shear_features>
      <elevations>
        <elevation site="eis" units="&#176;">4.5,5.5</elevation>
      </elevations>
      <mean_dbz units="DBZ">34.38</mean_dbz>
      <max_dbz units="DBZ">45.96</max_dbz>
      <mesocyclone_velocity_max units="m/s">19.785259</mesocyclone_velocity_max>
      <mesocyclone_velocity_rotational_max units="m/s">10.963804</mesocyclone_velocity_rotational_max>
      <mesocyclone_velocity_rotational_mean units="m/s">6.764793</mesocyclone_velocity_rotational_mean>
      <mesocyclone_velocity_rotational_max_closest_to_ground units="m/s">10.963804</mesocyclone_velocity_rotational_max_closest_to_ground>
      <meso_intensity>1</meso_intensity>
    </nowcast-parameters>
  </event>
</nowcast-data>
