<?xml version="1.0" encoding="UTF-8"?>
<nowcast-data>
  <radar-stations>ASB,BOO,ROS,HNR,UMD,PRO,ESS,FLD,DRS,NEU,NHB,OFT,EIS,TUR,ISN,FBG,MEM</radar-stations>
  <event ID="4">
    <time time-coordinate="UTC">2021-07-08T14:30:00</time>
    <location>
      <area>
        <ellipse>
          <moving-point>
            <latitude>50.985339</latitude>
            <longitude>9.342865</longitude>
            <polar_motion>
              <speed units="km/h">0.0</speed>
            </polar_motion>
          </moving-point>
          <major_axis units="km">11.50</major_axis>
          <minor_axis units="km">11.50</minor_axis>
          <orientation units="degrees true">0</orientation>
        </ellipse>
      </area>
    </location>
    <nowcast-parameters>
      <mesocyclone_shear_mean units="m/s/km">4.779128</mesocyclone_shear_mean>
      <mesocyclone_shear_max units="m/s/km">8.402681</mesocyclone_shear_max>
      <mesocyclone_momentum_mean units="m/s/km">124.672792</mesocyclone_momentum_mean>
      <mesocyclone_momentum_max units="m/s/km">345.686554</mesocyclone_momentum_max>
      <mesocyclone_diameter units="km">11.500000</mesocyclone_diameter>
      <mesocyclone_diameter_equivalent units="km">5.761394</mesocyclone_diameter_equivalent>
      <mesocyclone_top units="km">7.286157</mesocyclone_top>
      <mesocyclone_base units="km">1.379429</mesocyclone_base>
      <mesocyclone_echotop units="km">9.081387</mesocyclone_echotop>
      <mesocyclone_vil units="kg/m*m">29.546081</mesocyclone_vil>
      <mesocyclone_shear_vectors>19</mesocyclone_shear_vectors>
      <mesocyclone_shear_features>3</mesocyclone_shear_features>
      <elevations>
        <elevation site="hnr" units="&#176;">0.5,1.5</elevation>
        <elevation site="oft" units="&#176;">1.5</elevation>
      </elevations>
      <mean_dbz units="DBZ">42.40</mean_dbz>
      <max_dbz units="DBZ">62.29</max_dbz>
      <mesocyclone_velocity_max units="m/s">31.883247</mesocyclone_velocity_max>
      <mesocyclone_velocity_rotational_max units="m/s">19.155153</mesocyclone_velocity_rotational_max>
      <mesocyclone_velocity_rotational_mean units="m/s">10.634433</mesocyclone_velocity_rotational_mean>
      <mesocyclone_velocity_rotational_max_closest_to_ground units="m/s">19.155153</mesocyclone_velocity_rotational_max_closest_to_ground>
      <meso_intensity>3</meso_intensity>
    </nowcast-parameters>
  </event>
  <event ID="38">
    <time time-coordinate="UTC">2021-07-08T14:30:00</time>
    <location>
      <area>
        <ellipse>
          <moving-point>
            <latitude>49.401743</latitude>
            <longitude>12.654292</longitude>
            <polar_motion>
              <speed units="km/h">0.0</speed>
            </polar_motion>
          </moving-point>
          <major_axis units="km">10.75</major_axis>
          <minor_axis units="km">10.75</minor_axis>
          <orientation units="degrees true">0</orientation>
        </ellipse>
      </area>
    </location>
    <nowcast-parameters>
      <mesocyclone_shear_mean units="m/s/km">3.025304</mesocyclone_shear_mean>
      <mesocyclone_shear_max units="m/s/km">7.662362</mesocyclone_shear_max>
      <mesocyclone_momentum_mean units="m/s/km">85.440652</mesocyclone_momentum_mean>
      <mesocyclone_momentum_max units="m/s/km">156.081923</mesocyclone_momentum_max>
      <mesocyclone_diameter units="km">10.750000</mesocyclone_diameter>
      <mesocyclone_diameter_equivalent units="km">6.834779</mesocyclone_diameter_equivalent>
      <mesocyclone_top units="km">4.652992</mesocyclone_top>
      <mesocyclone_base units="km">1.829339</mesocyclone_base>
      <mesocyclone_echotop units="km">7.857691</mesocyclone_echotop>
      <mesocyclone_vil units="kg/m*m">21.119148</mesocyclone_vil>
      <mesocyclone_shear_vectors>24</mesocyclone_shear_vectors>
      <mesocyclone_shear_features>2</mesocyclone_shear_features>
      <elevations>
        <elevation site="neu" units="&#176;">0.5</elevation>
        <elevation site="eis" units="&#176;">8.0</elevation>
      </elevations>
      <mean_dbz units="DBZ">39.20</mean_dbz>
      <max_dbz units="DBZ">56.93</max_dbz>
      <mesocyclone_velocity_max units="m/s">18.574451</mesocyclone_velocity_max>
      <mesocyclone_velocity_rotational_max units="m/s">10.487615</mesocyclone_velocity_rotational_max>
      <mesocyclone_velocity_rotational_mean units="m/s">7.123130</mesocyclone_velocity_rotational_mean>
      <mesocyclone_velocity_rotational_max_closest_to_ground units="m/s">10.487615</mesocyclone_velocity_rotational_max_closest_to_ground>
      <meso_intensity>2</meso_intensity>
    </nowcast-parameters>
  </event>
  <event ID="41">
    <time time-coordinate="UTC">2021-07-08T14:30:00</time>
    <location>
      <area>
        <ellipse>
          <moving-point>
            <latitude>49.247789</latitude>
            <longitude>12.781268</longitude>
            <polar_motion>
              <speed units="km/h">0.0</speed>
            </polar_motion>
          </moving-point>
          <major_axis units="km">22.75</major_axis>
          <minor_axis units="km">22.75</minor_axis>
          <orientation units="degrees true">0</orientation>
        </ellipse>
      </area>
    </location>
    <nowcast-parameters>
      <mesocyclone_shear_mean units="m/s/km">2.957726</mesocyclone_shear_mean>
      <mesocyclone_shear_max units="m/s/km">14.303195</mesocyclone_shear_max>
      <mesocyclone_momentum_mean units="m/s/km">145.583713</mesocyclone_momentum_mean>
      <mesocyclone_momentum_max units="m/s/km">495.793124</mesocyclone_momentum_max>
      <mesocyclone_diameter units="km">22.750000</mesocyclone_diameter>
      <mesocyclone_diameter_equivalent units="km">13.465437</mesocyclone_diameter_equivalent>
      <mesocyclone_top units="km">8.721357</mesocyclone_top>
      <mesocyclone_base units="km">2.029935</mesocyclone_base>
      <mesocyclone_echotop units="km">9.306699</mesocyclone_echotop>
      <mesocyclone_vil units="kg/m*m">24.220295</mesocyclone_vil>
      <mesocyclone_shear_vectors>80</mesocyclone_shear_vectors>
      <mesocyclone_shear_features>8</mesocyclone_shear_features>
      <elevations>
        <elevation site="neu" units="&#176;">0.5</elevation>
        <elevation site="eis" units="&#176;">2.5,3.5,4.5,5.5,8.0</elevation>
        <elevation site="isn" units="&#176;">2.5,3.5</elevation>
      </elevations>
      <mean_dbz units="DBZ">39.63</mean_dbz>
      <max_dbz units="DBZ">60.07</max_dbz>
      <mesocyclone_velocity_max units="m/s">31.210133</mesocyclone_velocity_max>
      <mesocyclone_velocity_rotational_max units="m/s">21.171485</mesocyclone_velocity_rotational_max>
      <mesocyclone_velocity_rotational_mean units="m/s">9.316639</mesocyclone_velocity_rotational_mean>
      <mesocyclone_velocity_rotational_max_closest_to_ground units="m/s">8.695431</mesocyclone_velocity_rotational_max_closest_to_ground>
      <meso_intensity>4</meso_intensity>
    </nowcast-parameters>
  </event>
  <event ID="55">
    <time time-coordinate="UTC">2021-07-08T14:30:00</time>
    <location>
      <area>
        <ellipse>
          <moving-point>
            <latitude>48.363800</latitude>
            <longitude>12.971166</longitude>
            <polar_motion>
              <speed units="km/h">0.0</speed>
            </polar_motion>
          </moving-point>
          <major_axis units="km">9.28</major_axis>
          <minor_axis units="km">9.28</minor_axis>
          <orientation units="degrees true">0</orientation>
        </ellipse>
      </area>
    </location>
    <nowcast-parameters>
      <mesocyclone_shear_mean units="m/s/km">3.255480</mesocyclone_shear_mean>
      <mesocyclone_shear_max units="m/s/km">8.442996</mesocyclone_shear_max>
      <mesocyclone_momentum_mean units="m/s/km">126.393050</mesocyclone_momentum_mean>
      <mesocyclone_momentum_max units="m/s/km">415.278757</mesocyclone_momentum_max>
      <mesocyclone_diameter units="km">9.283830</mesocyclone_diameter>
      <mesocyclone_diameter_equivalent units="km">8.356334</mesocyclone_diameter_equivalent>
      <mesocyclone_top units="km">7.974363</mesocyclone_top>
      <mesocyclone_base units="km">1.532594</mesocyclone_base>
      <mesocyclone_echotop units="km">10.525877</mesocyclone_echotop>
      <mesocyclone_vil units="kg/m*m">97.698689</mesocyclone_vil>
      <mesocyclone_shear_vectors>27</mesocyclone_shear_vectors>
      <mesocyclone_shear_features>5</mesocyclone_shear_features>
      <elevations>
        <elevation site="eis" units="&#176;">0.5</elevation>
        <elevation site="isn" units="&#176;">2.5,3.5,4.5,5.5</elevation>
      </elevations>
      <mean_dbz units="DBZ">51.18</mean_dbz>
      <max_dbz units="DBZ">68.00</max_dbz>
      <mesocyclone_velocity_max units="m/s">31.462845</mesocyclone_velocity_max>
      <mesocyclone_velocity_rotational_max units="m/s">20.793424</mesocyclone_velocity_rotational_max>
      <mesocyclone_velocity_rotational_mean units="m/s">8.925341</mesocyclone_velocity_rotational_mean>
      <mesocyclone_velocity_rotational_max_closest_to_ground units="m/s">20.793424</mesocyclone_velocity_rotational_max_closest_to_ground>
      <meso_intensity>4</meso_intensity>
    </nowcast-parameters>
  </event>
  <event ID="95">
    <time time-coordinate="UTC">2021-07-08T14:30:00</time>
    <location>
      <area>
        <ellipse>
          <moving-point>
            <latitude>48.170799</latitude>
            <longitude>13.537362</longitude>
            <polar_motion>
              <speed units="km/h">0.0</speed>
            </polar_motion>
          </moving-point>
          <major_axis units="km">16.64</major_axis>
          <minor_axis units="km">16.64</minor_axis>
          <orientation units="degrees true">0</orientation>
        </ellipse>
      </area>
    </location>
    <nowcast-parameters>
      <mesocyclone_shear_mean units="m/s/km">4.278885</mesocyclone_shear_mean>
      <mesocyclone_shear_max units="m/s/km">16.418235</mesocyclone_shear_max>
      <mesocyclone_momentum_mean units="m/s/km">268.554180</mesocyclone_momentum_mean>
      <mesocyclone_momentum_max units="m/s/km">1184.135367</mesocyclone_momentum_max>
      <mesocyclone_diameter units="km">16.644921</mesocyclone_diameter>
      <mesocyclone_diameter_equivalent units="km">9.004171</mesocyclone_diameter_equivalent>
      <mesocyclone_top units="km">6.522057</mesocyclone_top>
      <mesocyclone_base units="km">2.520680</mesocyclone_base>
      <mesocyclone_echotop units="km">10.681485</mesocyclone_echotop>
      <mesocyclone_vil units="kg/m*m">11.433350</mesocyclone_vil>
      <mesocyclone_shear_vectors>26</mesocyclone_shear_vectors>
      <mesocyclone_shear_features>2</mesocyclone_shear_features>
      <elevations>
        <elevation site="isn" units="&#176;">1.5,2.5</elevation>
      </elevations>
      <mean_dbz units="DBZ">34.85</mean_dbz>
      <max_dbz units="DBZ">53.88</max_dbz>
      <mesocyclone_velocity_max units="m/s">31.210131</mesocyclone_velocity_max>
      <mesocyclone_velocity_rotational_max units="m/s">28.809352</mesocyclone_velocity_rotational_max>
      <mesocyclone_velocity_rotational_mean units="m/s">12.434299</mesocyclone_velocity_rotational_mean>
      <mesocyclone_velocity_rotational_max_closest_to_ground units="m/s">17.058168</mesocyclone_velocity_rotational_max_closest_to_ground>
      <meso_intensity>3</meso_intensity>
    </nowcast-parameters>
  </event>
  <event ID="60">
    <time time-coordinate="UTC">2021-07-08T14:30:00</time>
    <location>
      <area>
        <ellipse>
          <moving-point>
            <latitude>47.959575</latitude>
            <longitude>11.923881</longitude>
            <polar_motion>
              <speed units="km/h">0.0</speed>
            </polar_motion>
          </moving-point>
          <major_axis units="km">8.50</major_axis>
          <minor_axis units="km">8.50</minor_axis>
          <orientation units="degrees true">0</orientation>
        </ellipse>
      </area>
    </location>
    <nowcast-parameters>
      <mesocyclone_shear_mean units="m/s/km">4.582430</mesocyclone_shear_mean>
      <mesocyclone_shear_max units="m/s/km">7.182799</mesocyclone_shear_max>
      <mesocyclone_momentum_mean units="m/s/km">54.348289</mesocyclone_momentum_mean>
      <mesocyclone_momentum_max units="m/s/km">151.859987</mesocyclone_momentum_max>
      <mesocyclone_diameter units="km">8.500000</mesocyclone_diameter>
      <mesocyclone_diameter_equivalent units="km">5.491922</mesocyclone_diameter_equivalent>
      <mesocyclone_top units="km">8.754451</mesocyclone_top>
      <mesocyclone_base units="km">4.052835</mesocyclone_base>
      <mesocyclone_echotop units="km">8.345038</mesocyclone_echotop>
      <mesocyclone_vil units="kg/m*m">5.742792</mesocyclone_vil>
      <mesocyclone_shear_vectors>23</mesocyclone_shear_vectors>
      <mesocyclone_shear_features>5</mesocyclone_shear_features>
      <elevations>
        <elevation site="eis" units="&#176;">1.5</elevation>
        <elevation site="isn" units="&#176;">8.0,12.0,17.0,25.0</elevation>
      </elevations>
      <mean_dbz units="DBZ">35.44</mean_dbz>
      <max_dbz units="DBZ">47.06</max_dbz>
      <mesocyclone_velocity_max units="m/s">31.847706</mesocyclone_velocity_max>
      <mesocyclone_velocity_rotational_max units="m/s">12.097994</mesocyclone_velocity_rotational_max>
      <mesocyclone_velocity_rotational_mean units="m/s">7.518097</mesocyclone_velocity_rotational_mean>
      <mesocyclone_velocity_rotational_max_closest_to_ground units="m/s">9.603118</mesocyclone_velocity_rotational_max_closest_to_ground>
      <meso_intensity>2</meso_intensity>
    </nowcast-parameters>
  </event>
  <event ID="106">
    <time time-coordinate="UTC">2021-07-08T14:30:00</time>
    <location>
      <area>
        <ellipse>
          <moving-point>
            <latitude>47.391033</latitude>
            <longitude>11.399150</longitude>
            <polar_motion>
              <speed units="km/h">0.0</speed>
            </polar_motion>
          </moving-point>
          <major_axis units="km">7.25</major_axis>
          <minor_axis units="km">7.25</minor_axis>
          <orientation units="degrees true">0</orientation>
        </ellipse>
      </area>
    </location>
    <nowcast-parameters>
      <mesocyclone_shear_mean units="m/s/km">5.190007</mesocyclone_shear_mean>
      <mesocyclone_shear_max units="m/s/km">12.015569</mesocyclone_shear_max>
      <mesocyclone_momentum_mean units="m/s/km">63.707805</mesocyclone_momentum_mean>
      <mesocyclone_momentum_max units="m/s/km">132.914799</mesocyclone_momentum_max>
      <mesocyclone_diameter units="km">7.250000</mesocyclone_diameter>
      <mesocyclone_diameter_equivalent units="km">3.891903</mesocyclone_diameter_equivalent>
      <mesocyclone_top units="km">4.738622</mesocyclone_top>
      <mesocyclone_base units="km">1.281215</mesocyclone_base>
      <mesocyclone_echotop units="km">9.310313</mesocyclone_echotop>
      <mesocyclone_vil units="kg/m*m">21.716128</mesocyclone_vil>
      <mesocyclone_shear_vectors>11</mesocyclone_shear_vectors>
      <mesocyclone_shear_features>2</mesocyclone_shear_features>
      <elevations>
        <elevation site="isn" units="&#176;">2.5</elevation>
        <elevation site="mem" units="&#176;">1.5</elevation>
      </elevations>
      <mean_dbz units="DBZ">43.04</mean_dbz>
      <max_dbz units="DBZ">59.41</max_dbz>
      <mesocyclone_velocity_max units="m/s">30.957420</mesocyclone_velocity_max>
      <mesocyclone_velocity_rotational_max units="m/s">11.740746</mesocyclone_velocity_rotational_max>
      <mesocyclone_velocity_rotational_mean units="m/s">8.409210</mesocyclone_velocity_rotational_mean>
      <mesocyclone_velocity_rotational_max_closest_to_ground units="m/s">11.740746</mesocyclone_velocity_rotational_max_closest_to_ground>
      <meso_intensity>2</meso_intensity>
    </nowcast-parameters>
  </event>
  <event ID="86">
    <time time-coordinate="UTC">2021-07-08T14:30:00</time>
    <location>
      <area>
        <ellipse>
          <moving-point>
            <latitude>47.187410</latitude>
            <longitude>11.308374</longitude>
            <polar_motion>
              <speed units="km/h">0.0</speed>
            </polar_motion>
          </moving-point>
          <major_axis units="km">12.50</major_axis>
          <minor_axis units="km">12.50</minor_axis>
          <orientation units="degrees true">0</orientation>
        </ellipse>
      </area>
    </location>
    <nowcast-parameters>
      <mesocyclone_shear_mean units="m/s/km">3.470147</mesocyclone_shear_mean>
      <mesocyclone_shear_max units="m/s/km">8.328421</mesocyclone_shear_max>
      <mesocyclone_momentum_mean units="m/s/km">124.031995</mesocyclone_momentum_mean>
      <mesocyclone_momentum_max units="m/s/km">441.247353</mesocyclone_momentum_max>
      <mesocyclone_diameter units="km">12.500000</mesocyclone_diameter>
      <mesocyclone_diameter_equivalent units="km">7.762640</mesocyclone_diameter_equivalent>
      <mesocyclone_top units="km">6.923773</mesocyclone_top>
      <mesocyclone_base units="km">0.411068</mesocyclone_base>
      <mesocyclone_echotop units="km">10.524320</mesocyclone_echotop>
      <mesocyclone_vil units="kg/m*m">25.282622</mesocyclone_vil>
      <mesocyclone_shear_vectors>22</mesocyclone_shear_vectors>
      <mesocyclone_shear_features>3</mesocyclone_shear_features>
      <elevations>
        <elevation site="isn" units="&#176;">2.5</elevation>
        <elevation site="mem" units="&#176;">0.5,1.5</elevation>
      </elevations>
      <mean_dbz units="DBZ">40.32</mean_dbz>
      <max_dbz units="DBZ">58.39</max_dbz>
      <mesocyclone_velocity_max units="m/s">31.715559</mesocyclone_velocity_max>
      <mesocyclone_velocity_rotational_max units="m/s">14.783745</mesocyclone_velocity_rotational_max>
      <mesocyclone_velocity_rotational_mean units="m/s">8.777637</mesocyclone_velocity_rotational_mean>
      <mesocyclone_velocity_rotational_max_closest_to_ground units="m/s">9.847077</mesocyclone_velocity_rotational_max_closest_to_ground>
      <meso_intensity>2</meso_intensity>
    </nowcast-parameters>
  </event>
  <event ID="77">
    <time time-coordinate="UTC">2021-07-08T14:30:00</time>
    <location>
      <area>
        <ellipse>
          <moving-point>
            <latitude>47.105796</latitude>
            <longitude>10.759802</longitude>
            <polar_motion>
              <speed units="km/h">0.0</speed>
            </polar_motion>
          </moving-point>
          <major_axis units="km">7.54</major_axis>
          <minor_axis units="km">7.54</minor_axis>
          <orientation units="degrees true">0</orientation>
        </ellipse>
      </area>
    </location>
    <nowcast-parameters>
      <mesocyclone_shear_mean units="m/s/km">4.995476</mesocyclone_shear_mean>
      <mesocyclone_shear_max units="m/s/km">9.497756</mesocyclone_shear_max>
      <mesocyclone_momentum_mean units="m/s/km">79.035129</mesocyclone_momentum_mean>
      <mesocyclone_momentum_max units="m/s/km">325.648352</mesocyclone_momentum_max>
      <mesocyclone_diameter units="km">7.541737</mesocyclone_diameter>
      <mesocyclone_diameter_equivalent units="km">4.136971</mesocyclone_diameter_equivalent>
      <mesocyclone_top units="km">4.320387</mesocyclone_top>
      <mesocyclone_base units="km">0.914191</mesocyclone_base>
      <mesocyclone_echotop units="km">6.659400</mesocyclone_echotop>
      <mesocyclone_vil units="kg/m*m">4.829340</mesocyclone_vil>
      <mesocyclone_shear_vectors>11</mesocyclone_shear_vectors>
      <mesocyclone_shear_features>2</mesocyclone_shear_features>
      <elevations>
        <elevation site="tur" units="&#176;">0.5</elevation>
        <elevation site="mem" units="&#176;">1.5</elevation>
      </elevations>
      <mean_dbz units="DBZ">35.85</mean_dbz>
      <max_dbz units="DBZ">46.99</max_dbz>
      <mesocyclone_velocity_max units="m/s">30.929924</mesocyclone_velocity_max>
      <mesocyclone_velocity_rotational_max units="m/s">16.664286</mesocyclone_velocity_rotational_max>
      <mesocyclone_velocity_rotational_mean units="m/s">8.359071</mesocyclone_velocity_rotational_mean>
      <mesocyclone_velocity_rotational_max_closest_to_ground units="m/s">16.664286</mesocyclone_velocity_rotational_max_closest_to_ground>
      <meso_intensity>2</meso_intensity>
    </nowcast-parameters>
  </event>
  <event ID="88">
    <time time-coordinate="UTC">2021-07-08T14:30:00</time>
    <location>
      <area>
        <ellipse>
          <moving-point>
            <latitude>46.920076</latitude>
            <longitude>11.350962</longitude>
            <polar_motion>
              <speed units="km/h">0.0</speed>
            </polar_motion>
          </moving-point>
          <major_axis units="km">12.59</major_axis>
          <minor_axis units="km">12.59</minor_axis>
          <orientation units="degrees true">0</orientation>
        </ellipse>
      </area>
    </location>
    <nowcast-parameters>
      <mesocyclone_shear_mean units="m/s/km">4.792606</mesocyclone_shear_mean>
      <mesocyclone_shear_max units="m/s/km">9.110887</mesocyclone_shear_max>
      <mesocyclone_momentum_mean units="m/s/km">166.589062</mesocyclone_momentum_mean>
      <mesocyclone_momentum_max units="m/s/km">570.578442</mesocyclone_momentum_max>
      <mesocyclone_diameter units="km">12.590338</mesocyclone_diameter>
      <mesocyclone_diameter_equivalent units="km">4.469049</mesocyclone_diameter_equivalent>
      <mesocyclone_top units="km">6.338792</mesocyclone_top>
      <mesocyclone_base units="km">-0.050911</mesocyclone_base>
      <mesocyclone_echotop units="km">10.459484</mesocyclone_echotop>
      <mesocyclone_vil units="kg/m*m">5.658626</mesocyclone_vil>
      <mesocyclone_shear_vectors>6</mesocyclone_shear_vectors>
      <mesocyclone_shear_features>2</mesocyclone_shear_features>
      <elevations>
        <elevation site="isn" units="&#176;">0.5</elevation>
        <elevation site="mem" units="&#176;">1.5</elevation>
      </elevations>
      <mean_dbz units="DBZ">33.69</mean_dbz>
      <max_dbz units="DBZ">47.12</max_dbz>
      <mesocyclone_velocity_max units="m/s">31.715561</mesocyclone_velocity_max>
      <mesocyclone_velocity_rotational_max units="m/s">18.195379</mesocyclone_velocity_rotational_max>
      <mesocyclone_velocity_rotational_mean units="m/s">10.820376</mesocyclone_velocity_rotational_mean>
      <mesocyclone_velocity_rotational_max_closest_to_ground units="m/s">18.195379</mesocyclone_velocity_rotational_max_closest_to_ground>
      <meso_intensity>2</meso_intensity>
    </nowcast-parameters>
  </event>
</nowcast-data>
