<?xml version="1.0" encoding="UTF-8"?>
<nowcast-data>
  <radar-stations>ASB,BOO,ROS,HNR,UMD,PRO,ESS,FLD,DRS,NEU,NHB,OFT,EIS,TUR,ISN,FBG,MEM</radar-stations>
  <event ID="11">
    <time time-coordinate="UTC">2021-07-08T13:05:00</time>
    <location>
      <area>
        <ellipse>
          <moving-point>
            <latitude>51.389682</latitude>
            <longitude>13.143137</longitude>
            <polar_motion>
              <speed units="km/h">0.0</speed>
            </polar_motion>
          </moving-point>
          <major_axis units="km">18.25</major_axis>
          <minor_axis units="km">18.25</minor_axis>
          <orientation units="degrees true">0</orientation>
        </ellipse>
      </area>
    </location>
    <nowcast-parameters>
      <mesocyclone_shear_mean units="m/s/km">4.721271</mesocyclone_shear_mean>
      <mesocyclone_shear_max units="m/s/km">8.645052</mesocyclone_shear_max>
      <mesocyclone_momentum_mean units="m/s/km">106.336397</mesocyclone_momentum_mean>
      <mesocyclone_momentum_max units="m/s/km">559.726954</mesocyclone_momentum_max>
      <mesocyclone_diameter units="km">18.250000</mesocyclone_diameter>
      <mesocyclone_diameter_equivalent units="km">5.420590</mesocyclone_diameter_equivalent>
      <mesocyclone_top units="km">8.794524</mesocyclone_top>
      <mesocyclone_base units="km">1.337068</mesocyclone_base>
      <mesocyclone_echotop units="km">7.751008</mesocyclone_echotop>
      <mesocyclone_vil units="kg/m*m">8.148035</mesocyclone_vil>
      <mesocyclone_shear_vectors>18</mesocyclone_shear_vectors>
      <mesocyclone_shear_features>2</mesocyclone_shear_features>
      <elevations>
        <elevation site="pro" units="&#176;">0.5,2.5</elevation>
      </elevations>
      <mean_dbz units="DBZ">36.50</mean_dbz>
      <max_dbz units="DBZ">50.16</max_dbz>
      <mesocyclone_velocity_max units="m/s">28.606709</mesocyclone_velocity_max>
      <mesocyclone_velocity_rotational_max units="m/s">17.138822</mesocyclone_velocity_rotational_max>
      <mesocyclone_velocity_rotational_mean units="m/s">8.957555</mesocyclone_velocity_rotational_mean>
      <mesocyclone_velocity_rotational_max_closest_to_ground units="m/s">17.138822</mesocyclone_velocity_rotational_max_closest_to_ground>
      <meso_intensity>3</meso_intensity>
    </nowcast-parameters>
  </event>
  <event ID="6">
    <time time-coordinate="UTC">2021-07-08T13:05:00</time>
    <location>
      <area>
        <ellipse>
          <moving-point>
            <latitude>51.307161</latitude>
            <longitude>13.130714</longitude>
            <polar_motion>
              <speed units="km/h">0.0</speed>
            </polar_motion>
          </moving-point>
          <major_axis units="km">6.33</major_axis>
          <minor_axis units="km">6.33</minor_axis>
          <orientation units="degrees true">0</orientation>
        </ellipse>
      </area>
    </location>
    <nowcast-parameters>
      <mesocyclone_shear_mean units="m/s/km">4.046266</mesocyclone_shear_mean>
      <mesocyclone_shear_max units="m/s/km">8.396169</mesocyclone_shear_max>
      <mesocyclone_momentum_mean units="m/s/km">98.432722</mesocyclone_momentum_mean>
      <mesocyclone_momentum_max units="m/s/km">169.287408</mesocyclone_momentum_max>
      <mesocyclone_diameter units="km">6.330880</mesocyclone_diameter>
      <mesocyclone_diameter_equivalent units="km">4.248349</mesocyclone_diameter_equivalent>
      <mesocyclone_top units="km">4.598981</mesocyclone_top>
      <mesocyclone_base units="km">1.697124</mesocyclone_base>
      <mesocyclone_echotop units="km">6.846770</mesocyclone_echotop>
      <mesocyclone_vil units="kg/m*m">4.786001</mesocyclone_vil>
      <mesocyclone_shear_vectors>11</mesocyclone_shear_vectors>
      <mesocyclone_shear_features>2</mesocyclone_shear_features>
      <elevations>
        <elevation site="umd" units="&#176;">0.5</elevation>
        <elevation site="drs" units="&#176;">3.5</elevation>
      </elevations>
      <mean_dbz units="DBZ">32.30</mean_dbz>
      <max_dbz units="DBZ">48.34</max_dbz>
      <mesocyclone_velocity_max units="m/s">24.069965</mesocyclone_velocity_max>
      <mesocyclone_velocity_rotational_max units="m/s">14.618406</mesocyclone_velocity_rotational_max>
      <mesocyclone_velocity_rotational_mean units="m/s">9.409549</mesocyclone_velocity_rotational_mean>
      <mesocyclone_velocity_rotational_max_closest_to_ground units="m/s">14.618406</mesocyclone_velocity_rotational_max_closest_to_ground>
      <meso_intensity>2</meso_intensity>
    </nowcast-parameters>
  </event>
  <event ID="35">
    <time time-coordinate="UTC">2021-07-08T13:05:00</time>
    <location>
      <area>
        <ellipse>
          <moving-point>
            <latitude>50.893269</latitude>
            <longitude>13.100412</longitude>
            <polar_motion>
              <speed units="km/h">0.0</speed>
            </polar_motion>
          </moving-point>
          <major_axis units="km">9.22</major_axis>
          <minor_axis units="km">9.22</minor_axis>
          <orientation units="degrees true">0</orientation>
        </ellipse>
      </area>
    </location>
    <nowcast-parameters>
      <mesocyclone_shear_mean units="m/s/km">2.652966</mesocyclone_shear_mean>
      <mesocyclone_shear_max units="m/s/km">7.962408</mesocyclone_shear_max>
      <mesocyclone_momentum_mean units="m/s/km">135.294050</mesocyclone_momentum_mean>
      <mesocyclone_momentum_max units="m/s/km">226.262604</mesocyclone_momentum_max>
      <mesocyclone_diameter units="km">9.218799</mesocyclone_diameter>
      <mesocyclone_diameter_equivalent units="km">7.465964</mesocyclone_diameter_equivalent>
      <mesocyclone_top units="km">7.615710</mesocyclone_top>
      <mesocyclone_base units="km">4.001189</mesocyclone_base>
      <mesocyclone_echotop units="km">6.288692</mesocyclone_echotop>
      <mesocyclone_vil units="kg/m*m">5.697901</mesocyclone_vil>
      <mesocyclone_shear_vectors>20</mesocyclone_shear_vectors>
      <mesocyclone_shear_features>3</mesocyclone_shear_features>
      <elevations>
        <elevation site="drs" units="&#176;">4.5,5.5</elevation>
        <elevation site="eis" units="&#176;">1.5</elevation>
      </elevations>
      <mean_dbz units="DBZ">33.47</mean_dbz>
      <max_dbz units="DBZ">48.02</max_dbz>
      <mesocyclone_velocity_max units="m/s">26.086296</mesocyclone_velocity_max>
      <mesocyclone_velocity_rotational_max units="m/s">12.854117</mesocyclone_velocity_rotational_max>
      <mesocyclone_velocity_rotational_mean units="m/s">8.685738</mesocyclone_velocity_rotational_mean>
      <mesocyclone_velocity_rotational_max_closest_to_ground units="m/s">9.199514</mesocyclone_velocity_rotational_max_closest_to_ground>
      <meso_intensity>2</meso_intensity>
    </nowcast-parameters>
  </event>
  <event ID="32">
    <time time-coordinate="UTC">2021-07-08T13:05:00</time>
    <location>
      <area>
        <ellipse>
          <moving-point>
            <latitude>49.669339</latitude>
            <longitude>12.851113</longitude>
            <polar_motion>
              <speed units="km/h">0.0</speed>
            </polar_motion>
          </moving-point>
          <major_axis units="km">9.50</major_axis>
          <minor_axis units="km">9.50</minor_axis>
          <orientation units="degrees true">0</orientation>
        </ellipse>
      </area>
    </location>
    <nowcast-parameters>
      <mesocyclone_shear_mean units="m/s/km">3.866585</mesocyclone_shear_mean>
      <mesocyclone_shear_max units="m/s/km">8.181959</mesocyclone_shear_max>
      <mesocyclone_momentum_mean units="m/s/km">92.458553</mesocyclone_momentum_mean>
      <mesocyclone_momentum_max units="m/s/km">252.674298</mesocyclone_momentum_max>
      <mesocyclone_diameter units="km">9.500000</mesocyclone_diameter>
      <mesocyclone_diameter_equivalent units="km">5.996453</mesocyclone_diameter_equivalent>
      <mesocyclone_top units="km">8.514280</mesocyclone_top>
      <mesocyclone_base units="km">4.505588</mesocyclone_base>
      <mesocyclone_echotop units="km">9.915736</mesocyclone_echotop>
      <mesocyclone_vil units="kg/m*m">14.308142</mesocyclone_vil>
      <mesocyclone_shear_vectors>20</mesocyclone_shear_vectors>
      <mesocyclone_shear_features>3</mesocyclone_shear_features>
      <elevations>
        <elevation site="drs" units="&#176;">1.5</elevation>
        <elevation site="eis" units="&#176;">12.0</elevation>
        <elevation site="isn" units="&#176;">1.5</elevation>
      </elevations>
      <mean_dbz units="DBZ">38.67</mean_dbz>
      <max_dbz units="DBZ">53.42</max_dbz>
      <mesocyclone_velocity_max units="m/s">31.715559</mesocyclone_velocity_max>
      <mesocyclone_velocity_rotational_max units="m/s">20.793424</mesocyclone_velocity_rotational_max>
      <mesocyclone_velocity_rotational_mean units="m/s">8.652844</mesocyclone_velocity_rotational_mean>
      <mesocyclone_velocity_rotational_max_closest_to_ground units="m/s">20.793424</mesocyclone_velocity_rotational_max_closest_to_ground>
      <meso_intensity>3</meso_intensity>
    </nowcast-parameters>
  </event>
  <event ID="51">
    <time time-coordinate="UTC">2021-07-08T13:05:00</time>
    <location>
      <area>
        <ellipse>
          <moving-point>
            <latitude>49.386491</latitude>
            <longitude>12.967825</longitude>
            <polar_motion>
              <speed units="km/h">0.0</speed>
            </polar_motion>
          </moving-point>
          <major_axis units="km">4.50</major_axis>
          <minor_axis units="km">4.50</minor_axis>
          <orientation units="degrees true">0</orientation>
        </ellipse>
      </area>
    </location>
    <nowcast-parameters>
      <mesocyclone_shear_mean units="m/s/km">4.330783</mesocyclone_shear_mean>
      <mesocyclone_shear_max units="m/s/km">6.487456</mesocyclone_shear_max>
      <mesocyclone_momentum_mean units="m/s/km">45.934793</mesocyclone_momentum_mean>
      <mesocyclone_momentum_max units="m/s/km">129.405892</mesocyclone_momentum_max>
      <mesocyclone_diameter units="km">4.500000</mesocyclone_diameter>
      <mesocyclone_diameter_equivalent units="km">3.449805</mesocyclone_diameter_equivalent>
      <mesocyclone_top units="km">4.158479</mesocyclone_top>
      <mesocyclone_base units="km">2.673191</mesocyclone_base>
      <mesocyclone_echotop units="km">8.037460</mesocyclone_echotop>
      <mesocyclone_vil units="kg/m*m">68.740068</mesocyclone_vil>
      <mesocyclone_shear_vectors>11</mesocyclone_shear_vectors>
      <mesocyclone_shear_features>2</mesocyclone_shear_features>
      <elevations>
        <elevation site="eis" units="&#176;">3.5,4.5</elevation>
      </elevations>
      <mean_dbz units="DBZ">51.39</mean_dbz>
      <max_dbz units="DBZ">68.84</max_dbz>
      <mesocyclone_velocity_max units="m/s">17.264839</mesocyclone_velocity_max>
      <mesocyclone_velocity_rotational_max units="m/s">12.980136</mesocyclone_velocity_rotational_max>
      <mesocyclone_velocity_rotational_mean units="m/s">6.879250</mesocyclone_velocity_rotational_mean>
      <mesocyclone_velocity_rotational_max_closest_to_ground units="m/s">12.980136</mesocyclone_velocity_rotational_max_closest_to_ground>
      <meso_intensity>1</meso_intensity>
    </nowcast-parameters>
  </event>
  <event ID="80">
    <time time-coordinate="UTC">2021-07-08T13:05:00</time>
    <location>
      <area>
        <ellipse>
          <moving-point>
            <latitude>48.594131</latitude>
            <longitude>11.962001</longitude>
            <polar_motion>
              <speed units="km/h">0.0</speed>
            </polar_motion>
          </moving-point>
          <major_axis units="km">7.57</major_axis>
          <minor_axis units="km">7.57</minor_axis>
          <orientation units="degrees true">0</orientation>
        </ellipse>
      </area>
    </location>
    <nowcast-parameters>
      <mesocyclone_shear_mean units="m/s/km">3.491100</mesocyclone_shear_mean>
      <mesocyclone_shear_max units="m/s/km">7.750851</mesocyclone_shear_max>
      <mesocyclone_momentum_mean units="m/s/km">126.844193</mesocyclone_momentum_mean>
      <mesocyclone_momentum_max units="m/s/km">271.878777</mesocyclone_momentum_max>
      <mesocyclone_diameter units="km">7.566106</mesocyclone_diameter>
      <mesocyclone_diameter_equivalent units="km">6.002486</mesocyclone_diameter_equivalent>
      <mesocyclone_top units="km">5.162477</mesocyclone_top>
      <mesocyclone_base units="km">3.678209</mesocyclone_base>
      <mesocyclone_echotop units="km">6.019526</mesocyclone_echotop>
      <mesocyclone_vil units="kg/m*m">16.865870</mesocyclone_vil>
      <mesocyclone_shear_vectors>18</mesocyclone_shear_vectors>
      <mesocyclone_shear_features>2</mesocyclone_shear_features>
      <elevations>
        <elevation site="isn" units="&#176;">4.5,5.5</elevation>
      </elevations>
      <mean_dbz units="DBZ">40.41</mean_dbz>
      <max_dbz units="DBZ">59.19</max_dbz>
      <mesocyclone_velocity_max units="m/s">28.177570</mesocyclone_velocity_max>
      <mesocyclone_velocity_rotational_max units="m/s">14.151962</mesocyclone_velocity_rotational_max>
      <mesocyclone_velocity_rotational_mean units="m/s">9.654450</mesocyclone_velocity_rotational_mean>
      <mesocyclone_velocity_rotational_max_closest_to_ground units="m/s">11.372112</mesocyclone_velocity_rotational_max_closest_to_ground>
      <meso_intensity>1</meso_intensity>
    </nowcast-parameters>
  </event>
  <event ID="74">
    <time time-coordinate="UTC">2021-07-08T13:05:00</time>
    <location>
      <area>
        <ellipse>
          <moving-point>
            <latitude>47.720608</latitude>
            <longitude>12.135424</longitude>
            <polar_motion>
              <speed units="km/h">0.0</speed>
            </polar_motion>
          </moving-point>
          <major_axis units="km">9.09</major_axis>
          <minor_axis units="km">9.09</minor_axis>
          <orientation units="degrees true">0</orientation>
        </ellipse>
      </area>
    </location>
    <nowcast-parameters>
      <mesocyclone_shear_mean units="m/s/km">4.510721</mesocyclone_shear_mean>
      <mesocyclone_shear_max units="m/s/km">16.912697</mesocyclone_shear_max>
      <mesocyclone_momentum_mean units="m/s/km">150.182436</mesocyclone_momentum_mean>
      <mesocyclone_momentum_max units="m/s/km">532.901465</mesocyclone_momentum_max>
      <mesocyclone_diameter units="km">9.085251</mesocyclone_diameter>
      <mesocyclone_diameter_equivalent units="km">7.687053</mesocyclone_diameter_equivalent>
      <mesocyclone_top units="km">10.535737</mesocyclone_top>
      <mesocyclone_base units="km">1.534197</mesocyclone_base>
      <mesocyclone_echotop units="km">7.362581</mesocyclone_echotop>
      <mesocyclone_vil units="kg/m*m">53.930456</mesocyclone_vil>
      <mesocyclone_shear_vectors>29</mesocyclone_shear_vectors>
      <mesocyclone_shear_features>4</mesocyclone_shear_features>
      <elevations>
        <elevation site="isn" units="&#176;">2.5,8.0,12.0</elevation>
        <elevation site="mem" units="&#176;">0.5</elevation>
      </elevations>
      <mean_dbz units="DBZ">44.87</mean_dbz>
      <max_dbz units="DBZ">61.59</max_dbz>
      <mesocyclone_velocity_max units="m/s">31.968271</mesocyclone_velocity_max>
      <mesocyclone_velocity_rotational_max units="m/s">19.079876</mesocyclone_velocity_rotational_max>
      <mesocyclone_velocity_rotational_mean units="m/s">11.107899</mesocyclone_velocity_rotational_mean>
      <mesocyclone_velocity_rotational_max_closest_to_ground units="m/s">15.906818</mesocyclone_velocity_rotational_max_closest_to_ground>
      <meso_intensity>3</meso_intensity>
    </nowcast-parameters>
  </event>
  <event ID="59">
    <time time-coordinate="UTC">2021-07-08T13:05:00</time>
    <location>
      <area>
        <ellipse>
          <moving-point>
            <latitude>47.649905</latitude>
            <longitude>11.106838</longitude>
            <polar_motion>
              <speed units="km/h">0.0</speed>
            </polar_motion>
          </moving-point>
          <major_axis units="km">8.50</major_axis>
          <minor_axis units="km">8.50</minor_axis>
          <orientation units="degrees true">0</orientation>
        </ellipse>
      </area>
    </location>
    <nowcast-parameters>
      <mesocyclone_shear_mean units="m/s/km">4.532375</mesocyclone_shear_mean>
      <mesocyclone_shear_max units="m/s/km">13.648475</mesocyclone_shear_max>
      <mesocyclone_momentum_mean units="m/s/km">89.971203</mesocyclone_momentum_mean>
      <mesocyclone_momentum_max units="m/s/km">310.022810</mesocyclone_momentum_max>
      <mesocyclone_diameter units="km">8.500000</mesocyclone_diameter>
      <mesocyclone_diameter_equivalent units="km">5.266548</mesocyclone_diameter_equivalent>
      <mesocyclone_top units="km">6.187123</mesocyclone_top>
      <mesocyclone_base units="km">1.682773</mesocyclone_base>
      <mesocyclone_echotop units="km">7.679898</mesocyclone_echotop>
      <mesocyclone_vil units="kg/m*m">6.113897</mesocyclone_vil>
      <mesocyclone_shear_vectors>20</mesocyclone_shear_vectors>
      <mesocyclone_shear_features>3</mesocyclone_shear_features>
      <elevations>
        <elevation site="tur" units="&#176;">1.5</elevation>
        <elevation site="isn" units="&#176;">1.5</elevation>
        <elevation site="mem" units="&#176;">3.5</elevation>
      </elevations>
      <mean_dbz units="DBZ">36.19</mean_dbz>
      <max_dbz units="DBZ">53.13</max_dbz>
      <mesocyclone_velocity_max units="m/s">30.080254</mesocyclone_velocity_max>
      <mesocyclone_velocity_rotational_max units="m/s">16.426386</mesocyclone_velocity_rotational_max>
      <mesocyclone_velocity_rotational_mean units="m/s">8.654548</mesocyclone_velocity_rotational_mean>
      <mesocyclone_velocity_rotational_max_closest_to_ground units="m/s">16.426386</mesocyclone_velocity_rotational_max_closest_to_ground>
      <meso_intensity>3</meso_intensity>
    </nowcast-parameters>
  </event>
  <event ID="58">
    <time time-coordinate="UTC">2021-07-08T13:05:00</time>
    <location>
      <area>
        <ellipse>
          <moving-point>
            <latitude>47.641890</latitude>
            <longitude>10.514988</longitude>
            <polar_motion>
              <speed units="km/h">0.0</speed>
            </polar_motion>
          </moving-point>
          <major_axis units="km">9.71</major_axis>
          <minor_axis units="km">9.71</minor_axis>
          <orientation units="degrees true">0</orientation>
        </ellipse>
      </area>
    </location>
    <nowcast-parameters>
      <mesocyclone_shear_mean units="m/s/km">6.150149</mesocyclone_shear_mean>
      <mesocyclone_shear_max units="m/s/km">18.747890</mesocyclone_shear_max>
      <mesocyclone_momentum_mean units="m/s/km">147.955804</mesocyclone_momentum_mean>
      <mesocyclone_momentum_max units="m/s/km">603.542849</mesocyclone_momentum_max>
      <mesocyclone_diameter units="km">9.711663</mesocyclone_diameter>
      <mesocyclone_diameter_equivalent units="km">5.837436</mesocyclone_diameter_equivalent>
      <mesocyclone_top units="km">4.850812</mesocyclone_top>
      <mesocyclone_base units="km">2.784769</mesocyclone_base>
      <mesocyclone_echotop units="km">5.754992</mesocyclone_echotop>
      <mesocyclone_vil units="kg/m*m">3.519059</mesocyclone_vil>
      <mesocyclone_shear_vectors>19</mesocyclone_shear_vectors>
      <mesocyclone_shear_features>2</mesocyclone_shear_features>
      <elevations>
        <elevation site="tur" units="&#176;">1.5</elevation>
        <elevation site="mem" units="&#176;">4.5</elevation>
      </elevations>
      <mean_dbz units="DBZ">32.53</mean_dbz>
      <max_dbz units="DBZ">45.45</max_dbz>
      <mesocyclone_velocity_max units="m/s">29.414989</mesocyclone_velocity_max>
      <mesocyclone_velocity_rotational_max units="m/s">35.727219</mesocyclone_velocity_rotational_max>
      <mesocyclone_velocity_rotational_mean units="m/s">12.627335</mesocyclone_velocity_rotational_mean>
      <mesocyclone_velocity_rotational_max_closest_to_ground units="m/s">13.580537</mesocyclone_velocity_rotational_max_closest_to_ground>
      <meso_intensity>2</meso_intensity>
    </nowcast-parameters>
  </event>
  <event ID="54">
    <time time-coordinate="UTC">2021-07-08T13:05:00</time>
    <location>
      <area>
        <ellipse>
          <moving-point>
            <latitude>47.504145</latitude>
            <longitude>11.367841</longitude>
            <polar_motion>
              <speed units="km/h">0.0</speed>
            </polar_motion>
          </moving-point>
          <major_axis units="km">15.25</major_axis>
          <minor_axis units="km">15.25</minor_axis>
          <orientation units="degrees true">0</orientation>
        </ellipse>
      </area>
    </location>
    <nowcast-parameters>
      <mesocyclone_shear_mean units="m/s/km">3.975126</mesocyclone_shear_mean>
      <mesocyclone_shear_max units="m/s/km">15.540811</mesocyclone_shear_max>
      <mesocyclone_momentum_mean units="m/s/km">115.257059</mesocyclone_momentum_mean>
      <mesocyclone_momentum_max units="m/s/km">407.363788</mesocyclone_momentum_max>
      <mesocyclone_diameter units="km">15.250000</mesocyclone_diameter>
      <mesocyclone_diameter_equivalent units="km">6.375439</mesocyclone_diameter_equivalent>
      <mesocyclone_top units="km">9.643588</mesocyclone_top>
      <mesocyclone_base units="km">1.532596</mesocyclone_base>
      <mesocyclone_echotop units="km">9.720629</mesocyclone_echotop>
      <mesocyclone_vil units="kg/m*m">11.889123</mesocyclone_vil>
      <mesocyclone_shear_vectors>19</mesocyclone_shear_vectors>
      <mesocyclone_shear_features>7</mesocyclone_shear_features>
      <elevations>
        <elevation site="tur" units="&#176;">0.5,2.5</elevation>
        <elevation site="isn" units="&#176;">3.5,4.5,5.5</elevation>
        <elevation site="mem" units="&#176;">1.5,3.5</elevation>
      </elevations>
      <mean_dbz units="DBZ">37.69</mean_dbz>
      <max_dbz units="DBZ">51.68</max_dbz>
      <mesocyclone_velocity_max units="m/s">31.715559</mesocyclone_velocity_max>
      <mesocyclone_velocity_rotational_max units="m/s">14.910101</mesocyclone_velocity_rotational_max>
      <mesocyclone_velocity_rotational_mean units="m/s">8.923085</mesocyclone_velocity_rotational_mean>
      <mesocyclone_velocity_rotational_max_closest_to_ground units="m/s">9.138305</mesocyclone_velocity_rotational_max_closest_to_ground>
      <meso_intensity>3</meso_intensity>
    </nowcast-parameters>
  </event>
  <event ID="109">
    <time time-coordinate="UTC">2021-07-08T13:05:00</time>
    <location>
      <area>
        <ellipse>
          <moving-point>
            <latitude>46.473081</latitude>
            <longitude>10.338629</longitude>
            <polar_motion>
              <speed units="km/h">0.0</speed>
            </polar_motion>
          </moving-point>
          <major_axis units="km">12.18</major_axis>
          <minor_axis units="km">12.18</minor_axis>
          <orientation units="degrees true">0</orientation>
        </ellipse>
      </area>
    </location>
    <nowcast-parameters>
      <mesocyclone_shear_mean units="m/s/km">4.249962</mesocyclone_shear_mean>
      <mesocyclone_shear_max units="m/s/km">9.404002</mesocyclone_shear_max>
      <mesocyclone_momentum_mean units="m/s/km">179.902981</mesocyclone_momentum_mean>
      <mesocyclone_momentum_max units="m/s/km">690.279017</mesocyclone_momentum_max>
      <mesocyclone_diameter units="km">12.183819</mesocyclone_diameter>
      <mesocyclone_diameter_equivalent units="km">7.081688</mesocyclone_diameter_equivalent>
      <mesocyclone_top units="km">7.220227</mesocyclone_top>
      <mesocyclone_base units="km">0.970248</mesocyclone_base>
      <mesocyclone_echotop units="km">9.082266</mesocyclone_echotop>
      <mesocyclone_vil units="kg/m*m">16.725746</mesocyclone_vil>
      <mesocyclone_shear_vectors>20</mesocyclone_shear_vectors>
      <mesocyclone_shear_features>2</mesocyclone_shear_features>
      <elevations>
        <elevation site="mem" units="&#176;">0.5,1.5</elevation>
      </elevations>
      <mean_dbz units="DBZ">38.77</mean_dbz>
      <max_dbz units="DBZ">53.63</max_dbz>
      <mesocyclone_velocity_max units="m/s">31.939882</mesocyclone_velocity_max>
      <mesocyclone_velocity_rotational_max units="m/s">28.278788</mesocyclone_velocity_rotational_max>
      <mesocyclone_velocity_rotational_mean units="m/s">11.444974</mesocyclone_velocity_rotational_mean>
      <mesocyclone_velocity_rotational_max_closest_to_ground units="m/s">28.278788</mesocyclone_velocity_rotational_max_closest_to_ground>
      <meso_intensity>4</meso_intensity>
    </nowcast-parameters>
  </event>
</nowcast-data>
