<?xml version="1.0" encoding="UTF-8"?>
<nowcast-data>
  <radar-stations>ASB,BOO,ROS,HNR,UMD,PRO,ESS,FLD,DRS,NEU,NHB,OFT,EIS,TUR,ISN,FBG,MEM</radar-stations>
  <event ID="17">
    <time time-coordinate="UTC">2021-07-08T10:20:00</time>
    <location>
      <area>
        <ellipse>
          <moving-point>
            <latitude>49.573622</latitude>
            <longitude>11.975970</longitude>
            <polar_motion>
              <speed units="km/h">0.0</speed>
            </polar_motion>
          </moving-point>
          <major_axis units="km">9.75</major_axis>
          <minor_axis units="km">9.75</minor_axis>
          <orientation units="degrees true">0</orientation>
        </ellipse>
      </area>
    </location>
    <nowcast-parameters>
      <mesocyclone_shear_mean units="m/s/km">4.008779</mesocyclone_shear_mean>
      <mesocyclone_shear_max units="m/s/km">11.610841</mesocyclone_shear_max>
      <mesocyclone_momentum_mean units="m/s/km">69.613524</mesocyclone_momentum_mean>
      <mesocyclone_momentum_max units="m/s/km">261.015289</mesocyclone_momentum_max>
      <mesocyclone_diameter units="km">9.750000</mesocyclone_diameter>
      <mesocyclone_diameter_equivalent units="km">6.300061</mesocyclone_diameter_equivalent>
      <mesocyclone_top units="km">7.291776</mesocyclone_top>
      <mesocyclone_base units="km">1.404089</mesocyclone_base>
      <mesocyclone_echotop units="km">8.814748</mesocyclone_echotop>
      <mesocyclone_vil units="kg/m*m">44.966291</mesocyclone_vil>
      <mesocyclone_shear_vectors>23</mesocyclone_shear_vectors>
      <mesocyclone_shear_features>5</mesocyclone_shear_features>
      <elevations>
        <elevation site="eis" units="&#176;">2.5,3.5,4.5,12.0</elevation>
        <elevation site="isn" units="&#176;">1.5</elevation>
      </elevations>
      <mean_dbz units="DBZ">46.88</mean_dbz>
      <max_dbz units="DBZ">63.10</max_dbz>
      <mesocyclone_velocity_max units="m/s">27.672142</mesocyclone_velocity_max>
      <mesocyclone_velocity_rotational_max units="m/s">12.888394</mesocyclone_velocity_rotational_max>
      <mesocyclone_velocity_rotational_mean units="m/s">7.684210</mesocyclone_velocity_rotational_mean>
      <mesocyclone_velocity_rotational_max_closest_to_ground units="m/s">10.585742</mesocyclone_velocity_rotational_max_closest_to_ground>
      <meso_intensity>3</meso_intensity>
    </nowcast-parameters>
  </event>
  <event ID="26">
    <time time-coordinate="UTC">2021-07-08T10:20:00</time>
    <location>
      <area>
        <ellipse>
          <moving-point>
            <latitude>47.829404</latitude>
            <longitude>11.863907</longitude>
            <polar_motion>
              <speed units="km/h">0.0</speed>
            </polar_motion>
          </moving-point>
          <major_axis units="km">10.75</major_axis>
          <minor_axis units="km">10.75</minor_axis>
          <orientation units="degrees true">0</orientation>
        </ellipse>
      </area>
    </location>
    <nowcast-parameters>
      <mesocyclone_shear_mean units="m/s/km">3.175806</mesocyclone_shear_mean>
      <mesocyclone_shear_max units="m/s/km">4.496203</mesocyclone_shear_max>
      <mesocyclone_momentum_mean units="m/s/km">83.988096</mesocyclone_momentum_mean>
      <mesocyclone_momentum_max units="m/s/km">178.832736</mesocyclone_momentum_max>
      <mesocyclone_diameter units="km">10.750000</mesocyclone_diameter>
      <mesocyclone_diameter_equivalent units="km">7.372736</mesocyclone_diameter_equivalent>
      <mesocyclone_top units="km">6.154189</mesocyclone_top>
      <mesocyclone_base units="km">1.968429</mesocyclone_base>
      <mesocyclone_echotop units="km">8.065439</mesocyclone_echotop>
      <mesocyclone_vil units="kg/m*m">5.746990</mesocyclone_vil>
      <mesocyclone_shear_vectors>28</mesocyclone_shear_vectors>
      <mesocyclone_shear_features>4</mesocyclone_shear_features>
      <elevations>
        <elevation site="tur" units="&#176;">0.5</elevation>
        <elevation site="isn" units="&#176;">4.5,5.5,8.0</elevation>
      </elevations>
      <mean_dbz units="DBZ">33.30</mean_dbz>
      <max_dbz units="DBZ">48.97</max_dbz>
      <mesocyclone_velocity_max units="m/s">29.441135</mesocyclone_velocity_max>
      <mesocyclone_velocity_rotational_max units="m/s">11.119399</mesocyclone_velocity_rotational_max>
      <mesocyclone_velocity_rotational_mean units="m/s">7.609565</mesocyclone_velocity_rotational_mean>
      <mesocyclone_velocity_rotational_max_closest_to_ground units="m/s">6.599886</mesocyclone_velocity_rotational_max_closest_to_ground>
      <meso_intensity>1</meso_intensity>
    </nowcast-parameters>
  </event>
  <event ID="39">
    <time time-coordinate="UTC">2021-07-08T10:20:00</time>
    <location>
      <area>
        <ellipse>
          <moving-point>
            <latitude>47.675869</latitude>
            <longitude>10.790093</longitude>
            <polar_motion>
              <speed units="km/h">0.0</speed>
            </polar_motion>
          </moving-point>
          <major_axis units="km">8.00</major_axis>
          <minor_axis units="km">8.00</minor_axis>
          <orientation units="degrees true">0</orientation>
        </ellipse>
      </area>
    </location>
    <nowcast-parameters>
      <mesocyclone_shear_mean units="m/s/km">6.144696</mesocyclone_shear_mean>
      <mesocyclone_shear_max units="m/s/km">13.788938</mesocyclone_shear_max>
      <mesocyclone_momentum_mean units="m/s/km">122.390948</mesocyclone_momentum_mean>
      <mesocyclone_momentum_max units="m/s/km">339.826882</mesocyclone_momentum_max>
      <mesocyclone_diameter units="km">8.000000</mesocyclone_diameter>
      <mesocyclone_diameter_equivalent units="km">6.276611</mesocyclone_diameter_equivalent>
      <mesocyclone_top units="km">6.271665</mesocyclone_top>
      <mesocyclone_base units="km">2.632501</mesocyclone_base>
      <mesocyclone_echotop units="km">6.581740</mesocyclone_echotop>
      <mesocyclone_vil units="kg/m*m">3.386194</mesocyclone_vil>
      <mesocyclone_shear_vectors>22</mesocyclone_shear_vectors>
      <mesocyclone_shear_features>2</mesocyclone_shear_features>
      <elevations>
        <elevation site="isn" units="&#176;">1.5,2.5</elevation>
      </elevations>
      <mean_dbz units="DBZ">29.95</mean_dbz>
      <max_dbz units="DBZ">42.98</max_dbz>
      <mesocyclone_velocity_max units="m/s">30.957420</mesocyclone_velocity_max>
      <mesocyclone_velocity_rotational_max units="m/s">15.036458</mesocyclone_velocity_rotational_max>
      <mesocyclone_velocity_rotational_mean units="m/s">12.046016</mesocyclone_velocity_rotational_mean>
      <mesocyclone_velocity_rotational_max_closest_to_ground units="m/s">14.783747</mesocyclone_velocity_rotational_max_closest_to_ground>
      <meso_intensity>3</meso_intensity>
    </nowcast-parameters>
  </event>
  <event ID="59">
    <time time-coordinate="UTC">2021-07-08T10:20:00</time>
    <location>
      <area>
        <ellipse>
          <moving-point>
            <latitude>47.465818</latitude>
            <longitude>10.183582</longitude>
            <polar_motion>
              <speed units="km/h">0.0</speed>
            </polar_motion>
          </moving-point>
          <major_axis units="km">6.46</major_axis>
          <minor_axis units="km">6.46</minor_axis>
          <orientation units="degrees true">0</orientation>
        </ellipse>
      </area>
    </location>
    <nowcast-parameters>
      <mesocyclone_shear_mean units="m/s/km">4.817315</mesocyclone_shear_mean>
      <mesocyclone_shear_max units="m/s/km">24.122100</mesocyclone_shear_max>
      <mesocyclone_momentum_mean units="m/s/km">64.958751</mesocyclone_momentum_mean>
      <mesocyclone_momentum_max units="m/s/km">129.808958</mesocyclone_momentum_max>
      <mesocyclone_diameter units="km">6.458358</mesocyclone_diameter>
      <mesocyclone_diameter_equivalent units="km">4.109174</mesocyclone_diameter_equivalent>
      <mesocyclone_top units="km">5.082925</mesocyclone_top>
      <mesocyclone_base units="km">3.033700</mesocyclone_base>
      <mesocyclone_echotop units="km">6.467804</mesocyclone_echotop>
      <mesocyclone_vil units="kg/m*m">7.250701</mesocyclone_vil>
      <mesocyclone_shear_vectors>10</mesocyclone_shear_vectors>
      <mesocyclone_shear_features>2</mesocyclone_shear_features>
      <elevations>
        <elevation site="mem" units="&#176;">3.5,4.5</elevation>
      </elevations>
      <mean_dbz units="DBZ">33.56</mean_dbz>
      <max_dbz units="DBZ">49.06</max_dbz>
      <mesocyclone_velocity_max units="m/s">30.424948</mesocyclone_velocity_max>
      <mesocyclone_velocity_rotational_max units="m/s">13.886905</mesocyclone_velocity_rotational_max>
      <mesocyclone_velocity_rotational_mean units="m/s">7.567662</mesocyclone_velocity_rotational_mean>
      <mesocyclone_velocity_rotational_max_closest_to_ground units="m/s">13.886905</mesocyclone_velocity_rotational_max_closest_to_ground>
      <meso_intensity>2</meso_intensity>
    </nowcast-parameters>
  </event>
  <event ID="24">
    <time time-coordinate="UTC">2021-07-08T10:20:00</time>
    <location>
      <area>
        <ellipse>
          <moving-point>
            <latitude>47.057010</latitude>
            <longitude>9.903257</longitude>
            <polar_motion>
              <speed units="km/h">0.0</speed>
            </polar_motion>
          </moving-point>
          <major_axis units="km">18.00</major_axis>
          <minor_axis units="km">18.00</minor_axis>
          <orientation units="degrees true">0</orientation>
        </ellipse>
      </area>
    </location>
    <nowcast-parameters>
      <mesocyclone_shear_mean units="m/s/km">4.660915</mesocyclone_shear_mean>
      <mesocyclone_shear_max units="m/s/km">15.312273</mesocyclone_shear_max>
      <mesocyclone_momentum_mean units="m/s/km">110.340907</mesocyclone_momentum_mean>
      <mesocyclone_momentum_max units="m/s/km">344.693526</mesocyclone_momentum_max>
      <mesocyclone_diameter units="km">18.000000</mesocyclone_diameter>
      <mesocyclone_diameter_equivalent units="km">7.733276</mesocyclone_diameter_equivalent>
      <mesocyclone_top units="km">6.783916</mesocyclone_top>
      <mesocyclone_base units="km">-0.361314</mesocyclone_base>
      <mesocyclone_echotop units="km">7.769150</mesocyclone_echotop>
      <mesocyclone_vil units="kg/m*m">13.779455</mesocyclone_vil>
      <mesocyclone_shear_vectors>28</mesocyclone_shear_vectors>
      <mesocyclone_shear_features>6</mesocyclone_shear_features>
      <elevations>
        <elevation site="tur" units="&#176;">0.5,1.5</elevation>
        <elevation site="mem" units="&#176;">0.5,1.5,3.5,4.5</elevation>
      </elevations>
      <mean_dbz units="DBZ">38.75</mean_dbz>
      <max_dbz units="DBZ">52.68</max_dbz>
      <mesocyclone_velocity_max units="m/s">31.939882</mesocyclone_velocity_max>
      <mesocyclone_velocity_rotational_max units="m/s">18.684200</mesocyclone_velocity_rotational_max>
      <mesocyclone_velocity_rotational_mean units="m/s">9.590352</mesocyclone_velocity_rotational_mean>
      <mesocyclone_velocity_rotational_max_closest_to_ground units="m/s">15.780574</mesocyclone_velocity_rotational_max_closest_to_ground>
      <meso_intensity>3</meso_intensity>
    </nowcast-parameters>
  </event>
</nowcast-data>
