<?xml version="1.0" encoding="UTF-8"?>
<nowcast-data>
  <radar-stations>ASB,BOO,ROS,HNR,UMD,PRO,ESS,FLD,DRS,NEU,NHB,OFT,EIS,TUR,ISN,FBG,MEM</radar-stations>
  <event ID="6">
    <time time-coordinate="UTC">2021-07-07T21:55:00</time>
    <location>
      <area>
        <ellipse>
          <moving-point>
            <latitude>46.714995</latitude>
            <longitude>12.702504</longitude>
            <polar_motion>
              <speed units="km/h">0.0</speed>
            </polar_motion>
          </moving-point>
          <major_axis units="km">9.03</major_axis>
          <minor_axis units="km">9.03</minor_axis>
          <orientation units="degrees true">0</orientation>
        </ellipse>
      </area>
    </location>
    <nowcast-parameters>
      <mesocyclone_shear_mean units="m/s/km">5.047063</mesocyclone_shear_mean>
      <mesocyclone_shear_max units="m/s/km">6.912145</mesocyclone_shear_max>
      <mesocyclone_momentum_mean units="m/s/km">120.442785</mesocyclone_momentum_mean>
      <mesocyclone_momentum_max units="m/s/km">591.328416</mesocyclone_momentum_max>
      <mesocyclone_diameter units="km">9.026453</mesocyclone_diameter>
      <mesocyclone_diameter_equivalent units="km">3.089146</mesocyclone_diameter_equivalent>
      <mesocyclone_top units="km">7.190381</mesocyclone_top>
      <mesocyclone_base units="km">0.589444</mesocyclone_base>
      <mesocyclone_echotop units="km">5.837294</mesocyclone_echotop>
      <mesocyclone_vil units="kg/m*m">4.126723</mesocyclone_vil>
      <mesocyclone_shear_vectors>7</mesocyclone_shear_vectors>
      <mesocyclone_shear_features>2</mesocyclone_shear_features>
      <elevations>
        <elevation site="isn" units="&#176;">0.5,1.5</elevation>
      </elevations>
      <mean_dbz units="DBZ">35.99</mean_dbz>
      <max_dbz units="DBZ">42.23</max_dbz>
      <mesocyclone_velocity_max units="m/s">30.451990</mesocyclone_velocity_max>
      <mesocyclone_velocity_rotational_max units="m/s">25.271362</mesocyclone_velocity_rotational_max>
      <mesocyclone_velocity_rotational_mean units="m/s">10.594532</mesocyclone_velocity_rotational_mean>
      <mesocyclone_velocity_rotational_max_closest_to_ground units="m/s">25.271362</mesocyclone_velocity_rotational_max_closest_to_ground>
      <meso_intensity>2</meso_intensity>
    </nowcast-parameters>
  </event>
</nowcast-data>
