<?xml version="1.0" encoding="UTF-8"?>
<nowcast-data>
  <radar-stations>ASB,BOO,ROS,HNR,UMD,PRO,ESS,FLD,DRS,NEU,NHB,OFT,EIS,TUR,ISN,FBG,MEM</radar-stations>
  <event ID="28">
    <time time-coordinate="UTC">2021-07-08T06:10:00</time>
    <location>
      <area>
        <ellipse>
          <moving-point>
            <latitude>49.287224</latitude>
            <longitude>11.578729</longitude>
            <polar_motion>
              <speed units="km/h">0.0</speed>
            </polar_motion>
          </moving-point>
          <major_axis units="km">13.50</major_axis>
          <minor_axis units="km">13.50</minor_axis>
          <orientation units="degrees true">0</orientation>
        </ellipse>
      </area>
    </location>
    <nowcast-parameters>
      <mesocyclone_shear_mean units="m/s/km">4.284610</mesocyclone_shear_mean>
      <mesocyclone_shear_max units="m/s/km">8.119754</mesocyclone_shear_max>
      <mesocyclone_momentum_mean units="m/s/km">77.663437</mesocyclone_momentum_mean>
      <mesocyclone_momentum_max units="m/s/km">455.186020</mesocyclone_momentum_max>
      <mesocyclone_diameter units="km">13.500000</mesocyclone_diameter>
      <mesocyclone_diameter_equivalent units="km">6.898403</mesocyclone_diameter_equivalent>
      <mesocyclone_top units="km">4.943437</mesocyclone_top>
      <mesocyclone_base units="km">1.636299</mesocyclone_base>
      <mesocyclone_echotop units="km">6.700026</mesocyclone_echotop>
      <mesocyclone_vil units="kg/m*m">3.521073</mesocyclone_vil>
      <mesocyclone_shear_vectors>34</mesocyclone_shear_vectors>
      <mesocyclone_shear_features>2</mesocyclone_shear_features>
      <elevations>
        <elevation site="tur" units="&#176;">0.5</elevation>
        <elevation site="mem" units="&#176;">0.5</elevation>
      </elevations>
      <mean_dbz units="DBZ">27.82</mean_dbz>
      <max_dbz units="DBZ">47.52</max_dbz>
      <mesocyclone_velocity_max units="m/s">31.687389</mesocyclone_velocity_max>
      <mesocyclone_velocity_rotational_max units="m/s">23.607738</mesocyclone_velocity_rotational_max>
      <mesocyclone_velocity_rotational_mean units="m/s">8.027397</mesocyclone_velocity_rotational_mean>
      <mesocyclone_velocity_rotational_max_closest_to_ground units="m/s">12.819010</mesocyclone_velocity_rotational_max_closest_to_ground>
      <meso_intensity>3</meso_intensity>
    </nowcast-parameters>
  </event>
</nowcast-data>
