<?xml version="1.0" encoding="UTF-8"?>
<nowcast-data>
  <radar-stations>ASB,BOO,ROS,HNR,UMD,PRO,ESS,FLD,DRS,NEU,NHB,OFT,EIS,TUR,ISN,FBG,MEM</radar-stations>
  <event ID="44">
    <time time-coordinate="UTC">2021-07-08T14:35:00</time>
    <location>
      <area>
        <ellipse>
          <moving-point>
            <latitude>49.457807</latitude>
            <longitude>12.759560</longitude>
            <polar_motion>
              <speed units="km/h">0.0</speed>
            </polar_motion>
          </moving-point>
          <major_axis units="km">8.38</major_axis>
          <minor_axis units="km">8.38</minor_axis>
          <orientation units="degrees true">0</orientation>
        </ellipse>
      </area>
    </location>
    <nowcast-parameters>
      <mesocyclone_shear_mean units="m/s/km">4.845489</mesocyclone_shear_mean>
      <mesocyclone_shear_max units="m/s/km">12.221906</mesocyclone_shear_max>
      <mesocyclone_momentum_mean units="m/s/km">146.914162</mesocyclone_momentum_mean>
      <mesocyclone_momentum_max units="m/s/km">448.138737</mesocyclone_momentum_max>
      <mesocyclone_diameter units="km">8.381284</mesocyclone_diameter>
      <mesocyclone_diameter_equivalent units="km">5.546111</mesocyclone_diameter_equivalent>
      <mesocyclone_top units="km">4.656629</mesocyclone_top>
      <mesocyclone_base units="km">1.186955</mesocyclone_base>
      <mesocyclone_echotop units="km">8.720086</mesocyclone_echotop>
      <mesocyclone_vil units="kg/m*m">5.435306</mesocyclone_vil>
      <mesocyclone_shear_vectors>15</mesocyclone_shear_vectors>
      <mesocyclone_shear_features>2</mesocyclone_shear_features>
      <elevations>
        <elevation site="neu" units="&#176;">0.5</elevation>
        <elevation site="isn" units="&#176;">0.5</elevation>
      </elevations>
      <mean_dbz units="DBZ">27.78</mean_dbz>
      <max_dbz units="DBZ">48.14</max_dbz>
      <mesocyclone_velocity_max units="m/s">31.462845</mesocyclone_velocity_max>
      <mesocyclone_velocity_rotational_max units="m/s">17.437238</mesocyclone_velocity_rotational_max>
      <mesocyclone_velocity_rotational_mean units="m/s">11.575382</mesocyclone_velocity_rotational_mean>
      <mesocyclone_velocity_rotational_max_closest_to_ground units="m/s">17.437238</mesocyclone_velocity_rotational_max_closest_to_ground>
      <meso_intensity>3</meso_intensity>
    </nowcast-parameters>
  </event>
  <event ID="46">
    <time time-coordinate="UTC">2021-07-08T14:35:00</time>
    <location>
      <area>
        <ellipse>
          <moving-point>
            <latitude>49.271049</latitude>
            <longitude>12.858699</longitude>
            <polar_motion>
              <speed units="km/h">0.0</speed>
            </polar_motion>
          </moving-point>
          <major_axis units="km">18.75</major_axis>
          <minor_axis units="km">18.75</minor_axis>
          <orientation units="degrees true">0</orientation>
        </ellipse>
      </area>
    </location>
    <nowcast-parameters>
      <mesocyclone_shear_mean units="m/s/km">3.151940</mesocyclone_shear_mean>
      <mesocyclone_shear_max units="m/s/km">11.426188</mesocyclone_shear_max>
      <mesocyclone_momentum_mean units="m/s/km">132.694110</mesocyclone_momentum_mean>
      <mesocyclone_momentum_max units="m/s/km">485.950509</mesocyclone_momentum_max>
      <mesocyclone_diameter units="km">18.750000</mesocyclone_diameter>
      <mesocyclone_diameter_equivalent units="km">9.556349</mesocyclone_diameter_equivalent>
      <mesocyclone_top units="km">7.826943</mesocyclone_top>
      <mesocyclone_base units="km">1.023140</mesocyclone_base>
      <mesocyclone_echotop units="km">9.935565</mesocyclone_echotop>
      <mesocyclone_vil units="kg/m*m">22.121674</mesocyclone_vil>
      <mesocyclone_shear_vectors>37</mesocyclone_shear_vectors>
      <mesocyclone_shear_features>6</mesocyclone_shear_features>
      <elevations>
        <elevation site="neu" units="&#176;">0.5</elevation>
        <elevation site="eis" units="&#176;">3.5,4.5,8.0</elevation>
        <elevation site="isn" units="&#176;">0.5,2.5</elevation>
      </elevations>
      <mean_dbz units="DBZ">39.53</mean_dbz>
      <max_dbz units="DBZ">58.14</max_dbz>
      <mesocyclone_velocity_max units="m/s">31.968277</mesocyclone_velocity_max>
      <mesocyclone_velocity_rotational_max units="m/s">27.293070</mesocyclone_velocity_rotational_max>
      <mesocyclone_velocity_rotational_mean units="m/s">9.006302</mesocyclone_velocity_rotational_mean>
      <mesocyclone_velocity_rotational_max_closest_to_ground units="m/s">27.293070</mesocyclone_velocity_rotational_max_closest_to_ground>
      <meso_intensity>4</meso_intensity>
    </nowcast-parameters>
  </event>
  <event ID="52">
    <time time-coordinate="UTC">2021-07-08T14:35:00</time>
    <location>
      <area>
        <ellipse>
          <moving-point>
            <latitude>48.524577</latitude>
            <longitude>13.056143</longitude>
            <polar_motion>
              <speed units="km/h">0.0</speed>
            </polar_motion>
          </moving-point>
          <major_axis units="km">11.11</major_axis>
          <minor_axis units="km">11.11</minor_axis>
          <orientation units="degrees true">0</orientation>
        </ellipse>
      </area>
    </location>
    <nowcast-parameters>
      <mesocyclone_shear_mean units="m/s/km">3.620872</mesocyclone_shear_mean>
      <mesocyclone_shear_max units="m/s/km">10.083068</mesocyclone_shear_max>
      <mesocyclone_momentum_mean units="m/s/km">147.543654</mesocyclone_momentum_mean>
      <mesocyclone_momentum_max units="m/s/km">326.784467</mesocyclone_momentum_max>
      <mesocyclone_diameter units="km">11.114348</mesocyclone_diameter>
      <mesocyclone_diameter_equivalent units="km">7.997585</mesocyclone_diameter_equivalent>
      <mesocyclone_top units="km">7.361271</mesocyclone_top>
      <mesocyclone_base units="km">1.307688</mesocyclone_base>
      <mesocyclone_echotop units="km">11.580331</mesocyclone_echotop>
      <mesocyclone_vil units="kg/m*m">8.573669</mesocyclone_vil>
      <mesocyclone_shear_vectors>19</mesocyclone_shear_vectors>
      <mesocyclone_shear_features>2</mesocyclone_shear_features>
      <elevations>
        <elevation site="eis" units="&#176;">0.5,2.5</elevation>
      </elevations>
      <mean_dbz units="DBZ">30.85</mean_dbz>
      <max_dbz units="DBZ">52.81</max_dbz>
      <mesocyclone_velocity_max units="m/s">31.379168</mesocyclone_velocity_max>
      <mesocyclone_velocity_rotational_max units="m/s">11.089826</mesocyclone_velocity_rotational_max>
      <mesocyclone_velocity_rotational_mean units="m/s">9.051766</mesocyclone_velocity_rotational_mean>
      <mesocyclone_velocity_rotational_max_closest_to_ground units="m/s">11.089825</mesocyclone_velocity_rotational_max_closest_to_ground>
      <meso_intensity>3</meso_intensity>
    </nowcast-parameters>
  </event>
  <event ID="53">
    <time time-coordinate="UTC">2021-07-08T14:35:00</time>
    <location>
      <area>
        <ellipse>
          <moving-point>
            <latitude>48.385199</latitude>
            <longitude>13.018727</longitude>
            <polar_motion>
              <speed units="km/h">0.0</speed>
            </polar_motion>
          </moving-point>
          <major_axis units="km">11.25</major_axis>
          <minor_axis units="km">11.25</minor_axis>
          <orientation units="degrees true">0</orientation>
        </ellipse>
      </area>
    </location>
    <nowcast-parameters>
      <mesocyclone_shear_mean units="m/s/km">3.494338</mesocyclone_shear_mean>
      <mesocyclone_shear_max units="m/s/km">6.580898</mesocyclone_shear_max>
      <mesocyclone_momentum_mean units="m/s/km">93.609308</mesocyclone_momentum_mean>
      <mesocyclone_momentum_max units="m/s/km">390.508839</mesocyclone_momentum_max>
      <mesocyclone_diameter units="km">11.250000</mesocyclone_diameter>
      <mesocyclone_diameter_equivalent units="km">6.085527</mesocyclone_diameter_equivalent>
      <mesocyclone_top units="km">8.669671</mesocyclone_top>
      <mesocyclone_base units="km">1.551644</mesocyclone_base>
      <mesocyclone_echotop units="km">11.744104</mesocyclone_echotop>
      <mesocyclone_vil units="kg/m*m">59.785072</mesocyclone_vil>
      <mesocyclone_shear_vectors>22</mesocyclone_shear_vectors>
      <mesocyclone_shear_features>5</mesocyclone_shear_features>
      <elevations>
        <elevation site="eis" units="&#176;">0.5</elevation>
        <elevation site="isn" units="&#176;">2.5,3.5,4.5,5.5</elevation>
      </elevations>
      <mean_dbz units="DBZ">48.90</mean_dbz>
      <max_dbz units="DBZ">65.36</max_dbz>
      <mesocyclone_velocity_max units="m/s">31.715561</mesocyclone_velocity_max>
      <mesocyclone_velocity_rotational_max units="m/s">23.439860</mesocyclone_velocity_rotational_max>
      <mesocyclone_velocity_rotational_mean units="m/s">7.835152</mesocyclone_velocity_rotational_mean>
      <mesocyclone_velocity_rotational_max_closest_to_ground units="m/s">23.439860</mesocyclone_velocity_rotational_max_closest_to_ground>
      <meso_intensity>4</meso_intensity>
    </nowcast-parameters>
  </event>
  <event ID="105">
    <time time-coordinate="UTC">2021-07-08T14:35:00</time>
    <location>
      <area>
        <ellipse>
          <moving-point>
            <latitude>47.635936</latitude>
            <longitude>11.034301</longitude>
            <polar_motion>
              <speed units="km/h">0.0</speed>
            </polar_motion>
          </moving-point>
          <major_axis units="km">15.75</major_axis>
          <minor_axis units="km">15.75</minor_axis>
          <orientation units="degrees true">0</orientation>
        </ellipse>
      </area>
    </location>
    <nowcast-parameters>
      <mesocyclone_shear_mean units="m/s/km">3.623702</mesocyclone_shear_mean>
      <mesocyclone_shear_max units="m/s/km">12.627058</mesocyclone_shear_max>
      <mesocyclone_momentum_mean units="m/s/km">153.156056</mesocyclone_momentum_mean>
      <mesocyclone_momentum_max units="m/s/km">418.114949</mesocyclone_momentum_max>
      <mesocyclone_diameter units="km">15.750000</mesocyclone_diameter>
      <mesocyclone_diameter_equivalent units="km">12.317685</mesocyclone_diameter_equivalent>
      <mesocyclone_top units="km">7.241434</mesocyclone_top>
      <mesocyclone_base units="km">0.220336</mesocyclone_base>
      <mesocyclone_echotop units="km">7.662157</mesocyclone_echotop>
      <mesocyclone_vil units="kg/m*m">4.816960</mesocyclone_vil>
      <mesocyclone_shear_vectors>59</mesocyclone_shear_vectors>
      <mesocyclone_shear_features>3</mesocyclone_shear_features>
      <elevations>
        <elevation site="isn" units="&#176;">2.5,3.5</elevation>
        <elevation site="mem" units="&#176;">0.5</elevation>
      </elevations>
      <mean_dbz units="DBZ">27.37</mean_dbz>
      <max_dbz units="DBZ">45.58</max_dbz>
      <mesocyclone_velocity_max units="m/s">31.968277</mesocyclone_velocity_max>
      <mesocyclone_velocity_rotational_max units="m/s">17.184525</mesocyclone_velocity_rotational_max>
      <mesocyclone_velocity_rotational_mean units="m/s">9.474078</mesocyclone_velocity_rotational_mean>
      <mesocyclone_velocity_rotational_max_closest_to_ground units="m/s">13.003193</mesocyclone_velocity_rotational_max_closest_to_ground>
      <meso_intensity>3</meso_intensity>
    </nowcast-parameters>
  </event>
  <event ID="74">
    <time time-coordinate="UTC">2021-07-08T14:35:00</time>
    <location>
      <area>
        <ellipse>
          <moving-point>
            <latitude>47.439895</latitude>
            <longitude>11.418376</longitude>
            <polar_motion>
              <speed units="km/h">0.0</speed>
            </polar_motion>
          </moving-point>
          <major_axis units="km">7.00</major_axis>
          <minor_axis units="km">7.00</minor_axis>
          <orientation units="degrees true">0</orientation>
        </ellipse>
      </area>
    </location>
    <nowcast-parameters>
      <mesocyclone_shear_mean units="m/s/km">3.925822</mesocyclone_shear_mean>
      <mesocyclone_shear_max units="m/s/km">11.066735</mesocyclone_shear_max>
      <mesocyclone_momentum_mean units="m/s/km">59.692079</mesocyclone_momentum_mean>
      <mesocyclone_momentum_max units="m/s/km">186.933815</mesocyclone_momentum_max>
      <mesocyclone_diameter units="km">7.000000</mesocyclone_diameter>
      <mesocyclone_diameter_equivalent units="km">5.301861</mesocyclone_diameter_equivalent>
      <mesocyclone_top units="km">7.801582</mesocyclone_top>
      <mesocyclone_base units="km">0.979297</mesocyclone_base>
      <mesocyclone_echotop units="km">9.116146</mesocyclone_echotop>
      <mesocyclone_vil units="kg/m*m">12.672817</mesocyclone_vil>
      <mesocyclone_shear_vectors>20</mesocyclone_shear_vectors>
      <mesocyclone_shear_features>4</mesocyclone_shear_features>
      <elevations>
        <elevation site="tur" units="&#176;">0.5</elevation>
        <elevation site="isn" units="&#176;">3.5,4.5</elevation>
        <elevation site="mem" units="&#176;">1.5</elevation>
      </elevations>
      <mean_dbz units="DBZ">36.91</mean_dbz>
      <max_dbz units="DBZ">50.87</max_dbz>
      <mesocyclone_velocity_max units="m/s">31.968271</mesocyclone_velocity_max>
      <mesocyclone_velocity_rotational_max units="m/s">10.730789</mesocyclone_velocity_rotational_max>
      <mesocyclone_velocity_rotational_mean units="m/s">7.191602</mesocyclone_velocity_rotational_mean>
      <mesocyclone_velocity_rotational_max_closest_to_ground units="m/s">10.730789</mesocyclone_velocity_rotational_max_closest_to_ground>
      <meso_intensity>3</meso_intensity>
    </nowcast-parameters>
  </event>
  <event ID="72">
    <time time-coordinate="UTC">2021-07-08T14:35:00</time>
    <location>
      <area>
        <ellipse>
          <moving-point>
            <latitude>47.381158</latitude>
            <longitude>8.604361</longitude>
            <polar_motion>
              <speed units="km/h">0.0</speed>
            </polar_motion>
          </moving-point>
          <major_axis units="km">17.25</major_axis>
          <minor_axis units="km">17.25</minor_axis>
          <orientation units="degrees true">0</orientation>
        </ellipse>
      </area>
    </location>
    <nowcast-parameters>
      <mesocyclone_shear_mean units="m/s/km">5.453136</mesocyclone_shear_mean>
      <mesocyclone_shear_max units="m/s/km">12.990649</mesocyclone_shear_max>
      <mesocyclone_momentum_mean units="m/s/km">92.363958</mesocyclone_momentum_mean>
      <mesocyclone_momentum_max units="m/s/km">901.094947</mesocyclone_momentum_max>
      <mesocyclone_diameter units="km">17.250000</mesocyclone_diameter>
      <mesocyclone_diameter_equivalent units="km">7.156158</mesocyclone_diameter_equivalent>
      <mesocyclone_top units="km">7.306537</mesocyclone_top>
      <mesocyclone_base units="km">1.323757</mesocyclone_base>
      <mesocyclone_echotop units="km">7.744021</mesocyclone_echotop>
      <mesocyclone_vil units="kg/m*m">4.479682</mesocyclone_vil>
      <mesocyclone_shear_vectors>34</mesocyclone_shear_vectors>
      <mesocyclone_shear_features>4</mesocyclone_shear_features>
      <elevations>
        <elevation site="tur" units="&#176;">0.5,1.5</elevation>
        <elevation site="mem" units="&#176;">0.5,1.5</elevation>
      </elevations>
      <mean_dbz units="DBZ">33.84</mean_dbz>
      <max_dbz units="DBZ">50.14</max_dbz>
      <mesocyclone_velocity_max units="m/s">31.687389</mesocyclone_velocity_max>
      <mesocyclone_velocity_rotational_max units="m/s">25.764943</mesocyclone_velocity_rotational_max>
      <mesocyclone_velocity_rotational_mean units="m/s">9.518630</mesocyclone_velocity_rotational_mean>
      <mesocyclone_velocity_rotational_max_closest_to_ground units="m/s">15.906819</mesocyclone_velocity_rotational_max_closest_to_ground>
      <meso_intensity>3</meso_intensity>
    </nowcast-parameters>
  </event>
  <event ID="86">
    <time time-coordinate="UTC">2021-07-08T14:35:00</time>
    <location>
      <area>
        <ellipse>
          <moving-point>
            <latitude>47.254213</latitude>
            <longitude>11.340252</longitude>
            <polar_motion>
              <speed units="km/h">0.0</speed>
            </polar_motion>
          </moving-point>
          <major_axis units="km">22.25</major_axis>
          <minor_axis units="km">22.25</minor_axis>
          <orientation units="degrees true">0</orientation>
        </ellipse>
      </area>
    </location>
    <nowcast-parameters>
      <mesocyclone_shear_mean units="m/s/km">3.679496</mesocyclone_shear_mean>
      <mesocyclone_shear_max units="m/s/km">10.756191</mesocyclone_shear_max>
      <mesocyclone_momentum_mean units="m/s/km">131.294894</mesocyclone_momentum_mean>
      <mesocyclone_momentum_max units="m/s/km">594.278426</mesocyclone_momentum_max>
      <mesocyclone_diameter units="km">22.250000</mesocyclone_diameter>
      <mesocyclone_diameter_equivalent units="km">8.120500</mesocyclone_diameter_equivalent>
      <mesocyclone_top units="km">10.021396</mesocyclone_top>
      <mesocyclone_base units="km">-0.064662</mesocyclone_base>
      <mesocyclone_echotop units="km">10.039585</mesocyclone_echotop>
      <mesocyclone_vil units="kg/m*m">20.108759</mesocyclone_vil>
      <mesocyclone_shear_vectors>22</mesocyclone_shear_vectors>
      <mesocyclone_shear_features>7</mesocyclone_shear_features>
      <elevations>
        <elevation site="isn" units="&#176;">0.5,1.5,2.5,3.5,4.5</elevation>
        <elevation site="mem" units="&#176;">0.5,1.5</elevation>
      </elevations>
      <mean_dbz units="DBZ">39.54</mean_dbz>
      <max_dbz units="DBZ">55.98</max_dbz>
      <mesocyclone_velocity_max units="m/s">31.968271</mesocyclone_velocity_max>
      <mesocyclone_velocity_rotational_max units="m/s">15.668243</mesocyclone_velocity_rotational_max>
      <mesocyclone_velocity_rotational_mean units="m/s">8.970706</mesocyclone_velocity_rotational_mean>
      <mesocyclone_velocity_rotational_max_closest_to_ground units="m/s">12.003895</mesocyclone_velocity_rotational_max_closest_to_ground>
      <meso_intensity>3</meso_intensity>
    </nowcast-parameters>
  </event>
  <event ID="88">
    <time time-coordinate="UTC">2021-07-08T14:35:00</time>
    <location>
      <area>
        <ellipse>
          <moving-point>
            <latitude>46.958884</latitude>
            <longitude>11.321826</longitude>
            <polar_motion>
              <speed units="km/h">0.0</speed>
            </polar_motion>
          </moving-point>
          <major_axis units="km">11.75</major_axis>
          <minor_axis units="km">11.75</minor_axis>
          <orientation units="degrees true">0</orientation>
        </ellipse>
      </area>
    </location>
    <nowcast-parameters>
      <mesocyclone_shear_mean units="m/s/km">4.298801</mesocyclone_shear_mean>
      <mesocyclone_shear_max units="m/s/km">9.936791</mesocyclone_shear_max>
      <mesocyclone_momentum_mean units="m/s/km">152.280504</mesocyclone_momentum_mean>
      <mesocyclone_momentum_max units="m/s/km">489.763195</mesocyclone_momentum_max>
      <mesocyclone_diameter units="km">11.750000</mesocyclone_diameter>
      <mesocyclone_diameter_equivalent units="km">8.357957</mesocyclone_diameter_equivalent>
      <mesocyclone_top units="km">7.521936</mesocyclone_top>
      <mesocyclone_base units="km">0.693410</mesocyclone_base>
      <mesocyclone_echotop units="km">9.010837</mesocyclone_echotop>
      <mesocyclone_vil units="kg/m*m">6.037718</mesocyclone_vil>
      <mesocyclone_shear_vectors>35</mesocyclone_shear_vectors>
      <mesocyclone_shear_features>3</mesocyclone_shear_features>
      <elevations>
        <elevation site="isn" units="&#176;">0.5,1.5,2.5</elevation>
      </elevations>
      <mean_dbz units="DBZ">32.57</mean_dbz>
      <max_dbz units="DBZ">47.96</max_dbz>
      <mesocyclone_velocity_max units="m/s">31.715561</mesocyclone_velocity_max>
      <mesocyclone_velocity_rotational_max units="m/s">23.502366</mesocyclone_velocity_rotational_max>
      <mesocyclone_velocity_rotational_mean units="m/s">10.744339</mesocyclone_velocity_rotational_mean>
      <mesocyclone_velocity_rotational_max_closest_to_ground units="m/s">23.502366</mesocyclone_velocity_rotational_max_closest_to_ground>
      <meso_intensity>4</meso_intensity>
    </nowcast-parameters>
  </event>
</nowcast-data>
