<?xml version="1.0" encoding="UTF-8"?>
<nowcast-data>
  <radar-stations>ASB,BOO,ROS,HNR,UMD,PRO,ESS,FLD,DRS,NEU,NHB,OFT,EIS,TUR,ISN,FBG,MEM</radar-stations>
  <event ID="4">
    <time time-coordinate="UTC">2021-07-08T15:40:00</time>
    <location>
      <area>
        <ellipse>
          <moving-point>
            <latitude>52.435138</latitude>
            <longitude>10.260979</longitude>
            <polar_motion>
              <speed units="km/h">0.0</speed>
            </polar_motion>
          </moving-point>
          <major_axis units="km">7.30</major_axis>
          <minor_axis units="km">7.30</minor_axis>
          <orientation units="degrees true">0</orientation>
        </ellipse>
      </area>
    </location>
    <nowcast-parameters>
      <mesocyclone_shear_mean units="m/s/km">4.663258</mesocyclone_shear_mean>
      <mesocyclone_shear_max units="m/s/km">10.385674</mesocyclone_shear_max>
      <mesocyclone_momentum_mean units="m/s/km">79.959491</mesocyclone_momentum_mean>
      <mesocyclone_momentum_max units="m/s/km">193.483785</mesocyclone_momentum_max>
      <mesocyclone_diameter units="km">7.302780</mesocyclone_diameter>
      <mesocyclone_diameter_equivalent units="km">4.045976</mesocyclone_diameter_equivalent>
      <mesocyclone_top units="km">7.895164</mesocyclone_top>
      <mesocyclone_base units="km">2.081628</mesocyclone_base>
      <mesocyclone_echotop units="km">6.563017</mesocyclone_echotop>
      <mesocyclone_vil units="kg/m*m">9.149846</mesocyclone_vil>
      <mesocyclone_shear_vectors>9</mesocyclone_shear_vectors>
      <mesocyclone_shear_features>2</mesocyclone_shear_features>
      <elevations>
        <elevation site="boo" units="&#176;">1.5</elevation>
        <elevation site="fld" units="&#176;">0.5</elevation>
      </elevations>
      <mean_dbz units="DBZ">37.02</mean_dbz>
      <max_dbz units="DBZ">53.06</max_dbz>
      <mesocyclone_velocity_max units="m/s">31.210133</mesocyclone_velocity_max>
      <mesocyclone_velocity_rotational_max units="m/s">17.264843</mesocyclone_velocity_rotational_max>
      <mesocyclone_velocity_rotational_mean units="m/s">8.612288</mesocyclone_velocity_rotational_mean>
      <mesocyclone_velocity_rotational_max_closest_to_ground units="m/s">17.264843</mesocyclone_velocity_rotational_max_closest_to_ground>
      <meso_intensity>2</meso_intensity>
    </nowcast-parameters>
  </event>
  <event ID="27">
    <time time-coordinate="UTC">2021-07-08T15:40:00</time>
    <location>
      <area>
        <ellipse>
          <moving-point>
            <latitude>49.632778</latitude>
            <longitude>13.593273</longitude>
            <polar_motion>
              <speed units="km/h">0.0</speed>
            </polar_motion>
          </moving-point>
          <major_axis units="km">7.00</major_axis>
          <minor_axis units="km">7.00</minor_axis>
          <orientation units="degrees true">0</orientation>
        </ellipse>
      </area>
    </location>
    <nowcast-parameters>
      <mesocyclone_shear_mean units="m/s/km">4.970221</mesocyclone_shear_mean>
      <mesocyclone_shear_max units="m/s/km">15.601205</mesocyclone_shear_max>
      <mesocyclone_momentum_mean units="m/s/km">72.119078</mesocyclone_momentum_mean>
      <mesocyclone_momentum_max units="m/s/km">267.377352</mesocyclone_momentum_max>
      <mesocyclone_diameter units="km">7.000000</mesocyclone_diameter>
      <mesocyclone_diameter_equivalent units="km">3.782938</mesocyclone_diameter_equivalent>
      <mesocyclone_top units="km">9.149119</mesocyclone_top>
      <mesocyclone_base units="km">0.735112</mesocyclone_base>
      <mesocyclone_echotop units="km">10.908669</mesocyclone_echotop>
      <mesocyclone_vil units="kg/m*m">22.285698</mesocyclone_vil>
      <mesocyclone_shear_vectors>12</mesocyclone_shear_vectors>
      <mesocyclone_shear_features>4</mesocyclone_shear_features>
      <elevations>
        <elevation site="drs" units="&#176;">0.5</elevation>
        <elevation site="eis" units="&#176;">0.5,1.5,5.5</elevation>
      </elevations>
      <mean_dbz units="DBZ">42.87</mean_dbz>
      <max_dbz units="DBZ">56.91</max_dbz>
      <mesocyclone_velocity_max units="m/s">31.379162</mesocyclone_velocity_max>
      <mesocyclone_velocity_rotational_max units="m/s">15.752593</mesocyclone_velocity_rotational_max>
      <mesocyclone_velocity_rotational_mean units="m/s">8.605890</mesocyclone_velocity_rotational_mean>
      <mesocyclone_velocity_rotational_max_closest_to_ground units="m/s">11.845950</mesocyclone_velocity_rotational_max_closest_to_ground>
      <meso_intensity>2</meso_intensity>
    </nowcast-parameters>
  </event>
  <event ID="51">
    <time time-coordinate="UTC">2021-07-08T15:40:00</time>
    <location>
      <area>
        <ellipse>
          <moving-point>
            <latitude>48.910083</latitude>
            <longitude>13.726842</longitude>
            <polar_motion>
              <speed units="km/h">0.0</speed>
            </polar_motion>
          </moving-point>
          <major_axis units="km">10.92</major_axis>
          <minor_axis units="km">10.92</minor_axis>
          <orientation units="degrees true">0</orientation>
        </ellipse>
      </area>
    </location>
    <nowcast-parameters>
      <mesocyclone_shear_mean units="m/s/km">3.852950</mesocyclone_shear_mean>
      <mesocyclone_shear_max units="m/s/km">15.156107</mesocyclone_shear_max>
      <mesocyclone_momentum_mean units="m/s/km">137.995360</mesocyclone_momentum_mean>
      <mesocyclone_momentum_max units="m/s/km">399.684843</mesocyclone_momentum_max>
      <mesocyclone_diameter units="km">10.920420</mesocyclone_diameter>
      <mesocyclone_diameter_equivalent units="km">6.922463</mesocyclone_diameter_equivalent>
      <mesocyclone_top units="km">10.422571</mesocyclone_top>
      <mesocyclone_base units="km">0.916351</mesocyclone_base>
      <mesocyclone_echotop units="km">10.928460</mesocyclone_echotop>
      <mesocyclone_vil units="kg/m*m">71.716067</mesocyclone_vil>
      <mesocyclone_shear_vectors>23</mesocyclone_shear_vectors>
      <mesocyclone_shear_features>6</mesocyclone_shear_features>
      <elevations>
        <elevation site="eis" units="&#176;">1.5,2.5,3.5</elevation>
        <elevation site="isn" units="&#176;">0.5,1.5,3.5</elevation>
      </elevations>
      <mean_dbz units="DBZ">51.42</mean_dbz>
      <max_dbz units="DBZ">64.90</max_dbz>
      <mesocyclone_velocity_max units="m/s">31.968271</mesocyclone_velocity_max>
      <mesocyclone_velocity_rotational_max units="m/s">16.508718</mesocyclone_velocity_rotational_max>
      <mesocyclone_velocity_rotational_mean units="m/s">10.040075</mesocyclone_velocity_rotational_mean>
      <mesocyclone_velocity_rotational_max_closest_to_ground units="m/s">11.877541</mesocyclone_velocity_rotational_max_closest_to_ground>
      <meso_intensity>3</meso_intensity>
    </nowcast-parameters>
  </event>
  <event ID="53">
    <time time-coordinate="UTC">2021-07-08T15:40:00</time>
    <location>
      <area>
        <ellipse>
          <moving-point>
            <latitude>48.803589</latitude>
            <longitude>14.092764</longitude>
            <polar_motion>
              <speed units="km/h">0.0</speed>
            </polar_motion>
          </moving-point>
          <major_axis units="km">7.25</major_axis>
          <minor_axis units="km">7.25</minor_axis>
          <orientation units="degrees true">0</orientation>
        </ellipse>
      </area>
    </location>
    <nowcast-parameters>
      <mesocyclone_shear_mean units="m/s/km">3.862854</mesocyclone_shear_mean>
      <mesocyclone_shear_max units="m/s/km">6.265597</mesocyclone_shear_max>
      <mesocyclone_momentum_mean units="m/s/km">86.743356</mesocyclone_momentum_mean>
      <mesocyclone_momentum_max units="m/s/km">222.581113</mesocyclone_momentum_max>
      <mesocyclone_diameter units="km">7.247347</mesocyclone_diameter>
      <mesocyclone_diameter_equivalent units="km">4.888400</mesocyclone_diameter_equivalent>
      <mesocyclone_top units="km">9.592980</mesocyclone_top>
      <mesocyclone_base units="km">1.253679</mesocyclone_base>
      <mesocyclone_echotop units="km">10.447265</mesocyclone_echotop>
      <mesocyclone_vil units="kg/m*m">98.727845</mesocyclone_vil>
      <mesocyclone_shear_vectors>14</mesocyclone_shear_vectors>
      <mesocyclone_shear_features>4</mesocyclone_shear_features>
      <elevations>
        <elevation site="eis" units="&#176;">0.5,1.5</elevation>
        <elevation site="isn" units="&#176;">0.5,2.5</elevation>
      </elevations>
      <mean_dbz units="DBZ">53.70</mean_dbz>
      <max_dbz units="DBZ">67.83</max_dbz>
      <mesocyclone_velocity_max units="m/s">27.166714</mesocyclone_velocity_max>
      <mesocyclone_velocity_rotational_max units="m/s">12.224011</mesocyclone_velocity_rotational_max>
      <mesocyclone_velocity_rotational_mean units="m/s">8.012730</mesocyclone_velocity_rotational_mean>
      <mesocyclone_velocity_rotational_max_closest_to_ground units="m/s">10.108545</mesocyclone_velocity_rotational_max_closest_to_ground>
      <meso_intensity>2</meso_intensity>
    </nowcast-parameters>
  </event>
  <event ID="52">
    <time time-coordinate="UTC">2021-07-08T15:40:00</time>
    <location>
      <area>
        <ellipse>
          <moving-point>
            <latitude>48.688555</latitude>
            <longitude>13.725505</longitude>
            <polar_motion>
              <speed units="km/h">0.0</speed>
            </polar_motion>
          </moving-point>
          <major_axis units="km">10.00</major_axis>
          <minor_axis units="km">10.00</minor_axis>
          <orientation units="degrees true">0</orientation>
        </ellipse>
      </area>
    </location>
    <nowcast-parameters>
      <mesocyclone_shear_mean units="m/s/km">5.761052</mesocyclone_shear_mean>
      <mesocyclone_shear_max units="m/s/km">9.802071</mesocyclone_shear_max>
      <mesocyclone_momentum_mean units="m/s/km">45.565035</mesocyclone_momentum_mean>
      <mesocyclone_momentum_max units="m/s/km">149.404416</mesocyclone_momentum_max>
      <mesocyclone_diameter units="km">10.000000</mesocyclone_diameter>
      <mesocyclone_diameter_equivalent units="km">4.784467</mesocyclone_diameter_equivalent>
      <mesocyclone_top units="km">8.493783</mesocyclone_top>
      <mesocyclone_base units="km">1.118608</mesocyclone_base>
      <mesocyclone_echotop units="km">7.433968</mesocyclone_echotop>
      <mesocyclone_vil units="kg/m*m">20.754505</mesocyclone_vil>
      <mesocyclone_shear_vectors>22</mesocyclone_shear_vectors>
      <mesocyclone_shear_features>2</mesocyclone_shear_features>
      <elevations>
        <elevation site="eis" units="&#176;">0.5</elevation>
        <elevation site="isn" units="&#176;">2.5</elevation>
      </elevations>
      <mean_dbz units="DBZ">48.05</mean_dbz>
      <max_dbz units="DBZ">61.49</max_dbz>
      <mesocyclone_velocity_max units="m/s">24.639580</mesocyclone_velocity_max>
      <mesocyclone_velocity_rotational_max units="m/s">11.341867</mesocyclone_velocity_rotational_max>
      <mesocyclone_velocity_rotational_mean units="m/s">7.402168</mesocyclone_velocity_rotational_mean>
      <mesocyclone_velocity_rotational_max_closest_to_ground units="m/s">11.341867</mesocyclone_velocity_rotational_max_closest_to_ground>
      <meso_intensity>2</meso_intensity>
    </nowcast-parameters>
  </event>
  <event ID="60">
    <time time-coordinate="UTC">2021-07-08T15:40:00</time>
    <location>
      <area>
        <ellipse>
          <moving-point>
            <latitude>47.959935</latitude>
            <longitude>11.783586</longitude>
            <polar_motion>
              <speed units="km/h">0.0</speed>
            </polar_motion>
          </moving-point>
          <major_axis units="km">20.50</major_axis>
          <minor_axis units="km">20.50</minor_axis>
          <orientation units="degrees true">0</orientation>
        </ellipse>
      </area>
    </location>
    <nowcast-parameters>
      <mesocyclone_shear_mean units="m/s/km">3.378245</mesocyclone_shear_mean>
      <mesocyclone_shear_max units="m/s/km">7.691129</mesocyclone_shear_max>
      <mesocyclone_momentum_mean units="m/s/km">115.541094</mesocyclone_momentum_mean>
      <mesocyclone_momentum_max units="m/s/km">556.966792</mesocyclone_momentum_max>
      <mesocyclone_diameter units="km">20.500000</mesocyclone_diameter>
      <mesocyclone_diameter_equivalent units="km">12.082992</mesocyclone_diameter_equivalent>
      <mesocyclone_top units="km">7.915361</mesocyclone_top>
      <mesocyclone_base units="km">3.272677</mesocyclone_base>
      <mesocyclone_echotop units="km">10.271491</mesocyclone_echotop>
      <mesocyclone_vil units="kg/m*m">7.767520</mesocyclone_vil>
      <mesocyclone_shear_vectors>71</mesocyclone_shear_vectors>
      <mesocyclone_shear_features>7</mesocyclone_shear_features>
      <elevations>
        <elevation site="eis" units="&#176;">1.5</elevation>
        <elevation site="isn" units="&#176;">4.5,5.5,8.0,12.0,17.0,25.0</elevation>
      </elevations>
      <mean_dbz units="DBZ">31.36</mean_dbz>
      <max_dbz units="DBZ">52.26</max_dbz>
      <mesocyclone_velocity_max units="m/s">31.847706</mesocyclone_velocity_max>
      <mesocyclone_velocity_rotational_max units="m/s">18.020968</mesocyclone_velocity_rotational_max>
      <mesocyclone_velocity_rotational_mean units="m/s">8.923015</mesocyclone_velocity_rotational_mean>
      <mesocyclone_velocity_rotational_max_closest_to_ground units="m/s">10.361259</mesocyclone_velocity_rotational_max_closest_to_ground>
      <meso_intensity>3</meso_intensity>
    </nowcast-parameters>
  </event>
  <event ID="94">
    <time time-coordinate="UTC">2021-07-08T15:40:00</time>
    <location>
      <area>
        <ellipse>
          <moving-point>
            <latitude>47.691245</latitude>
            <longitude>12.308798</longitude>
            <polar_motion>
              <speed units="km/h">0.0</speed>
            </polar_motion>
          </moving-point>
          <major_axis units="km">10.00</major_axis>
          <minor_axis units="km">10.00</minor_axis>
          <orientation units="degrees true">0</orientation>
        </ellipse>
      </area>
    </location>
    <nowcast-parameters>
      <mesocyclone_shear_mean units="m/s/km">3.987259</mesocyclone_shear_mean>
      <mesocyclone_shear_max units="m/s/km">8.614048</mesocyclone_shear_max>
      <mesocyclone_momentum_mean units="m/s/km">95.610399</mesocyclone_momentum_mean>
      <mesocyclone_momentum_max units="m/s/km">283.149187</mesocyclone_momentum_max>
      <mesocyclone_diameter units="km">10.000000</mesocyclone_diameter>
      <mesocyclone_diameter_equivalent units="km">5.228266</mesocyclone_diameter_equivalent>
      <mesocyclone_top units="km">6.463931</mesocyclone_top>
      <mesocyclone_base units="km">1.255151</mesocyclone_base>
      <mesocyclone_echotop units="km">6.204615</mesocyclone_echotop>
      <mesocyclone_vil units="kg/m*m">33.154856</mesocyclone_vil>
      <mesocyclone_shear_vectors>18</mesocyclone_shear_vectors>
      <mesocyclone_shear_features>3</mesocyclone_shear_features>
      <elevations>
        <elevation site="isn" units="&#176;">2.5,3.5,5.5</elevation>
      </elevations>
      <mean_dbz units="DBZ">45.73</mean_dbz>
      <max_dbz units="DBZ">58.54</max_dbz>
      <mesocyclone_velocity_max units="m/s">29.946564</mesocyclone_velocity_max>
      <mesocyclone_velocity_rotational_max units="m/s">16.300028</mesocyclone_velocity_rotational_max>
      <mesocyclone_velocity_rotational_mean units="m/s">8.985373</mesocyclone_velocity_rotational_mean>
      <mesocyclone_velocity_rotational_max_closest_to_ground units="m/s">13.772892</mesocyclone_velocity_rotational_max_closest_to_ground>
      <meso_intensity>3</meso_intensity>
    </nowcast-parameters>
  </event>
</nowcast-data>
