<?xml version="1.0" encoding="UTF-8"?>
<nowcast-data>
  <radar-stations>ASB,BOO,ROS,HNR,UMD,PRO,ESS,FLD,drs,NEU,NHB,OFT,EIS,TUR,ISN,FBG,MEM</radar-stations>
  <event ID="19">
    <time time-coordinate="UTC">2021-07-08T10:15:00</time>
    <location>
      <area>
        <ellipse>
          <moving-point>
            <latitude>49.583422</latitude>
            <longitude>12.022791</longitude>
            <polar_motion>
              <speed units="km/h">0.0</speed>
            </polar_motion>
          </moving-point>
          <major_axis units="km">13.25</major_axis>
          <minor_axis units="km">13.25</minor_axis>
          <orientation units="degrees true">0</orientation>
        </ellipse>
      </area>
    </location>
    <nowcast-parameters>
      <mesocyclone_shear_mean units="m/s/km">3.535415</mesocyclone_shear_mean>
      <mesocyclone_shear_max units="m/s/km">10.289749</mesocyclone_shear_max>
      <mesocyclone_momentum_mean units="m/s/km">100.812201</mesocyclone_momentum_mean>
      <mesocyclone_momentum_max units="m/s/km">480.920479</mesocyclone_momentum_max>
      <mesocyclone_diameter units="km">13.250000</mesocyclone_diameter>
      <mesocyclone_diameter_equivalent units="km">8.335176</mesocyclone_diameter_equivalent>
      <mesocyclone_top units="km">9.234760</mesocyclone_top>
      <mesocyclone_base units="km">2.259753</mesocyclone_base>
      <mesocyclone_echotop units="km">9.511469</mesocyclone_echotop>
      <mesocyclone_vil units="kg/m*m">40.268278</mesocyclone_vil>
      <mesocyclone_shear_vectors>34</mesocyclone_shear_vectors>
      <mesocyclone_shear_features>6</mesocyclone_shear_features>
      <elevations>
        <elevation site="eis" units="&#176;">3.5,4.5,8.0,12.0,17.0</elevation>
        <elevation site="isn" units="&#176;">1.5</elevation>
      </elevations>
      <mean_dbz units="DBZ">46.36</mean_dbz>
      <max_dbz units="DBZ">62.47</max_dbz>
      <mesocyclone_velocity_max units="m/s">29.693851</mesocyclone_velocity_max>
      <mesocyclone_velocity_rotational_max units="m/s">26.029501</mesocyclone_velocity_rotational_max>
      <mesocyclone_velocity_rotational_mean units="m/s">8.335530</mesocyclone_velocity_rotational_mean>
      <mesocyclone_velocity_rotational_max_closest_to_ground units="m/s">8.695431</mesocyclone_velocity_rotational_max_closest_to_ground>
      <meso_intensity>4</meso_intensity>
    </nowcast-parameters>
  </event>
  <event ID="45">
    <time time-coordinate="UTC">2021-07-08T10:15:00</time>
    <location>
      <area>
        <ellipse>
          <moving-point>
            <latitude>47.776042</latitude>
            <longitude>11.791184</longitude>
            <polar_motion>
              <speed units="km/h">0.0</speed>
            </polar_motion>
          </moving-point>
          <major_axis units="km">8.50</major_axis>
          <minor_axis units="km">8.50</minor_axis>
          <orientation units="degrees true">0</orientation>
        </ellipse>
      </area>
    </location>
    <nowcast-parameters>
      <mesocyclone_shear_mean units="m/s/km">3.592832</mesocyclone_shear_mean>
      <mesocyclone_shear_max units="m/s/km">4.926740</mesocyclone_shear_max>
      <mesocyclone_momentum_mean units="m/s/km">67.769505</mesocyclone_momentum_mean>
      <mesocyclone_momentum_max units="m/s/km">125.846459</mesocyclone_momentum_max>
      <mesocyclone_diameter units="km">8.500000</mesocyclone_diameter>
      <mesocyclone_diameter_equivalent units="km">4.248977</mesocyclone_diameter_equivalent>
      <mesocyclone_top units="km">5.346393</mesocyclone_top>
      <mesocyclone_base units="km">3.536756</mesocyclone_base>
      <mesocyclone_echotop units="km">8.064797</mesocyclone_echotop>
      <mesocyclone_vil units="kg/m*m">6.953510</mesocyclone_vil>
      <mesocyclone_shear_vectors>13</mesocyclone_shear_vectors>
      <mesocyclone_shear_features>2</mesocyclone_shear_features>
      <elevations>
        <elevation site="isn" units="&#176;">4.5,5.5</elevation>
      </elevations>
      <mean_dbz units="DBZ">37.20</mean_dbz>
      <max_dbz units="DBZ">51.26</max_dbz>
      <mesocyclone_velocity_max units="m/s">30.451990</mesocyclone_velocity_max>
      <mesocyclone_velocity_rotational_max units="m/s">10.361259</mesocyclone_velocity_rotational_max>
      <mesocyclone_velocity_rotational_mean units="m/s">7.391873</mesocyclone_velocity_rotational_mean>
      <mesocyclone_velocity_rotational_max_closest_to_ground units="m/s">9.603118</mesocyclone_velocity_rotational_max_closest_to_ground>
      <meso_intensity>1</meso_intensity>
    </nowcast-parameters>
  </event>
  <event ID="44">
    <time time-coordinate="UTC">2021-07-08T10:15:00</time>
    <location>
      <area>
        <ellipse>
          <moving-point>
            <latitude>47.653511</latitude>
            <longitude>10.416750</longitude>
            <polar_motion>
              <speed units="km/h">0.0</speed>
            </polar_motion>
          </moving-point>
          <major_axis units="km">9.05</major_axis>
          <minor_axis units="km">9.05</minor_axis>
          <orientation units="degrees true">0</orientation>
        </ellipse>
      </area>
    </location>
    <nowcast-parameters>
      <mesocyclone_shear_mean units="m/s/km">3.523504</mesocyclone_shear_mean>
      <mesocyclone_shear_max units="m/s/km">7.715877</mesocyclone_shear_max>
      <mesocyclone_momentum_mean units="m/s/km">80.280642</mesocyclone_momentum_mean>
      <mesocyclone_momentum_max units="m/s/km">195.942000</mesocyclone_momentum_max>
      <mesocyclone_diameter units="km">9.048974</mesocyclone_diameter>
      <mesocyclone_diameter_equivalent units="km">5.657689</mesocyclone_diameter_equivalent>
      <mesocyclone_top units="km">8.431014</mesocyclone_top>
      <mesocyclone_base units="km">2.405133</mesocyclone_base>
      <mesocyclone_echotop units="km">9.510796</mesocyclone_echotop>
      <mesocyclone_vil units="kg/m*m">7.523519</mesocyclone_vil>
      <mesocyclone_shear_vectors>14</mesocyclone_shear_vectors>
      <mesocyclone_shear_features>4</mesocyclone_shear_features>
      <elevations>
        <elevation site="isn" units="&#176;">2.5</elevation>
        <elevation site="mem" units="&#176;">3.5,4.5,5.5</elevation>
      </elevations>
      <mean_dbz units="DBZ">33.29</mean_dbz>
      <max_dbz units="DBZ">49.37</max_dbz>
      <mesocyclone_velocity_max units="m/s">24.112717</mesocyclone_velocity_max>
      <mesocyclone_velocity_rotational_max units="m/s">9.729475</mesocyclone_velocity_rotational_max>
      <mesocyclone_velocity_rotational_mean units="m/s">7.453710</mesocyclone_velocity_rotational_mean>
      <mesocyclone_velocity_rotational_max_closest_to_ground units="m/s">9.594588</mesocyclone_velocity_rotational_max_closest_to_ground>
      <meso_intensity>2</meso_intensity>
    </nowcast-parameters>
  </event>
  <event ID="22">
    <time time-coordinate="UTC">2021-07-08T10:15:00</time>
    <location>
      <area>
        <ellipse>
          <moving-point>
            <latitude>47.485023</latitude>
            <longitude>9.896782</longitude>
            <polar_motion>
              <speed units="km/h">0.0</speed>
            </polar_motion>
          </moving-point>
          <major_axis units="km">11.06</major_axis>
          <minor_axis units="km">11.06</minor_axis>
          <orientation units="degrees true">0</orientation>
        </ellipse>
      </area>
    </location>
    <nowcast-parameters>
      <mesocyclone_shear_mean units="m/s/km">6.112689</mesocyclone_shear_mean>
      <mesocyclone_shear_max units="m/s/km">14.446489</mesocyclone_shear_max>
      <mesocyclone_momentum_mean units="m/s/km">162.910600</mesocyclone_momentum_mean>
      <mesocyclone_momentum_max units="m/s/km">1069.020678</mesocyclone_momentum_max>
      <mesocyclone_diameter units="km">11.059312</mesocyclone_diameter>
      <mesocyclone_diameter_equivalent units="km">5.885247</mesocyclone_diameter_equivalent>
      <mesocyclone_top units="km">5.273132</mesocyclone_top>
      <mesocyclone_base units="km">1.012516</mesocyclone_base>
      <mesocyclone_echotop units="km">8.443369</mesocyclone_echotop>
      <mesocyclone_vil units="kg/m*m">4.720519</mesocyclone_vil>
      <mesocyclone_shear_vectors>21</mesocyclone_shear_vectors>
      <mesocyclone_shear_features>3</mesocyclone_shear_features>
      <elevations>
        <elevation site="tur" units="&#176;">0.5,1.5</elevation>
        <elevation site="mem" units="&#176;">3.5</elevation>
      </elevations>
      <mean_dbz units="DBZ">31.84</mean_dbz>
      <max_dbz units="DBZ">47.26</max_dbz>
      <mesocyclone_velocity_max units="m/s">31.939877</mesocyclone_velocity_max>
      <mesocyclone_velocity_rotational_max units="m/s">35.157088</mesocyclone_velocity_rotational_max>
      <mesocyclone_velocity_rotational_mean units="m/s">11.992286</mesocyclone_velocity_rotational_mean>
      <mesocyclone_velocity_rotational_max_closest_to_ground units="m/s">12.057485</mesocyclone_velocity_rotational_max_closest_to_ground>
      <meso_intensity>3</meso_intensity>
    </nowcast-parameters>
  </event>
  <event ID="43">
    <time time-coordinate="UTC">2021-07-08T10:15:00</time>
    <location>
      <area>
        <ellipse>
          <moving-point>
            <latitude>47.444811</latitude>
            <longitude>10.136665</longitude>
            <polar_motion>
              <speed units="km/h">0.0</speed>
            </polar_motion>
          </moving-point>
          <major_axis units="km">5.25</major_axis>
          <minor_axis units="km">5.25</minor_axis>
          <orientation units="degrees true">0</orientation>
        </ellipse>
      </area>
    </location>
    <nowcast-parameters>
      <mesocyclone_shear_mean units="m/s/km">4.354506</mesocyclone_shear_mean>
      <mesocyclone_shear_max units="m/s/km">9.792516</mesocyclone_shear_max>
      <mesocyclone_momentum_mean units="m/s/km">78.327738</mesocyclone_momentum_mean>
      <mesocyclone_momentum_max units="m/s/km">173.569178</mesocyclone_momentum_max>
      <mesocyclone_diameter units="km">5.253816</mesocyclone_diameter>
      <mesocyclone_diameter_equivalent units="km">3.190699</mesocyclone_diameter_equivalent>
      <mesocyclone_top units="km">6.668477</mesocyclone_top>
      <mesocyclone_base units="km">3.763231</mesocyclone_base>
      <mesocyclone_echotop units="km">6.214704</mesocyclone_echotop>
      <mesocyclone_vil units="kg/m*m">10.260050</mesocyclone_vil>
      <mesocyclone_shear_vectors>7</mesocyclone_shear_vectors>
      <mesocyclone_shear_features>2</mesocyclone_shear_features>
      <elevations>
        <elevation site="isn" units="&#176;">1.5</elevation>
        <elevation site="mem" units="&#176;">4.5</elevation>
      </elevations>
      <mean_dbz units="DBZ">39.08</mean_dbz>
      <max_dbz units="DBZ">53.92</max_dbz>
      <mesocyclone_velocity_max units="m/s">29.414989</mesocyclone_velocity_max>
      <mesocyclone_velocity_rotational_max units="m/s">14.910103</mesocyclone_velocity_rotational_max>
      <mesocyclone_velocity_rotational_mean units="m/s">8.832762</mesocyclone_velocity_rotational_mean>
      <mesocyclone_velocity_rotational_max_closest_to_ground units="m/s">14.910103</mesocyclone_velocity_rotational_max_closest_to_ground>
      <meso_intensity>2</meso_intensity>
    </nowcast-parameters>
  </event>
  <event ID="25">
    <time time-coordinate="UTC">2021-07-08T10:15:00</time>
    <location>
      <area>
        <ellipse>
          <moving-point>
            <latitude>47.195539</latitude>
            <longitude>9.784235</longitude>
            <polar_motion>
              <speed units="km/h">0.0</speed>
            </polar_motion>
          </moving-point>
          <major_axis units="km">17.75</major_axis>
          <minor_axis units="km">17.75</minor_axis>
          <orientation units="degrees true">0</orientation>
        </ellipse>
      </area>
    </location>
    <nowcast-parameters>
      <mesocyclone_shear_mean units="m/s/km">3.866258</mesocyclone_shear_mean>
      <mesocyclone_shear_max units="m/s/km">16.005065</mesocyclone_shear_max>
      <mesocyclone_momentum_mean units="m/s/km">167.141211</mesocyclone_momentum_mean>
      <mesocyclone_momentum_max units="m/s/km">1223.623506</mesocyclone_momentum_max>
      <mesocyclone_diameter units="km">17.750000</mesocyclone_diameter>
      <mesocyclone_diameter_equivalent units="km">10.715580</mesocyclone_diameter_equivalent>
      <mesocyclone_top units="km">7.066641</mesocyclone_top>
      <mesocyclone_base units="km">2.252974</mesocyclone_base>
      <mesocyclone_echotop units="km">8.862808</mesocyclone_echotop>
      <mesocyclone_vil units="kg/m*m">17.745931</mesocyclone_vil>
      <mesocyclone_shear_vectors>47</mesocyclone_shear_vectors>
      <mesocyclone_shear_features>4</mesocyclone_shear_features>
      <elevations>
        <elevation site="tur" units="&#176;">1.5</elevation>
        <elevation site="mem" units="&#176;">1.5,2.5,3.5</elevation>
      </elevations>
      <mean_dbz units="DBZ">39.05</mean_dbz>
      <max_dbz units="DBZ">58.39</max_dbz>
      <mesocyclone_velocity_max units="m/s">31.687393</mesocyclone_velocity_max>
      <mesocyclone_velocity_rotational_max units="m/s">43.933117</mesocyclone_velocity_rotational_max>
      <mesocyclone_velocity_rotational_mean units="m/s">11.114611</mesocyclone_velocity_rotational_mean>
      <mesocyclone_velocity_rotational_max_closest_to_ground units="m/s">23.607738</mesocyclone_velocity_rotational_max_closest_to_ground>
      <meso_intensity>3</meso_intensity>
    </nowcast-parameters>
  </event>
</nowcast-data>
