<?xml version="1.0" encoding="UTF-8"?>
<nowcast-data>
  <radar-stations>ASB,BOO,ROS,HNR,UMD,PRO,ESS,FLD,DRS,NEU,NHB,OFT,EIS,TUR,ISN,FBG,MEM</radar-stations>
  <event ID="27">
    <time time-coordinate="UTC">2021-07-07T10:45:00</time>
    <location>
      <area>
        <ellipse>
          <moving-point>
            <latitude>48.931460</latitude>
            <longitude>10.969017</longitude>
            <polar_motion>
              <speed units="km/h">0.0</speed>
            </polar_motion>
          </moving-point>
          <major_axis units="km">7.50</major_axis>
          <minor_axis units="km">7.50</minor_axis>
          <orientation units="degrees true">0</orientation>
        </ellipse>
      </area>
    </location>
    <nowcast-parameters>
      <mesocyclone_shear_mean units="m/s/km">5.581814</mesocyclone_shear_mean>
      <mesocyclone_shear_max units="m/s/km">11.252723</mesocyclone_shear_max>
      <mesocyclone_momentum_mean units="m/s/km">72.163759</mesocyclone_momentum_mean>
      <mesocyclone_momentum_max units="m/s/km">255.823405</mesocyclone_momentum_max>
      <mesocyclone_diameter units="km">7.500000</mesocyclone_diameter>
      <mesocyclone_diameter_equivalent units="km">5.057134</mesocyclone_diameter_equivalent>
      <mesocyclone_top units="km">5.287126</mesocyclone_top>
      <mesocyclone_base units="km">2.211844</mesocyclone_base>
      <mesocyclone_echotop units="km">5.601723</mesocyclone_echotop>
      <mesocyclone_vil units="kg/m*m">3.057776</mesocyclone_vil>
      <mesocyclone_shear_vectors>21</mesocyclone_shear_vectors>
      <mesocyclone_shear_features>2</mesocyclone_shear_features>
      <elevations>
        <elevation site="neu" units="&#176;">0.5</elevation>
        <elevation site="mem" units="&#176;">1.5</elevation>
      </elevations>
      <mean_dbz units="DBZ">28.32</mean_dbz>
      <max_dbz units="DBZ">59.27</max_dbz>
      <mesocyclone_velocity_max units="m/s">27.924854</mesocyclone_velocity_max>
      <mesocyclone_velocity_rotational_max units="m/s">12.509324</mesocyclone_velocity_rotational_max>
      <mesocyclone_velocity_rotational_mean units="m/s">9.047494</mesocyclone_velocity_rotational_mean>
      <mesocyclone_velocity_rotational_max_closest_to_ground units="m/s">12.509324</mesocyclone_velocity_rotational_max_closest_to_ground>
      <meso_intensity>3</meso_intensity>
    </nowcast-parameters>
  </event>
</nowcast-data>
