<?xml version="1.0" encoding="UTF-8"?>
<nowcast-data>
  <radar-stations>ASB,BOO,ROS,HNR,UMD,PRO,ESS,FLD,DRS,NEU,NHB,OFT,eis,TUR,ISN,FBG,MEM</radar-stations>
  <event ID="14">
    <time time-coordinate="UTC">2021-07-08T07:55:00</time>
    <location>
      <area>
        <ellipse>
          <moving-point>
            <latitude>47.256238</latitude>
            <longitude>9.631022</longitude>
            <polar_motion>
              <speed units="km/h">0.0</speed>
            </polar_motion>
          </moving-point>
          <major_axis units="km">6.33</major_axis>
          <minor_axis units="km">6.33</minor_axis>
          <orientation units="degrees true">0</orientation>
        </ellipse>
      </area>
    </location>
    <nowcast-parameters>
      <mesocyclone_shear_mean units="m/s/km">6.052579</mesocyclone_shear_mean>
      <mesocyclone_shear_max units="m/s/km">13.061122</mesocyclone_shear_max>
      <mesocyclone_momentum_mean units="m/s/km">80.086012</mesocyclone_momentum_mean>
      <mesocyclone_momentum_max units="m/s/km">172.186022</mesocyclone_momentum_max>
      <mesocyclone_diameter units="km">6.327034</mesocyclone_diameter>
      <mesocyclone_diameter_equivalent units="km">3.890293</mesocyclone_diameter_equivalent>
      <mesocyclone_top units="km">4.252914</mesocyclone_top>
      <mesocyclone_base units="km">1.516397</mesocyclone_base>
      <mesocyclone_echotop units="km">8.462802</mesocyclone_echotop>
      <mesocyclone_vil units="kg/m*m">4.510571</mesocyclone_vil>
      <mesocyclone_shear_vectors>9</mesocyclone_shear_vectors>
      <mesocyclone_shear_features>2</mesocyclone_shear_features>
      <elevations>
        <elevation site="tur" units="&#176;">0.5</elevation>
        <elevation site="mem" units="&#176;">1.5</elevation>
      </elevations>
      <mean_dbz units="DBZ">32.87</mean_dbz>
      <max_dbz units="DBZ">49.87</max_dbz>
      <mesocyclone_velocity_max units="m/s">25.375164</mesocyclone_velocity_max>
      <mesocyclone_velocity_rotational_max units="m/s">13.129436</mesocyclone_velocity_rotational_max>
      <mesocyclone_velocity_rotational_mean units="m/s">9.901057</mesocyclone_velocity_rotational_mean>
      <mesocyclone_velocity_rotational_max_closest_to_ground units="m/s">12.057485</mesocyclone_velocity_rotational_max_closest_to_ground>
      <meso_intensity>2</meso_intensity>
    </nowcast-parameters>
  </event>
  <event ID="50">
    <time time-coordinate="UTC">2021-07-08T07:55:00</time>
    <location>
      <area>
        <ellipse>
          <moving-point>
            <latitude>46.830123</latitude>
            <longitude>8.944365</longitude>
            <polar_motion>
              <speed units="km/h">0.0</speed>
            </polar_motion>
          </moving-point>
          <major_axis units="km">7.39</major_axis>
          <minor_axis units="km">7.39</minor_axis>
          <orientation units="degrees true">0</orientation>
        </ellipse>
      </area>
    </location>
    <nowcast-parameters>
      <mesocyclone_shear_mean units="m/s/km">5.068500</mesocyclone_shear_mean>
      <mesocyclone_shear_max units="m/s/km">9.345403</mesocyclone_shear_max>
      <mesocyclone_momentum_mean units="m/s/km">66.274486</mesocyclone_momentum_mean>
      <mesocyclone_momentum_max units="m/s/km">477.888121</mesocyclone_momentum_max>
      <mesocyclone_diameter units="km">7.390688</mesocyclone_diameter>
      <mesocyclone_diameter_equivalent units="km">4.162207</mesocyclone_diameter_equivalent>
      <mesocyclone_top units="km">10.767209</mesocyclone_top>
      <mesocyclone_base units="km">0.847615</mesocyclone_base>
      <mesocyclone_echotop units="km">9.453446</mesocyclone_echotop>
      <mesocyclone_vil units="kg/m*m">5.084162</mesocyclone_vil>
      <mesocyclone_shear_vectors>19</mesocyclone_shear_vectors>
      <mesocyclone_shear_features>2</mesocyclone_shear_features>
      <elevations>
        <elevation site="mem" units="&#176;">0.5,2.5</elevation>
      </elevations>
      <mean_dbz units="DBZ">31.63</mean_dbz>
      <max_dbz units="DBZ">48.61</max_dbz>
      <mesocyclone_velocity_max units="m/s">24.365208</mesocyclone_velocity_max>
      <mesocyclone_velocity_rotational_max units="m/s">25.880141</mesocyclone_velocity_rotational_max>
      <mesocyclone_velocity_rotational_mean units="m/s">8.332143</mesocyclone_velocity_rotational_mean>
      <mesocyclone_velocity_rotational_max_closest_to_ground units="m/s">9.720833</mesocyclone_velocity_rotational_max_closest_to_ground>
      <meso_intensity>2</meso_intensity>
    </nowcast-parameters>
  </event>
  <event ID="37">
    <time time-coordinate="UTC">2021-07-08T07:55:00</time>
    <location>
      <area>
        <ellipse>
          <moving-point>
            <latitude>46.446350</latitude>
            <longitude>8.580644</longitude>
            <polar_motion>
              <speed units="km/h">0.0</speed>
            </polar_motion>
          </moving-point>
          <major_axis units="km">13.55</major_axis>
          <minor_axis units="km">13.55</minor_axis>
          <orientation units="degrees true">0</orientation>
        </ellipse>
      </area>
    </location>
    <nowcast-parameters>
      <mesocyclone_shear_mean units="m/s/km">4.173816</mesocyclone_shear_mean>
      <mesocyclone_shear_max units="m/s/km">7.266110</mesocyclone_shear_max>
      <mesocyclone_momentum_mean units="m/s/km">133.004566</mesocyclone_momentum_mean>
      <mesocyclone_momentum_max units="m/s/km">1340.980073</mesocyclone_momentum_max>
      <mesocyclone_diameter units="km">13.546442</mesocyclone_diameter>
      <mesocyclone_diameter_equivalent units="km">5.973741</mesocyclone_diameter_equivalent>
      <mesocyclone_top units="km">9.150363</mesocyclone_top>
      <mesocyclone_base units="km">3.674994</mesocyclone_base>
      <mesocyclone_echotop units="km">8.085206</mesocyclone_echotop>
      <mesocyclone_vil units="kg/m*m">7.299774</mesocyclone_vil>
      <mesocyclone_shear_vectors>20</mesocyclone_shear_vectors>
      <mesocyclone_shear_features>2</mesocyclone_shear_features>
      <elevations>
        <elevation site="fbg" units="&#176;">1.5,2.5</elevation>
      </elevations>
      <mean_dbz units="DBZ">38.24</mean_dbz>
      <max_dbz units="DBZ">48.24</max_dbz>
      <mesocyclone_velocity_max units="m/s">30.962433</mesocyclone_velocity_max>
      <mesocyclone_velocity_rotational_max units="m/s">28.956768</mesocyclone_velocity_rotational_max>
      <mesocyclone_velocity_rotational_mean units="m/s">9.530589</mesocyclone_velocity_rotational_mean>
      <mesocyclone_velocity_rotational_max_closest_to_ground units="m/s">10.404380</mesocyclone_velocity_rotational_max_closest_to_ground>
      <meso_intensity>3</meso_intensity>
    </nowcast-parameters>
  </event>
</nowcast-data>
