<?xml version="1.0" encoding="UTF-8"?>
<nowcast-data>
  <radar-stations>ASB,BOO,ROS,HNR,UMD,PRO,ESS,FLD,DRS,NEU,NHB,OFT,EIS,TUR,ISN,FBG,MEM</radar-stations>
  <event ID="59">
    <time time-coordinate="UTC">2021-07-08T11:05:00</time>
    <location>
      <area>
        <ellipse>
          <moving-point>
            <latitude>48.458562</latitude>
            <longitude>12.259904</longitude>
            <polar_motion>
              <speed units="km/h">0.0</speed>
            </polar_motion>
          </moving-point>
          <major_axis units="km">9.00</major_axis>
          <minor_axis units="km">9.00</minor_axis>
          <orientation units="degrees true">0</orientation>
        </ellipse>
      </area>
    </location>
    <nowcast-parameters>
      <mesocyclone_shear_mean units="m/s/km">4.809905</mesocyclone_shear_mean>
      <mesocyclone_shear_max units="m/s/km">10.630871</mesocyclone_shear_max>
      <mesocyclone_momentum_mean units="m/s/km">78.247927</mesocyclone_momentum_mean>
      <mesocyclone_momentum_max units="m/s/km">224.658301</mesocyclone_momentum_max>
      <mesocyclone_diameter units="km">9.000000</mesocyclone_diameter>
      <mesocyclone_diameter_equivalent units="km">6.613985</mesocyclone_diameter_equivalent>
      <mesocyclone_top units="km">7.895069</mesocyclone_top>
      <mesocyclone_base units="km">4.984812</mesocyclone_base>
      <mesocyclone_echotop units="km">11.087684</mesocyclone_echotop>
      <mesocyclone_vil units="kg/m*m">8.083372</mesocyclone_vil>
      <mesocyclone_shear_vectors>31</mesocyclone_shear_vectors>
      <mesocyclone_shear_features>2</mesocyclone_shear_features>
      <elevations>
        <elevation site="isn" units="&#176;">8.0,12.0</elevation>
      </elevations>
      <mean_dbz units="DBZ">32.27</mean_dbz>
      <max_dbz units="DBZ">49.43</max_dbz>
      <mesocyclone_velocity_max units="m/s">32.101475</mesocyclone_velocity_max>
      <mesocyclone_velocity_rotational_max units="m/s">13.068978</mesocyclone_velocity_rotational_max>
      <mesocyclone_velocity_rotational_mean units="m/s">8.890678</mesocyclone_velocity_rotational_mean>
      <mesocyclone_velocity_rotational_max_closest_to_ground units="m/s">8.213192</mesocyclone_velocity_rotational_max_closest_to_ground>
      <meso_intensity>2</meso_intensity>
    </nowcast-parameters>
  </event>
  <event ID="43">
    <time time-coordinate="UTC">2021-07-08T11:05:00</time>
    <location>
      <area>
        <ellipse>
          <moving-point>
            <latitude>47.487915</latitude>
            <longitude>10.384438</longitude>
            <polar_motion>
              <speed units="km/h">0.0</speed>
            </polar_motion>
          </moving-point>
          <major_axis units="km">10.51</major_axis>
          <minor_axis units="km">10.51</minor_axis>
          <orientation units="degrees true">0</orientation>
        </ellipse>
      </area>
    </location>
    <nowcast-parameters>
      <mesocyclone_shear_mean units="m/s/km">4.048963</mesocyclone_shear_mean>
      <mesocyclone_shear_max units="m/s/km">14.174068</mesocyclone_shear_max>
      <mesocyclone_momentum_mean units="m/s/km">138.643399</mesocyclone_momentum_mean>
      <mesocyclone_momentum_max units="m/s/km">461.182970</mesocyclone_momentum_max>
      <mesocyclone_diameter units="km">10.511344</mesocyclone_diameter>
      <mesocyclone_diameter_equivalent units="km">6.563053</mesocyclone_diameter_equivalent>
      <mesocyclone_top units="km">9.595962</mesocyclone_top>
      <mesocyclone_base units="km">2.020230</mesocyclone_base>
      <mesocyclone_echotop units="km">9.025452</mesocyclone_echotop>
      <mesocyclone_vil units="kg/m*m">20.859835</mesocyclone_vil>
      <mesocyclone_shear_vectors>16</mesocyclone_shear_vectors>
      <mesocyclone_shear_features>3</mesocyclone_shear_features>
      <elevations>
        <elevation site="tur" units="&#176;">1.5</elevation>
        <elevation site="isn" units="&#176;">2.5</elevation>
        <elevation site="mem" units="&#176;">2.5</elevation>
      </elevations>
      <mean_dbz units="DBZ">38.00</mean_dbz>
      <max_dbz units="DBZ">57.37</max_dbz>
      <mesocyclone_velocity_max units="m/s">31.462845</mesocyclone_velocity_max>
      <mesocyclone_velocity_rotational_max units="m/s">15.357429</mesocyclone_velocity_rotational_max>
      <mesocyclone_velocity_rotational_mean units="m/s">10.271343</mesocyclone_velocity_rotational_mean>
      <mesocyclone_velocity_rotational_max_closest_to_ground units="m/s">11.235767</mesocyclone_velocity_rotational_max_closest_to_ground>
      <meso_intensity>3</meso_intensity>
    </nowcast-parameters>
  </event>
  <event ID="39">
    <time time-coordinate="UTC">2021-07-08T11:05:00</time>
    <location>
      <area>
        <ellipse>
          <moving-point>
            <latitude>47.285274</latitude>
            <longitude>10.559055</longitude>
            <polar_motion>
              <speed units="km/h">0.0</speed>
            </polar_motion>
          </moving-point>
          <major_axis units="km">6.00</major_axis>
          <minor_axis units="km">6.00</minor_axis>
          <orientation units="degrees true">0</orientation>
        </ellipse>
      </area>
    </location>
    <nowcast-parameters>
      <mesocyclone_shear_mean units="m/s/km">6.079255</mesocyclone_shear_mean>
      <mesocyclone_shear_max units="m/s/km">16.980424</mesocyclone_shear_max>
      <mesocyclone_momentum_mean units="m/s/km">55.152947</mesocyclone_momentum_mean>
      <mesocyclone_momentum_max units="m/s/km">118.058245</mesocyclone_momentum_max>
      <mesocyclone_diameter units="km">6.000000</mesocyclone_diameter>
      <mesocyclone_diameter_equivalent units="km">4.075483</mesocyclone_diameter_equivalent>
      <mesocyclone_top units="km">2.843751</mesocyclone_top>
      <mesocyclone_base units="km">0.120169</mesocyclone_base>
      <mesocyclone_echotop units="km">4.405461</mesocyclone_echotop>
      <mesocyclone_vil units="kg/m*m">2.783540</mesocyclone_vil>
      <mesocyclone_shear_vectors>14</mesocyclone_shear_vectors>
      <mesocyclone_shear_features>2</mesocyclone_shear_features>
      <elevations>
        <elevation site="tur" units="&#176;">0.5</elevation>
        <elevation site="mem" units="&#176;">1.5</elevation>
      </elevations>
      <mean_dbz units="DBZ">33.00</mean_dbz>
      <max_dbz units="DBZ">46.41</max_dbz>
      <mesocyclone_velocity_max units="m/s">22.092804</mesocyclone_velocity_max>
      <mesocyclone_velocity_rotational_max units="m/s">13.129437</mesocyclone_velocity_rotational_max>
      <mesocyclone_velocity_rotational_mean units="m/s">8.356685</mesocyclone_velocity_rotational_mean>
      <mesocyclone_velocity_rotational_max_closest_to_ground units="m/s">7.615253</mesocyclone_velocity_rotational_max_closest_to_ground>
      <meso_intensity>2</meso_intensity>
    </nowcast-parameters>
  </event>
  <event ID="40">
    <time time-coordinate="UTC">2021-07-08T11:05:00</time>
    <location>
      <area>
        <ellipse>
          <moving-point>
            <latitude>47.241026</latitude>
            <longitude>10.775200</longitude>
            <polar_motion>
              <speed units="km/h">0.0</speed>
            </polar_motion>
          </moving-point>
          <major_axis units="km">12.37</major_axis>
          <minor_axis units="km">12.37</minor_axis>
          <orientation units="degrees true">0</orientation>
        </ellipse>
      </area>
    </location>
    <nowcast-parameters>
      <mesocyclone_shear_mean units="m/s/km">4.640134</mesocyclone_shear_mean>
      <mesocyclone_shear_max units="m/s/km">11.652528</mesocyclone_shear_max>
      <mesocyclone_momentum_mean units="m/s/km">101.269341</mesocyclone_momentum_mean>
      <mesocyclone_momentum_max units="m/s/km">457.958975</mesocyclone_momentum_max>
      <mesocyclone_diameter units="km">12.374782</mesocyclone_diameter>
      <mesocyclone_diameter_equivalent units="km">4.979176</mesocyclone_diameter_equivalent>
      <mesocyclone_top units="km">5.692096</mesocyclone_top>
      <mesocyclone_base units="km">0.529317</mesocyclone_base>
      <mesocyclone_echotop units="km">7.859307</mesocyclone_echotop>
      <mesocyclone_vil units="kg/m*m">9.958867</mesocyclone_vil>
      <mesocyclone_shear_vectors>18</mesocyclone_shear_vectors>
      <mesocyclone_shear_features>3</mesocyclone_shear_features>
      <elevations>
        <elevation site="tur" units="&#176;">0.5</elevation>
        <elevation site="isn" units="&#176;">0.5,1.5</elevation>
      </elevations>
      <mean_dbz units="DBZ">35.79</mean_dbz>
      <max_dbz units="DBZ">50.22</max_dbz>
      <mesocyclone_velocity_max units="m/s">30.199280</mesocyclone_velocity_max>
      <mesocyclone_velocity_rotational_max units="m/s">15.162817</mesocyclone_velocity_rotational_max>
      <mesocyclone_velocity_rotational_mean units="m/s">8.695347</mesocyclone_velocity_rotational_mean>
      <mesocyclone_velocity_rotational_max_closest_to_ground units="m/s">8.503701</mesocyclone_velocity_rotational_max_closest_to_ground>
      <meso_intensity>2</meso_intensity>
    </nowcast-parameters>
  </event>
  <event ID="66">
    <time time-coordinate="UTC">2021-07-08T11:05:00</time>
    <location>
      <area>
        <ellipse>
          <moving-point>
            <latitude>46.575351</latitude>
            <longitude>9.244912</longitude>
            <polar_motion>
              <speed units="km/h">0.0</speed>
            </polar_motion>
          </moving-point>
          <major_axis units="km">15.13</major_axis>
          <minor_axis units="km">15.13</minor_axis>
          <orientation units="degrees true">0</orientation>
        </ellipse>
      </area>
    </location>
    <nowcast-parameters>
      <mesocyclone_shear_mean units="m/s/km">3.659732</mesocyclone_shear_mean>
      <mesocyclone_shear_max units="m/s/km">5.996630</mesocyclone_shear_max>
      <mesocyclone_momentum_mean units="m/s/km">141.688382</mesocyclone_momentum_mean>
      <mesocyclone_momentum_max units="m/s/km">905.074767</mesocyclone_momentum_max>
      <mesocyclone_diameter units="km">15.125988</mesocyclone_diameter>
      <mesocyclone_diameter_equivalent units="km">6.300192</mesocyclone_diameter_equivalent>
      <mesocyclone_top units="km">3.820043</mesocyclone_top>
      <mesocyclone_base units="km">0.096696</mesocyclone_base>
      <mesocyclone_echotop units="km">8.463942</mesocyclone_echotop>
      <mesocyclone_vil units="kg/m*m">6.925594</mesocyclone_vil>
      <mesocyclone_shear_vectors>18</mesocyclone_shear_vectors>
      <mesocyclone_shear_features>2</mesocyclone_shear_features>
      <elevations>
        <elevation site="fbg" units="&#176;">0.5</elevation>
        <elevation site="mem" units="&#176;">0.5</elevation>
      </elevations>
      <mean_dbz units="DBZ">32.16</mean_dbz>
      <max_dbz units="DBZ">48.15</max_dbz>
      <mesocyclone_velocity_max units="m/s">30.424948</mesocyclone_velocity_max>
      <mesocyclone_velocity_rotational_max units="m/s">23.986473</mesocyclone_velocity_rotational_max>
      <mesocyclone_velocity_rotational_mean units="m/s">8.608969</mesocyclone_velocity_rotational_mean>
      <mesocyclone_velocity_rotational_max_closest_to_ground units="m/s">23.986473</mesocyclone_velocity_rotational_max_closest_to_ground>
      <meso_intensity>3</meso_intensity>
    </nowcast-parameters>
  </event>
</nowcast-data>
