<?xml version="1.0" encoding="UTF-8"?>
<nowcast-data>
  <radar-stations>ASB,BOO,ROS,HNR,UMD,PRO,ESS,FLD,DRS,NEU,NHB,OFT,EIS,TUR,ISN,FBG,MEM</radar-stations>
  <event ID="10">
    <time time-coordinate="UTC">2021-07-07T21:35:00</time>
    <location>
      <area>
        <ellipse>
          <moving-point>
            <latitude>47.141690</latitude>
            <longitude>12.164326</longitude>
            <polar_motion>
              <speed units="km/h">0.0</speed>
            </polar_motion>
          </moving-point>
          <major_axis units="km">5.00</major_axis>
          <minor_axis units="km">5.00</minor_axis>
          <orientation units="degrees true">0</orientation>
        </ellipse>
      </area>
    </location>
    <nowcast-parameters>
      <mesocyclone_shear_mean units="m/s/km">3.803100</mesocyclone_shear_mean>
      <mesocyclone_shear_max units="m/s/km">7.498645</mesocyclone_shear_max>
      <mesocyclone_momentum_mean units="m/s/km">41.177311</mesocyclone_momentum_mean>
      <mesocyclone_momentum_max units="m/s/km">59.306352</mesocyclone_momentum_max>
      <mesocyclone_diameter units="km">5.000000</mesocyclone_diameter>
      <mesocyclone_diameter_equivalent units="km">3.448168</mesocyclone_diameter_equivalent>
      <mesocyclone_top units="km">3.926073</mesocyclone_top>
      <mesocyclone_base units="km">0.831979</mesocyclone_base>
      <mesocyclone_echotop units="km">6.664005</mesocyclone_echotop>
      <mesocyclone_vil units="kg/m*m">3.451130</mesocyclone_vil>
      <mesocyclone_shear_vectors>12</mesocyclone_shear_vectors>
      <mesocyclone_shear_features>2</mesocyclone_shear_features>
      <elevations>
        <elevation site="isn" units="&#176;">1.5</elevation>
        <elevation site="mem" units="&#176;">0.5</elevation>
      </elevations>
      <mean_dbz units="DBZ">34.21</mean_dbz>
      <max_dbz units="DBZ">43.98</max_dbz>
      <mesocyclone_velocity_max units="m/s">16.552742</mesocyclone_velocity_max>
      <mesocyclone_velocity_rotational_max units="m/s">7.700919</mesocyclone_velocity_rotational_max>
      <mesocyclone_velocity_rotational_mean units="m/s">6.161557</mesocyclone_velocity_rotational_mean>
      <mesocyclone_velocity_rotational_max_closest_to_ground units="m/s">7.700919</mesocyclone_velocity_rotational_max_closest_to_ground>
      <meso_intensity>2</meso_intensity>
    </nowcast-parameters>
  </event>
</nowcast-data>
