<?xml version="1.0" encoding="UTF-8"?>
<nowcast-data>
  <radar-stations>ASB,BOO,ROS,HNR,UMD,PRO,ESS,FLD,DRS,NEU,NHB,OFT,EIS,TUR,ISN,FBG,MEM</radar-stations>
  <event ID="21">
    <time time-coordinate="UTC">2021-07-08T03:35:00</time>
    <location>
      <area>
        <ellipse>
          <moving-point>
            <latitude>47.715724</latitude>
            <longitude>9.232370</longitude>
            <polar_motion>
              <speed units="km/h">0.0</speed>
            </polar_motion>
          </moving-point>
          <major_axis units="km">16.25</major_axis>
          <minor_axis units="km">16.25</minor_axis>
          <orientation units="degrees true">0</orientation>
        </ellipse>
      </area>
    </location>
    <nowcast-parameters>
      <mesocyclone_shear_mean units="m/s/km">4.629134</mesocyclone_shear_mean>
      <mesocyclone_shear_max units="m/s/km">12.068105</mesocyclone_shear_max>
      <mesocyclone_momentum_mean units="m/s/km">111.406636</mesocyclone_momentum_mean>
      <mesocyclone_momentum_max units="m/s/km">847.323472</mesocyclone_momentum_max>
      <mesocyclone_diameter units="km">16.250000</mesocyclone_diameter>
      <mesocyclone_diameter_equivalent units="km">6.756947</mesocyclone_diameter_equivalent>
      <mesocyclone_top units="km">4.707286</mesocyclone_top>
      <mesocyclone_base units="km">1.030061</mesocyclone_base>
      <mesocyclone_echotop units="km">6.199154</mesocyclone_echotop>
      <mesocyclone_vil units="kg/m*m">5.896361</mesocyclone_vil>
      <mesocyclone_shear_vectors>28</mesocyclone_shear_vectors>
      <mesocyclone_shear_features>3</mesocyclone_shear_features>
      <elevations>
        <elevation site="tur" units="&#176;">0.5,1.5</elevation>
        <elevation site="mem" units="&#176;">1.5</elevation>
      </elevations>
      <mean_dbz units="DBZ">35.60</mean_dbz>
      <max_dbz units="DBZ">51.25</max_dbz>
      <mesocyclone_velocity_max units="m/s">30.841780</mesocyclone_velocity_max>
      <mesocyclone_velocity_rotational_max units="m/s">35.664773</mesocyclone_velocity_rotational_max>
      <mesocyclone_velocity_rotational_mean units="m/s">9.655692</mesocyclone_velocity_rotational_mean>
      <mesocyclone_velocity_rotational_max_closest_to_ground units="m/s">11.422880</mesocyclone_velocity_rotational_max_closest_to_ground>
      <meso_intensity>3</meso_intensity>
    </nowcast-parameters>
  </event>
  <event ID="27">
    <time time-coordinate="UTC">2021-07-08T03:35:00</time>
    <location>
      <area>
        <ellipse>
          <moving-point>
            <latitude>47.142846</latitude>
            <longitude>9.378756</longitude>
            <polar_motion>
              <speed units="km/h">0.0</speed>
            </polar_motion>
          </moving-point>
          <major_axis units="km">7.50</major_axis>
          <minor_axis units="km">7.50</minor_axis>
          <orientation units="degrees true">0</orientation>
        </ellipse>
      </area>
    </location>
    <nowcast-parameters>
      <mesocyclone_shear_mean units="m/s/km">4.716125</mesocyclone_shear_mean>
      <mesocyclone_shear_max units="m/s/km">10.250285</mesocyclone_shear_max>
      <mesocyclone_momentum_mean units="m/s/km">75.151810</mesocyclone_momentum_mean>
      <mesocyclone_momentum_max units="m/s/km">383.338711</mesocyclone_momentum_max>
      <mesocyclone_diameter units="km">7.500000</mesocyclone_diameter>
      <mesocyclone_diameter_equivalent units="km">5.532017</mesocyclone_diameter_equivalent>
      <mesocyclone_top units="km">4.212627</mesocyclone_top>
      <mesocyclone_base units="km">0.429376</mesocyclone_base>
      <mesocyclone_echotop units="km">5.272914</mesocyclone_echotop>
      <mesocyclone_vil units="kg/m*m">2.879135</mesocyclone_vil>
      <mesocyclone_shear_vectors>22</mesocyclone_shear_vectors>
      <mesocyclone_shear_features>2</mesocyclone_shear_features>
      <elevations>
        <elevation site="tur" units="&#176;">0.5</elevation>
        <elevation site="mem" units="&#176;">1.5</elevation>
      </elevations>
      <mean_dbz units="DBZ">34.46</mean_dbz>
      <max_dbz units="DBZ">49.16</max_dbz>
      <mesocyclone_velocity_max units="m/s">32.110985</mesocyclone_velocity_max>
      <mesocyclone_velocity_rotational_max units="m/s">14.215141</mesocyclone_velocity_rotational_max>
      <mesocyclone_velocity_rotational_mean units="m/s">8.325425</mesocyclone_velocity_rotational_mean>
      <mesocyclone_velocity_rotational_max_closest_to_ground units="m/s">14.215141</mesocyclone_velocity_rotational_max_closest_to_ground>
      <meso_intensity>3</meso_intensity>
    </nowcast-parameters>
  </event>
</nowcast-data>
