<?xml version="1.0" encoding="UTF-8"?>
<nowcast-data>
  <radar-stations>ASB,BOO,ROS,HNR,UMD,PRO,ESS,FLD,DRS,NEU,NHB,OFT,EIS,TUR,ISN,FBG,MEM</radar-stations>
  <event ID="30">
    <time time-coordinate="UTC">2021-07-08T11:00:00</time>
    <location>
      <area>
        <ellipse>
          <moving-point>
            <latitude>49.891392</latitude>
            <longitude>12.296876</longitude>
            <polar_motion>
              <speed units="km/h">0.0</speed>
            </polar_motion>
          </moving-point>
          <major_axis units="km">8.75</major_axis>
          <minor_axis units="km">8.75</minor_axis>
          <orientation units="degrees true">0</orientation>
        </ellipse>
      </area>
    </location>
    <nowcast-parameters>
      <mesocyclone_shear_mean units="m/s/km">2.853034</mesocyclone_shear_mean>
      <mesocyclone_shear_max units="m/s/km">7.735801</mesocyclone_shear_max>
      <mesocyclone_momentum_mean units="m/s/km">103.838975</mesocyclone_momentum_mean>
      <mesocyclone_momentum_max units="m/s/km">212.677913</mesocyclone_momentum_max>
      <mesocyclone_diameter units="km">8.750000</mesocyclone_diameter>
      <mesocyclone_diameter_equivalent units="km">6.565209</mesocyclone_diameter_equivalent>
      <mesocyclone_top units="km">8.939259</mesocyclone_top>
      <mesocyclone_base units="km">3.534824</mesocyclone_base>
      <mesocyclone_echotop units="km">9.271933</mesocyclone_echotop>
      <mesocyclone_vil units="kg/m*m">21.535240</mesocyclone_vil>
      <mesocyclone_shear_vectors>20</mesocyclone_shear_vectors>
      <mesocyclone_shear_features>3</mesocyclone_shear_features>
      <elevations>
        <elevation site="eis" units="&#176;">5.5,8.0,12.0</elevation>
      </elevations>
      <mean_dbz units="DBZ">39.80</mean_dbz>
      <max_dbz units="DBZ">58.03</max_dbz>
      <mesocyclone_velocity_max units="m/s">31.763004</mesocyclone_velocity_max>
      <mesocyclone_velocity_rotational_max units="m/s">9.829618</mesocyclone_velocity_rotational_max>
      <mesocyclone_velocity_rotational_mean units="m/s">7.845061</mesocyclone_velocity_rotational_mean>
      <mesocyclone_velocity_rotational_max_closest_to_ground units="m/s">9.829618</mesocyclone_velocity_rotational_max_closest_to_ground>
      <meso_intensity>2</meso_intensity>
    </nowcast-parameters>
  </event>
  <event ID="35">
    <time time-coordinate="UTC">2021-07-08T11:00:00</time>
    <location>
      <area>
        <ellipse>
          <moving-point>
            <latitude>47.340869</latitude>
            <longitude>10.305398</longitude>
            <polar_motion>
              <speed units="km/h">0.0</speed>
            </polar_motion>
          </moving-point>
          <major_axis units="km">14.50</major_axis>
          <minor_axis units="km">14.50</minor_axis>
          <orientation units="degrees true">0</orientation>
        </ellipse>
      </area>
    </location>
    <nowcast-parameters>
      <mesocyclone_shear_mean units="m/s/km">4.718490</mesocyclone_shear_mean>
      <mesocyclone_shear_max units="m/s/km">17.228976</mesocyclone_shear_max>
      <mesocyclone_momentum_mean units="m/s/km">102.521887</mesocyclone_momentum_mean>
      <mesocyclone_momentum_max units="m/s/km">559.617215</mesocyclone_momentum_max>
      <mesocyclone_diameter units="km">14.500000</mesocyclone_diameter>
      <mesocyclone_diameter_equivalent units="km">7.276151</mesocyclone_diameter_equivalent>
      <mesocyclone_top units="km">7.598147</mesocyclone_top>
      <mesocyclone_base units="km">0.584430</mesocyclone_base>
      <mesocyclone_echotop units="km">6.649250</mesocyclone_echotop>
      <mesocyclone_vil units="kg/m*m">5.872572</mesocyclone_vil>
      <mesocyclone_shear_vectors>26</mesocyclone_shear_vectors>
      <mesocyclone_shear_features>7</mesocyclone_shear_features>
      <elevations>
        <elevation site="tur" units="&#176;">0.5,1.5,2.5</elevation>
        <elevation site="isn" units="&#176;">0.5,1.5</elevation>
        <elevation site="fbg" units="&#176;">0.5</elevation>
        <elevation site="mem" units="&#176;">1.5</elevation>
      </elevations>
      <mean_dbz units="DBZ">38.01</mean_dbz>
      <max_dbz units="DBZ">50.14</max_dbz>
      <mesocyclone_velocity_max units="m/s">32.110985</mesocyclone_velocity_max>
      <mesocyclone_velocity_rotational_max units="m/s">21.576553</mesocyclone_velocity_rotational_max>
      <mesocyclone_velocity_rotational_mean units="m/s">9.337798</mesocyclone_velocity_rotational_mean>
      <mesocyclone_velocity_rotational_max_closest_to_ground units="m/s">16.626637</mesocyclone_velocity_rotational_max_closest_to_ground>
      <meso_intensity>4</meso_intensity>
    </nowcast-parameters>
  </event>
  <event ID="49">
    <time time-coordinate="UTC">2021-07-08T11:00:00</time>
    <location>
      <area>
        <ellipse>
          <moving-point>
            <latitude>47.202475</latitude>
            <longitude>10.716412</longitude>
            <polar_motion>
              <speed units="km/h">0.0</speed>
            </polar_motion>
          </moving-point>
          <major_axis units="km">7.27</major_axis>
          <minor_axis units="km">7.27</minor_axis>
          <orientation units="degrees true">0</orientation>
        </ellipse>
      </area>
    </location>
    <nowcast-parameters>
      <mesocyclone_shear_mean units="m/s/km">5.283297</mesocyclone_shear_mean>
      <mesocyclone_shear_max units="m/s/km">11.971568</mesocyclone_shear_max>
      <mesocyclone_momentum_mean units="m/s/km">101.978977</mesocyclone_momentum_mean>
      <mesocyclone_momentum_max units="m/s/km">202.907016</mesocyclone_momentum_max>
      <mesocyclone_diameter units="km">7.273393</mesocyclone_diameter>
      <mesocyclone_diameter_equivalent units="km">4.378308</mesocyclone_diameter_equivalent>
      <mesocyclone_top units="km">5.754905</mesocyclone_top>
      <mesocyclone_base units="km">0.249429</mesocyclone_base>
      <mesocyclone_echotop units="km">7.277050</mesocyclone_echotop>
      <mesocyclone_vil units="kg/m*m">7.954381</mesocyclone_vil>
      <mesocyclone_shear_vectors>12</mesocyclone_shear_vectors>
      <mesocyclone_shear_features>2</mesocyclone_shear_features>
      <elevations>
        <elevation site="isn" units="&#176;">0.5,1.5</elevation>
      </elevations>
      <mean_dbz units="DBZ">35.40</mean_dbz>
      <max_dbz units="DBZ">50.30</max_dbz>
      <mesocyclone_velocity_max units="m/s">31.968271</mesocyclone_velocity_max>
      <mesocyclone_velocity_rotational_max units="m/s">17.058168</mesocyclone_velocity_rotational_max>
      <mesocyclone_velocity_rotational_mean units="m/s">10.033879</mesocyclone_velocity_rotational_mean>
      <mesocyclone_velocity_rotational_max_closest_to_ground units="m/s">12.888395</mesocyclone_velocity_rotational_max_closest_to_ground>
      <meso_intensity>2</meso_intensity>
    </nowcast-parameters>
  </event>
  <event ID="87">
    <time time-coordinate="UTC">2021-07-08T11:00:00</time>
    <location>
      <area>
        <ellipse>
          <moving-point>
            <latitude>46.780526</latitude>
            <longitude>9.529190</longitude>
            <polar_motion>
              <speed units="km/h">0.0</speed>
            </polar_motion>
          </moving-point>
          <major_axis units="km">9.76</major_axis>
          <minor_axis units="km">9.76</minor_axis>
          <orientation units="degrees true">0</orientation>
        </ellipse>
      </area>
    </location>
    <nowcast-parameters>
      <mesocyclone_shear_mean units="m/s/km">6.113430</mesocyclone_shear_mean>
      <mesocyclone_shear_max units="m/s/km">12.311809</mesocyclone_shear_max>
      <mesocyclone_momentum_mean units="m/s/km">128.649917</mesocyclone_momentum_mean>
      <mesocyclone_momentum_max units="m/s/km">873.808330</mesocyclone_momentum_max>
      <mesocyclone_diameter units="km">9.759580</mesocyclone_diameter>
      <mesocyclone_diameter_equivalent units="km">5.032274</mesocyclone_diameter_equivalent>
      <mesocyclone_top units="km">8.123885</mesocyclone_top>
      <mesocyclone_base units="km">3.108532</mesocyclone_base>
      <mesocyclone_echotop units="km">7.065806</mesocyclone_echotop>
      <mesocyclone_vil units="kg/m*m">26.734144</mesocyclone_vil>
      <mesocyclone_shear_vectors>20</mesocyclone_shear_vectors>
      <mesocyclone_shear_features>2</mesocyclone_shear_features>
      <elevations>
        <elevation site="mem" units="&#176;">1.5,2.5</elevation>
      </elevations>
      <mean_dbz units="DBZ">43.07</mean_dbz>
      <max_dbz units="DBZ">56.67</max_dbz>
      <mesocyclone_velocity_max units="m/s">31.939882</mesocyclone_velocity_max>
      <mesocyclone_velocity_rotational_max units="m/s">33.581060</mesocyclone_velocity_rotational_max>
      <mesocyclone_velocity_rotational_mean units="m/s">12.049828</mesocyclone_velocity_rotational_mean>
      <mesocyclone_velocity_rotational_max_closest_to_ground units="m/s">15.780573</mesocyclone_velocity_rotational_max_closest_to_ground>
      <meso_intensity>3</meso_intensity>
    </nowcast-parameters>
  </event>
  <event ID="80">
    <time time-coordinate="UTC">2021-07-08T11:00:00</time>
    <location>
      <area>
        <ellipse>
          <moving-point>
            <latitude>46.598999</latitude>
            <longitude>10.251536</longitude>
            <polar_motion>
              <speed units="km/h">0.0</speed>
            </polar_motion>
          </moving-point>
          <major_axis units="km">8.48</major_axis>
          <minor_axis units="km">8.48</minor_axis>
          <orientation units="degrees true">0</orientation>
        </ellipse>
      </area>
    </location>
    <nowcast-parameters>
      <mesocyclone_shear_mean units="m/s/km">5.149928</mesocyclone_shear_mean>
      <mesocyclone_shear_max units="m/s/km">10.815337</mesocyclone_shear_max>
      <mesocyclone_momentum_mean units="m/s/km">94.934247</mesocyclone_momentum_mean>
      <mesocyclone_momentum_max units="m/s/km">471.475080</mesocyclone_momentum_max>
      <mesocyclone_diameter units="km">8.482758</mesocyclone_diameter>
      <mesocyclone_diameter_equivalent units="km">4.499234</mesocyclone_diameter_equivalent>
      <mesocyclone_top units="km">6.059142</mesocyclone_top>
      <mesocyclone_base units="km">-0.088271</mesocyclone_base>
      <mesocyclone_echotop units="km">7.412889</mesocyclone_echotop>
      <mesocyclone_vil units="kg/m*m">12.054612</mesocyclone_vil>
      <mesocyclone_shear_vectors>12</mesocyclone_shear_vectors>
      <mesocyclone_shear_features>2</mesocyclone_shear_features>
      <elevations>
        <elevation site="mem" units="&#176;">0.5,1.5</elevation>
      </elevations>
      <mean_dbz units="DBZ">37.84</mean_dbz>
      <max_dbz units="DBZ">51.26</max_dbz>
      <mesocyclone_velocity_max units="m/s">27.900055</mesocyclone_velocity_max>
      <mesocyclone_velocity_rotational_max units="m/s">20.830357</mesocyclone_velocity_rotational_max>
      <mesocyclone_velocity_rotational_mean units="m/s">9.457366</mesocyclone_velocity_rotational_mean>
      <mesocyclone_velocity_rotational_max_closest_to_ground units="m/s">20.830357</mesocyclone_velocity_rotational_max_closest_to_ground>
      <meso_intensity>2</meso_intensity>
    </nowcast-parameters>
  </event>
</nowcast-data>
