<?xml version="1.0" encoding="UTF-8"?>
<nowcast-data>
  <radar-stations>ASB,BOO,ROS,HNR,UMD,PRO,ESS,FLD,DRS,NEU,NHB,OFT,EIS,TUR,ISN,FBG,MEM</radar-stations>
  <event ID="50">
    <time time-coordinate="UTC">2021-07-08T12:25:00</time>
    <location>
      <area>
        <ellipse>
          <moving-point>
            <latitude>47.825523</latitude>
            <longitude>11.472348</longitude>
            <polar_motion>
              <speed units="km/h">0.0</speed>
            </polar_motion>
          </moving-point>
          <major_axis units="km">6.97</major_axis>
          <minor_axis units="km">6.97</minor_axis>
          <orientation units="degrees true">0</orientation>
        </ellipse>
      </area>
    </location>
    <nowcast-parameters>
      <mesocyclone_shear_mean units="m/s/km">4.104077</mesocyclone_shear_mean>
      <mesocyclone_shear_max units="m/s/km">9.682646</mesocyclone_shear_max>
      <mesocyclone_momentum_mean units="m/s/km">87.983079</mesocyclone_momentum_mean>
      <mesocyclone_momentum_max units="m/s/km">267.203874</mesocyclone_momentum_max>
      <mesocyclone_diameter units="km">6.973806</mesocyclone_diameter>
      <mesocyclone_diameter_equivalent units="km">3.382087</mesocyclone_diameter_equivalent>
      <mesocyclone_top units="km">6.559322</mesocyclone_top>
      <mesocyclone_base units="km">2.383145</mesocyclone_base>
      <mesocyclone_echotop units="km">7.849685</mesocyclone_echotop>
      <mesocyclone_vil units="kg/m*m">7.839015</mesocyclone_vil>
      <mesocyclone_shear_vectors>7</mesocyclone_shear_vectors>
      <mesocyclone_shear_features>2</mesocyclone_shear_features>
      <elevations>
        <elevation site="tur" units="&#176;">1.5</elevation>
        <elevation site="mem" units="&#176;">1.5</elevation>
      </elevations>
      <mean_dbz units="DBZ">34.74</mean_dbz>
      <max_dbz units="DBZ">59.71</max_dbz>
      <mesocyclone_velocity_max units="m/s">18.911213</mesocyclone_velocity_max>
      <mesocyclone_velocity_rotational_max units="m/s">14.468983</mesocyclone_velocity_rotational_max>
      <mesocyclone_velocity_rotational_mean units="m/s">8.778334</mesocyclone_velocity_rotational_mean>
      <mesocyclone_velocity_rotational_max_closest_to_ground units="m/s">7.322186</mesocyclone_velocity_rotational_max_closest_to_ground>
      <meso_intensity>2</meso_intensity>
    </nowcast-parameters>
  </event>
  <event ID="67">
    <time time-coordinate="UTC">2021-07-08T12:25:00</time>
    <location>
      <area>
        <ellipse>
          <moving-point>
            <latitude>47.483057</latitude>
            <longitude>11.580930</longitude>
            <polar_motion>
              <speed units="km/h">0.0</speed>
            </polar_motion>
          </moving-point>
          <major_axis units="km">12.75</major_axis>
          <minor_axis units="km">12.75</minor_axis>
          <orientation units="degrees true">0</orientation>
        </ellipse>
      </area>
    </location>
    <nowcast-parameters>
      <mesocyclone_shear_mean units="m/s/km">2.831740</mesocyclone_shear_mean>
      <mesocyclone_shear_max units="m/s/km">5.751627</mesocyclone_shear_max>
      <mesocyclone_momentum_mean units="m/s/km">108.644867</mesocyclone_momentum_mean>
      <mesocyclone_momentum_max units="m/s/km">260.078211</mesocyclone_momentum_max>
      <mesocyclone_diameter units="km">12.750000</mesocyclone_diameter>
      <mesocyclone_diameter_equivalent units="km">7.602697</mesocyclone_diameter_equivalent>
      <mesocyclone_top units="km">7.063968</mesocyclone_top>
      <mesocyclone_base units="km">4.379701</mesocyclone_base>
      <mesocyclone_echotop units="km">9.114574</mesocyclone_echotop>
      <mesocyclone_vil units="kg/m*m">23.767796</mesocyclone_vil>
      <mesocyclone_shear_vectors>26</mesocyclone_shear_vectors>
      <mesocyclone_shear_features>2</mesocyclone_shear_features>
      <elevations>
        <elevation site="isn" units="&#176;">3.5,4.5</elevation>
      </elevations>
      <mean_dbz units="DBZ">43.04</mean_dbz>
      <max_dbz units="DBZ">59.03</max_dbz>
      <mesocyclone_velocity_max units="m/s">31.968271</mesocyclone_velocity_max>
      <mesocyclone_velocity_rotational_max units="m/s">11.119398</mesocyclone_velocity_rotational_max>
      <mesocyclone_velocity_rotational_mean units="m/s">8.106937</mesocyclone_velocity_rotational_mean>
      <mesocyclone_velocity_rotational_max_closest_to_ground units="m/s">11.119398</mesocyclone_velocity_rotational_max_closest_to_ground>
      <meso_intensity>1</meso_intensity>
    </nowcast-parameters>
  </event>
  <event ID="46">
    <time time-coordinate="UTC">2021-07-08T12:25:00</time>
    <location>
      <area>
        <ellipse>
          <moving-point>
            <latitude>47.284695</latitude>
            <longitude>10.949562</longitude>
            <polar_motion>
              <speed units="km/h">0.0</speed>
            </polar_motion>
          </moving-point>
          <major_axis units="km">13.50</major_axis>
          <minor_axis units="km">13.50</minor_axis>
          <orientation units="degrees true">0</orientation>
        </ellipse>
      </area>
    </location>
    <nowcast-parameters>
      <mesocyclone_shear_mean units="m/s/km">4.304651</mesocyclone_shear_mean>
      <mesocyclone_shear_max units="m/s/km">13.387001</mesocyclone_shear_max>
      <mesocyclone_momentum_mean units="m/s/km">126.120348</mesocyclone_momentum_mean>
      <mesocyclone_momentum_max units="m/s/km">626.530648</mesocyclone_momentum_max>
      <mesocyclone_diameter units="km">13.500000</mesocyclone_diameter>
      <mesocyclone_diameter_equivalent units="km">7.644612</mesocyclone_diameter_equivalent>
      <mesocyclone_top units="km">6.935933</mesocyclone_top>
      <mesocyclone_base units="km">1.480151</mesocyclone_base>
      <mesocyclone_echotop units="km">9.876873</mesocyclone_echotop>
      <mesocyclone_vil units="kg/m*m">54.441646</mesocyclone_vil>
      <mesocyclone_shear_vectors>26</mesocyclone_shear_vectors>
      <mesocyclone_shear_features>5</mesocyclone_shear_features>
      <elevations>
        <elevation site="tur" units="&#176;">0.5,1.5</elevation>
        <elevation site="isn" units="&#176;">1.5</elevation>
        <elevation site="mem" units="&#176;">1.5,2.5</elevation>
      </elevations>
      <mean_dbz units="DBZ">47.94</mean_dbz>
      <max_dbz units="DBZ">62.22</max_dbz>
      <mesocyclone_velocity_max units="m/s">31.210131</mesocyclone_velocity_max>
      <mesocyclone_velocity_rotational_max units="m/s">25.003415</mesocyclone_velocity_rotational_max>
      <mesocyclone_velocity_rotational_mean units="m/s">9.876458</mesocyclone_velocity_rotational_mean>
      <mesocyclone_velocity_rotational_max_closest_to_ground units="m/s">13.072852</mesocyclone_velocity_rotational_max_closest_to_ground>
      <meso_intensity>3</meso_intensity>
    </nowcast-parameters>
  </event>
</nowcast-data>
