<?xml version="1.0" encoding="UTF-8"?>
<nowcast-data>
  <radar-stations>ASB,BOO,ROS,HNR,UMD,PRO,ESS,FLD,DRS,NEU,NHB,OFT,EIS,TUR,ISN,FBG,MEM</radar-stations>
  <event ID="23">
    <time time-coordinate="UTC">2021-07-08T10:00:00</time>
    <location>
      <area>
        <ellipse>
          <moving-point>
            <latitude>49.385242</latitude>
            <longitude>11.871243</longitude>
            <polar_motion>
              <speed units="km/h">0.0</speed>
            </polar_motion>
          </moving-point>
          <major_axis units="km">9.53</major_axis>
          <minor_axis units="km">9.53</minor_axis>
          <orientation units="degrees true">0</orientation>
        </ellipse>
      </area>
    </location>
    <nowcast-parameters>
      <mesocyclone_shear_mean units="m/s/km">3.428695</mesocyclone_shear_mean>
      <mesocyclone_shear_max units="m/s/km">11.661178</mesocyclone_shear_max>
      <mesocyclone_momentum_mean units="m/s/km">91.804597</mesocyclone_momentum_mean>
      <mesocyclone_momentum_max units="m/s/km">271.271496</mesocyclone_momentum_max>
      <mesocyclone_diameter units="km">9.533524</mesocyclone_diameter>
      <mesocyclone_diameter_equivalent units="km">5.699354</mesocyclone_diameter_equivalent>
      <mesocyclone_top units="km">9.323135</mesocyclone_top>
      <mesocyclone_base units="km">1.943912</mesocyclone_base>
      <mesocyclone_echotop units="km">9.239999</mesocyclone_echotop>
      <mesocyclone_vil units="kg/m*m">33.879990</mesocyclone_vil>
      <mesocyclone_shear_vectors>19</mesocyclone_shear_vectors>
      <mesocyclone_shear_features>8</mesocyclone_shear_features>
      <elevations>
        <elevation site="eis" units="&#176;">2.5,3.5,4.5,5.5,8.0,12.0</elevation>
        <elevation site="isn" units="&#176;">1.5,2.5</elevation>
      </elevations>
      <mean_dbz units="DBZ">48.51</mean_dbz>
      <max_dbz units="DBZ">63.96</max_dbz>
      <mesocyclone_velocity_max units="m/s">31.210131</mesocyclone_velocity_max>
      <mesocyclone_velocity_rotational_max units="m/s">14.657388</mesocyclone_velocity_rotational_max>
      <mesocyclone_velocity_rotational_mean units="m/s">8.133408</mesocyclone_velocity_rotational_mean>
      <mesocyclone_velocity_rotational_max_closest_to_ground units="m/s">8.569410</mesocyclone_velocity_rotational_max_closest_to_ground>
      <meso_intensity>3</meso_intensity>
    </nowcast-parameters>
  </event>
  <event ID="35">
    <time time-coordinate="UTC">2021-07-08T10:00:00</time>
    <location>
      <area>
        <ellipse>
          <moving-point>
            <latitude>47.036724</latitude>
            <longitude>9.658023</longitude>
            <polar_motion>
              <speed units="km/h">0.0</speed>
            </polar_motion>
          </moving-point>
          <major_axis units="km">7.94</major_axis>
          <minor_axis units="km">7.94</minor_axis>
          <orientation units="degrees true">0</orientation>
        </ellipse>
      </area>
    </location>
    <nowcast-parameters>
      <mesocyclone_shear_mean units="m/s/km">4.851266</mesocyclone_shear_mean>
      <mesocyclone_shear_max units="m/s/km">8.792800</mesocyclone_shear_max>
      <mesocyclone_momentum_mean units="m/s/km">114.420542</mesocyclone_momentum_mean>
      <mesocyclone_momentum_max units="m/s/km">244.379365</mesocyclone_momentum_max>
      <mesocyclone_diameter units="km">7.940688</mesocyclone_diameter>
      <mesocyclone_diameter_equivalent units="km">4.729745</mesocyclone_diameter_equivalent>
      <mesocyclone_top units="km">6.674011</mesocyclone_top>
      <mesocyclone_base units="km">2.623302</mesocyclone_base>
      <mesocyclone_echotop units="km">8.360693</mesocyclone_echotop>
      <mesocyclone_vil units="kg/m*m">4.624438</mesocyclone_vil>
      <mesocyclone_shear_vectors>11</mesocyclone_shear_vectors>
      <mesocyclone_shear_features>2</mesocyclone_shear_features>
      <elevations>
        <elevation site="fbg" units="&#176;">1.5</elevation>
        <elevation site="mem" units="&#176;">1.5</elevation>
      </elevations>
      <mean_dbz units="DBZ">32.01</mean_dbz>
      <max_dbz units="DBZ">44.58</max_dbz>
      <mesocyclone_velocity_max units="m/s">31.939877</mesocyclone_velocity_max>
      <mesocyclone_velocity_rotational_max units="m/s">13.886905</mesocyclone_velocity_rotational_max>
      <mesocyclone_velocity_rotational_mean units="m/s">10.192774</mesocyclone_velocity_rotational_mean>
      <mesocyclone_velocity_rotational_max_closest_to_ground units="m/s">13.886905</mesocyclone_velocity_rotational_max_closest_to_ground>
      <meso_intensity>2</meso_intensity>
    </nowcast-parameters>
  </event>
</nowcast-data>
