<?xml version="1.0" encoding="UTF-8"?>
<nowcast-data>
  <radar-stations>ASB,BOO,ROS,HNR,UMD,PRO,ESS,FLD,DRS,NEU,NHB,OFT,EIS,TUR,ISN,FBG,MEM</radar-stations>
  <event ID="33">
    <time time-coordinate="UTC">2021-07-08T04:30:00</time>
    <location>
      <area>
        <ellipse>
          <moving-point>
            <latitude>47.950463</latitude>
            <longitude>9.791797</longitude>
            <polar_motion>
              <speed units="km/h">0.0</speed>
            </polar_motion>
          </moving-point>
          <major_axis units="km">12.75</major_axis>
          <minor_axis units="km">12.75</minor_axis>
          <orientation units="degrees true">0</orientation>
        </ellipse>
      </area>
    </location>
    <nowcast-parameters>
      <mesocyclone_shear_mean units="m/s/km">3.462222</mesocyclone_shear_mean>
      <mesocyclone_shear_max units="m/s/km">10.003800</mesocyclone_shear_max>
      <mesocyclone_momentum_mean units="m/s/km">88.141250</mesocyclone_momentum_mean>
      <mesocyclone_momentum_max units="m/s/km">1046.639351</mesocyclone_momentum_max>
      <mesocyclone_diameter units="km">12.750000</mesocyclone_diameter>
      <mesocyclone_diameter_equivalent units="km">7.739900</mesocyclone_diameter_equivalent>
      <mesocyclone_top units="km">4.914824</mesocyclone_top>
      <mesocyclone_base units="km">1.541475</mesocyclone_base>
      <mesocyclone_echotop units="km">6.280637</mesocyclone_echotop>
      <mesocyclone_vil units="kg/m*m">6.249753</mesocyclone_vil>
      <mesocyclone_shear_vectors>38</mesocyclone_shear_vectors>
      <mesocyclone_shear_features>5</mesocyclone_shear_features>
      <elevations>
        <elevation site="isn" units="&#176;">0.5</elevation>
        <elevation site="mem" units="&#176;">2.5,3.5,4.5,5.5</elevation>
      </elevations>
      <mean_dbz units="DBZ">35.29</mean_dbz>
      <max_dbz units="DBZ">49.81</max_dbz>
      <mesocyclone_velocity_max units="m/s">21.859730</mesocyclone_velocity_max>
      <mesocyclone_velocity_rotational_max units="m/s">34.116338</mesocyclone_velocity_rotational_max>
      <mesocyclone_velocity_rotational_mean units="m/s">7.684919</mesocyclone_velocity_rotational_mean>
      <mesocyclone_velocity_rotational_max_closest_to_ground units="m/s">15.023107</mesocyclone_velocity_rotational_max_closest_to_ground>
      <meso_intensity>3</meso_intensity>
    </nowcast-parameters>
  </event>
</nowcast-data>
