<?xml version="1.0" encoding="UTF-8"?>
<nowcast-data>
  <radar-stations>ASB,BOO,ROS,HNR,UMD,PRO,ESS,FLD,DRS,NEU,NHB,OFT,EIS,TUR,ISN,FBG,MEM</radar-stations>
  <event ID="43">
    <time time-coordinate="UTC">2021-07-08T12:40:00</time>
    <location>
      <area>
        <ellipse>
          <moving-point>
            <latitude>48.430148</latitude>
            <longitude>11.685623</longitude>
            <polar_motion>
              <speed units="km/h">0.0</speed>
            </polar_motion>
          </moving-point>
          <major_axis units="km">12.75</major_axis>
          <minor_axis units="km">12.75</minor_axis>
          <orientation units="degrees true">0</orientation>
        </ellipse>
      </area>
    </location>
    <nowcast-parameters>
      <mesocyclone_shear_mean units="m/s/km">3.473900</mesocyclone_shear_mean>
      <mesocyclone_shear_max units="m/s/km">11.685985</mesocyclone_shear_max>
      <mesocyclone_momentum_mean units="m/s/km">109.303265</mesocyclone_momentum_mean>
      <mesocyclone_momentum_max units="m/s/km">291.173095</mesocyclone_momentum_max>
      <mesocyclone_diameter units="km">12.750000</mesocyclone_diameter>
      <mesocyclone_diameter_equivalent units="km">6.941511</mesocyclone_diameter_equivalent>
      <mesocyclone_top units="km">4.317032</mesocyclone_top>
      <mesocyclone_base units="km">1.678783</mesocyclone_base>
      <mesocyclone_echotop units="km">6.318358</mesocyclone_echotop>
      <mesocyclone_vil units="kg/m*m">4.260869</mesocyclone_vil>
      <mesocyclone_shear_vectors>24</mesocyclone_shear_vectors>
      <mesocyclone_shear_features>4</mesocyclone_shear_features>
      <elevations>
        <elevation site="tur" units="&#176;">0.5</elevation>
        <elevation site="isn" units="&#176;">3.5,4.5,5.5</elevation>
      </elevations>
      <mean_dbz units="DBZ">31.78</mean_dbz>
      <max_dbz units="DBZ">47.27</max_dbz>
      <mesocyclone_velocity_max units="m/s">20.941950</mesocyclone_velocity_max>
      <mesocyclone_velocity_rotational_max units="m/s">15.484350</mesocyclone_velocity_rotational_max>
      <mesocyclone_velocity_rotational_mean units="m/s">8.766142</mesocyclone_velocity_rotational_mean>
      <mesocyclone_velocity_rotational_max_closest_to_ground units="m/s">15.484350</mesocyclone_velocity_rotational_max_closest_to_ground>
      <meso_intensity>2</meso_intensity>
    </nowcast-parameters>
  </event>
  <event ID="58">
    <time time-coordinate="UTC">2021-07-08T12:40:00</time>
    <location>
      <area>
        <ellipse>
          <moving-point>
            <latitude>47.570832</latitude>
            <longitude>11.827657</longitude>
            <polar_motion>
              <speed units="km/h">0.0</speed>
            </polar_motion>
          </moving-point>
          <major_axis units="km">14.25</major_axis>
          <minor_axis units="km">14.25</minor_axis>
          <orientation units="degrees true">0</orientation>
        </ellipse>
      </area>
    </location>
    <nowcast-parameters>
      <mesocyclone_shear_mean units="m/s/km">3.572683</mesocyclone_shear_mean>
      <mesocyclone_shear_max units="m/s/km">22.107049</mesocyclone_shear_max>
      <mesocyclone_momentum_mean units="m/s/km">132.536947</mesocyclone_momentum_mean>
      <mesocyclone_momentum_max units="m/s/km">376.260413</mesocyclone_momentum_max>
      <mesocyclone_diameter units="km">14.250000</mesocyclone_diameter>
      <mesocyclone_diameter_equivalent units="km">7.770828</mesocyclone_diameter_equivalent>
      <mesocyclone_top units="km">5.428379</mesocyclone_top>
      <mesocyclone_base units="km">0.454925</mesocyclone_base>
      <mesocyclone_echotop units="km">7.390554</mesocyclone_echotop>
      <mesocyclone_vil units="kg/m*m">20.707396</mesocyclone_vil>
      <mesocyclone_shear_vectors>29</mesocyclone_shear_vectors>
      <mesocyclone_shear_features>5</mesocyclone_shear_features>
      <elevations>
        <elevation site="isn" units="&#176;">1.5,2.5,3.5,4.5</elevation>
        <elevation site="mem" units="&#176;">0.5</elevation>
      </elevations>
      <mean_dbz units="DBZ">40.21</mean_dbz>
      <max_dbz units="DBZ">58.34</max_dbz>
      <mesocyclone_velocity_max units="m/s">31.968271</mesocyclone_velocity_max>
      <mesocyclone_velocity_rotational_max units="m/s">15.668244</mesocyclone_velocity_rotational_max>
      <mesocyclone_velocity_rotational_mean units="m/s">9.358751</mesocyclone_velocity_rotational_mean>
      <mesocyclone_velocity_rotational_max_closest_to_ground units="m/s">9.720833</mesocyclone_velocity_rotational_max_closest_to_ground>
      <meso_intensity>3</meso_intensity>
    </nowcast-parameters>
  </event>
  <event ID="47">
    <time time-coordinate="UTC">2021-07-08T12:40:00</time>
    <location>
      <area>
        <ellipse>
          <moving-point>
            <latitude>47.416591</latitude>
            <longitude>11.061922</longitude>
            <polar_motion>
              <speed units="km/h">0.0</speed>
            </polar_motion>
          </moving-point>
          <major_axis units="km">13.75</major_axis>
          <minor_axis units="km">13.75</minor_axis>
          <orientation units="degrees true">0</orientation>
        </ellipse>
      </area>
    </location>
    <nowcast-parameters>
      <mesocyclone_shear_mean units="m/s/km">5.130065</mesocyclone_shear_mean>
      <mesocyclone_shear_max units="m/s/km">12.598803</mesocyclone_shear_max>
      <mesocyclone_momentum_mean units="m/s/km">135.251860</mesocyclone_momentum_mean>
      <mesocyclone_momentum_max units="m/s/km">1261.729877</mesocyclone_momentum_max>
      <mesocyclone_diameter units="km">13.750000</mesocyclone_diameter>
      <mesocyclone_diameter_equivalent units="km">6.400740</mesocyclone_diameter_equivalent>
      <mesocyclone_top units="km">9.672011</mesocyclone_top>
      <mesocyclone_base units="km">0.699915</mesocyclone_base>
      <mesocyclone_echotop units="km">9.129556</mesocyclone_echotop>
      <mesocyclone_vil units="kg/m*m">40.234192</mesocyclone_vil>
      <mesocyclone_shear_vectors>25</mesocyclone_shear_vectors>
      <mesocyclone_shear_features>5</mesocyclone_shear_features>
      <elevations>
        <elevation site="tur" units="&#176;">0.5</elevation>
        <elevation site="isn" units="&#176;">1.5,2.5,4.5</elevation>
        <elevation site="mem" units="&#176;">1.5</elevation>
      </elevations>
      <mean_dbz units="DBZ">43.81</mean_dbz>
      <max_dbz units="DBZ">62.68</max_dbz>
      <mesocyclone_velocity_max units="m/s">31.715561</mesocyclone_velocity_max>
      <mesocyclone_velocity_rotational_max units="m/s">44.477595</mesocyclone_velocity_rotational_max>
      <mesocyclone_velocity_rotational_mean units="m/s">11.079245</mesocyclone_velocity_rotational_mean>
      <mesocyclone_velocity_rotational_max_closest_to_ground units="m/s">13.326694</mesocyclone_velocity_rotational_max_closest_to_ground>
      <meso_intensity>5</meso_intensity>
    </nowcast-parameters>
  </event>
  <event ID="53">
    <time time-coordinate="UTC">2021-07-08T12:40:00</time>
    <location>
      <area>
        <ellipse>
          <moving-point>
            <latitude>47.367233</latitude>
            <longitude>10.383871</longitude>
            <polar_motion>
              <speed units="km/h">0.0</speed>
            </polar_motion>
          </moving-point>
          <major_axis units="km">6.00</major_axis>
          <minor_axis units="km">6.00</minor_axis>
          <orientation units="degrees true">0</orientation>
        </ellipse>
      </area>
    </location>
    <nowcast-parameters>
      <mesocyclone_shear_mean units="m/s/km">4.597444</mesocyclone_shear_mean>
      <mesocyclone_shear_max units="m/s/km">7.040898</mesocyclone_shear_max>
      <mesocyclone_momentum_mean units="m/s/km">59.028247</mesocyclone_momentum_mean>
      <mesocyclone_momentum_max units="m/s/km">105.992681</mesocyclone_momentum_max>
      <mesocyclone_diameter units="km">6.000000</mesocyclone_diameter>
      <mesocyclone_diameter_equivalent units="km">3.315457</mesocyclone_diameter_equivalent>
      <mesocyclone_top units="km">4.716155</mesocyclone_top>
      <mesocyclone_base units="km">1.673427</mesocyclone_base>
      <mesocyclone_echotop units="km">6.204471</mesocyclone_echotop>
      <mesocyclone_vil units="kg/m*m">3.325553</mesocyclone_vil>
      <mesocyclone_shear_vectors>9</mesocyclone_shear_vectors>
      <mesocyclone_shear_features>2</mesocyclone_shear_features>
      <elevations>
        <elevation site="tur" units="&#176;">1.5</elevation>
        <elevation site="mem" units="&#176;">2.5</elevation>
      </elevations>
      <mean_dbz units="DBZ">29.38</mean_dbz>
      <max_dbz units="DBZ">42.62</max_dbz>
      <mesocyclone_velocity_max units="m/s">31.182411</mesocyclone_velocity_max>
      <mesocyclone_velocity_rotational_max units="m/s">9.342100</mesocyclone_velocity_rotational_max>
      <mesocyclone_velocity_rotational_mean units="m/s">7.534203</mesocyclone_velocity_rotational_mean>
      <mesocyclone_velocity_rotational_max_closest_to_ground units="m/s">9.342100</mesocyclone_velocity_rotational_max_closest_to_ground>
      <meso_intensity>2</meso_intensity>
    </nowcast-parameters>
  </event>
  <event ID="45">
    <time time-coordinate="UTC">2021-07-08T12:40:00</time>
    <location>
      <area>
        <ellipse>
          <moving-point>
            <latitude>47.227122</latitude>
            <longitude>10.600133</longitude>
            <polar_motion>
              <speed units="km/h">0.0</speed>
            </polar_motion>
          </moving-point>
          <major_axis units="km">6.88</major_axis>
          <minor_axis units="km">6.88</minor_axis>
          <orientation units="degrees true">0</orientation>
        </ellipse>
      </area>
    </location>
    <nowcast-parameters>
      <mesocyclone_shear_mean units="m/s/km">4.349219</mesocyclone_shear_mean>
      <mesocyclone_shear_max units="m/s/km">10.958825</mesocyclone_shear_max>
      <mesocyclone_momentum_mean units="m/s/km">95.349081</mesocyclone_momentum_mean>
      <mesocyclone_momentum_max units="m/s/km">183.751464</mesocyclone_momentum_max>
      <mesocyclone_diameter units="km">6.877938</mesocyclone_diameter>
      <mesocyclone_diameter_equivalent units="km">3.924414</mesocyclone_diameter_equivalent>
      <mesocyclone_top units="km">2.649321</mesocyclone_top>
      <mesocyclone_base units="km">-0.174541</mesocyclone_base>
      <mesocyclone_echotop units="km">6.724914</mesocyclone_echotop>
      <mesocyclone_vil units="kg/m*m">4.275887</mesocyclone_vil>
      <mesocyclone_shear_vectors>9</mesocyclone_shear_vectors>
      <mesocyclone_shear_features>2</mesocyclone_shear_features>
      <elevations>
        <elevation site="tur" units="&#176;">0.5</elevation>
        <elevation site="mem" units="&#176;">1.5</elevation>
      </elevations>
      <mean_dbz units="DBZ">33.77</mean_dbz>
      <max_dbz units="DBZ">44.82</max_dbz>
      <mesocyclone_velocity_max units="m/s">25.257259</mesocyclone_velocity_max>
      <mesocyclone_velocity_rotational_max units="m/s">15.357428</mesocyclone_velocity_rotational_max>
      <mesocyclone_velocity_rotational_mean units="m/s">9.103714</mesocyclone_velocity_rotational_mean>
      <mesocyclone_velocity_rotational_max_closest_to_ground units="m/s">15.357428</mesocyclone_velocity_rotational_max_closest_to_ground>
      <meso_intensity>2</meso_intensity>
    </nowcast-parameters>
  </event>
  <event ID="90">
    <time time-coordinate="UTC">2021-07-08T12:40:00</time>
    <location>
      <area>
        <ellipse>
          <moving-point>
            <latitude>46.558140</latitude>
            <longitude>9.320102</longitude>
            <polar_motion>
              <speed units="km/h">0.0</speed>
            </polar_motion>
          </moving-point>
          <major_axis units="km">5.86</major_axis>
          <minor_axis units="km">5.86</minor_axis>
          <orientation units="degrees true">0</orientation>
        </ellipse>
      </area>
    </location>
    <nowcast-parameters>
      <mesocyclone_shear_mean units="m/s/km">4.160471</mesocyclone_shear_mean>
      <mesocyclone_shear_max units="m/s/km">6.454279</mesocyclone_shear_max>
      <mesocyclone_momentum_mean units="m/s/km">106.525387</mesocyclone_momentum_mean>
      <mesocyclone_momentum_max units="m/s/km">252.858618</mesocyclone_momentum_max>
      <mesocyclone_diameter units="km">5.862729</mesocyclone_diameter>
      <mesocyclone_diameter_equivalent units="km">3.599998</mesocyclone_diameter_equivalent>
      <mesocyclone_top units="km">6.634970</mesocyclone_top>
      <mesocyclone_base units="km">0.701978</mesocyclone_base>
      <mesocyclone_echotop units="km">8.904630</mesocyclone_echotop>
      <mesocyclone_vil units="kg/m*m">9.296973</mesocyclone_vil>
      <mesocyclone_shear_vectors>8</mesocyclone_shear_vectors>
      <mesocyclone_shear_features>2</mesocyclone_shear_features>
      <elevations>
        <elevation site="mem" units="&#176;">0.5,1.5</elevation>
      </elevations>
      <mean_dbz units="DBZ">40.83</mean_dbz>
      <max_dbz units="DBZ">52.23</max_dbz>
      <mesocyclone_velocity_max units="m/s">30.929924</mesocyclone_velocity_max>
      <mesocyclone_velocity_rotational_max units="m/s">20.199134</mesocyclone_velocity_rotational_max>
      <mesocyclone_velocity_rotational_mean units="m/s">10.009392</mesocyclone_velocity_rotational_mean>
      <mesocyclone_velocity_rotational_max_closest_to_ground units="m/s">20.199134</mesocyclone_velocity_rotational_max_closest_to_ground>
      <meso_intensity>2</meso_intensity>
    </nowcast-parameters>
  </event>
</nowcast-data>
