<?xml version="1.0" encoding="UTF-8"?>
<nowcast-data>
  <radar-stations>ASB,BOO,ROS,HNR,UMD,PRO,ESS,FLD,DRS,NEU,NHB,OFT,EIS,TUR,ISN,FBG,MEM</radar-stations>
  <event ID="5">
    <time time-coordinate="UTC">2021-07-08T01:30:00</time>
    <location>
      <area>
        <ellipse>
          <moving-point>
            <latitude>48.724312</latitude>
            <longitude>10.872993</longitude>
            <polar_motion>
              <speed units="km/h">0.0</speed>
            </polar_motion>
          </moving-point>
          <major_axis units="km">6.78</major_axis>
          <minor_axis units="km">6.78</minor_axis>
          <orientation units="degrees true">0</orientation>
        </ellipse>
      </area>
    </location>
    <nowcast-parameters>
      <mesocyclone_shear_mean units="m/s/km">3.097810</mesocyclone_shear_mean>
      <mesocyclone_shear_max units="m/s/km">5.562936</mesocyclone_shear_max>
      <mesocyclone_momentum_mean units="m/s/km">69.340262</mesocyclone_momentum_mean>
      <mesocyclone_momentum_max units="m/s/km">157.002328</mesocyclone_momentum_max>
      <mesocyclone_diameter units="km">6.775799</mesocyclone_diameter>
      <mesocyclone_diameter_equivalent units="km">4.730931</mesocyclone_diameter_equivalent>
      <mesocyclone_top units="km">5.605864</mesocyclone_top>
      <mesocyclone_base units="km">3.499622</mesocyclone_base>
      <mesocyclone_echotop units="km">7.119825</mesocyclone_echotop>
      <mesocyclone_vil units="kg/m*m">7.607837</mesocyclone_vil>
      <mesocyclone_shear_vectors>14</mesocyclone_shear_vectors>
      <mesocyclone_shear_features>2</mesocyclone_shear_features>
      <elevations>
        <elevation site="tur" units="&#176;">2.5</elevation>
        <elevation site="mem" units="&#176;">2.5</elevation>
      </elevations>
      <mean_dbz units="DBZ">40.67</mean_dbz>
      <max_dbz units="DBZ">59.39</max_dbz>
      <mesocyclone_velocity_max units="m/s">18.052975</mesocyclone_velocity_max>
      <mesocyclone_velocity_rotational_max units="m/s">8.205898</mesocyclone_velocity_rotational_max>
      <mesocyclone_velocity_rotational_mean units="m/s">6.593533</mesocyclone_velocity_rotational_mean>
      <mesocyclone_velocity_rotational_max_closest_to_ground units="m/s">7.996016</mesocyclone_velocity_rotational_max_closest_to_ground>
      <meso_intensity>1</meso_intensity>
    </nowcast-parameters>
  </event>
</nowcast-data>
