<?xml version="1.0" encoding="UTF-8"?>
<nowcast-data>
  <radar-stations>ASB,BOO,ROS,HNR,UMD,PRO,ESS,FLD,DRS,NEU,NHB,OFT,EIS,TUR,ISN,FBG,MEM</radar-stations>
  <event ID="50">
    <time time-coordinate="UTC">2021-07-08T05:55:00</time>
    <location>
      <area>
        <ellipse>
          <moving-point>
            <latitude>46.449079</latitude>
            <longitude>8.776026</longitude>
            <polar_motion>
              <speed units="km/h">0.0</speed>
            </polar_motion>
          </moving-point>
          <major_axis units="km">11.00</major_axis>
          <minor_axis units="km">11.00</minor_axis>
          <orientation units="degrees true">0</orientation>
        </ellipse>
      </area>
    </location>
    <nowcast-parameters>
      <mesocyclone_shear_mean units="m/s/km">4.265996</mesocyclone_shear_mean>
      <mesocyclone_shear_max units="m/s/km">7.259791</mesocyclone_shear_max>
      <mesocyclone_momentum_mean units="m/s/km">123.087111</mesocyclone_momentum_mean>
      <mesocyclone_momentum_max units="m/s/km">438.703296</mesocyclone_momentum_max>
      <mesocyclone_diameter units="km">11.000000</mesocyclone_diameter>
      <mesocyclone_diameter_equivalent units="km">4.947299</mesocyclone_diameter_equivalent>
      <mesocyclone_top units="km">9.837780</mesocyclone_top>
      <mesocyclone_base units="km">4.144892</mesocyclone_base>
      <mesocyclone_echotop units="km">8.653786</mesocyclone_echotop>
      <mesocyclone_vil units="kg/m*m">8.850863</mesocyclone_vil>
      <mesocyclone_shear_vectors>16</mesocyclone_shear_vectors>
      <mesocyclone_shear_features>2</mesocyclone_shear_features>
      <elevations>
        <elevation site="fbg" units="&#176;">1.5,2.5</elevation>
      </elevations>
      <mean_dbz units="DBZ">40.02</mean_dbz>
      <max_dbz units="DBZ">50.59</max_dbz>
      <mesocyclone_velocity_max units="m/s">28.956768</mesocyclone_velocity_max>
      <mesocyclone_velocity_rotational_max units="m/s">24.694733</mesocyclone_velocity_rotational_max>
      <mesocyclone_velocity_rotational_mean units="m/s">9.897266</mesocyclone_velocity_rotational_mean>
      <mesocyclone_velocity_rotational_max_closest_to_ground units="m/s">24.694733</mesocyclone_velocity_rotational_max_closest_to_ground>
      <meso_intensity>2</meso_intensity>
    </nowcast-parameters>
  </event>
</nowcast-data>
