<?xml version="1.0" encoding="UTF-8"?>
<nowcast-data>
  <radar-stations>ASB,BOO,ROS,HNR,UMD,PRO,ESS,FLD,DRS,NEU,NHB,OFT,EIS,TUR,ISN,FBG,MEM</radar-stations>
  <event ID="28">
    <time time-coordinate="UTC">2021-07-08T12:15:00</time>
    <location>
      <area>
        <ellipse>
          <moving-point>
            <latitude>48.132624</latitude>
            <longitude>11.519310</longitude>
            <polar_motion>
              <speed units="km/h">0.0</speed>
            </polar_motion>
          </moving-point>
          <major_axis units="km">10.00</major_axis>
          <minor_axis units="km">10.00</minor_axis>
          <orientation units="degrees true">0</orientation>
        </ellipse>
      </area>
    </location>
    <nowcast-parameters>
      <mesocyclone_shear_mean units="m/s/km">4.160946</mesocyclone_shear_mean>
      <mesocyclone_shear_max units="m/s/km">9.100158</mesocyclone_shear_max>
      <mesocyclone_momentum_mean units="m/s/km">79.508518</mesocyclone_momentum_mean>
      <mesocyclone_momentum_max units="m/s/km">339.677993</mesocyclone_momentum_max>
      <mesocyclone_diameter units="km">10.000000</mesocyclone_diameter>
      <mesocyclone_diameter_equivalent units="km">5.155247</mesocyclone_diameter_equivalent>
      <mesocyclone_top units="km">7.836865</mesocyclone_top>
      <mesocyclone_base units="km">1.501202</mesocyclone_base>
      <mesocyclone_echotop units="km">7.843436</mesocyclone_echotop>
      <mesocyclone_vil units="kg/m*m">4.192624</mesocyclone_vil>
      <mesocyclone_shear_vectors>22</mesocyclone_shear_vectors>
      <mesocyclone_shear_features>5</mesocyclone_shear_features>
      <elevations>
        <elevation site="eis" units="&#176;">0.5,1.5</elevation>
        <elevation site="tur" units="&#176;">0.5</elevation>
        <elevation site="isn" units="&#176;">3.5,5.5</elevation>
      </elevations>
      <mean_dbz units="DBZ">32.08</mean_dbz>
      <max_dbz units="DBZ">48.00</max_dbz>
      <mesocyclone_velocity_max units="m/s">31.631208</mesocyclone_velocity_max>
      <mesocyclone_velocity_rotational_max units="m/s">20.289341</mesocyclone_velocity_rotational_max>
      <mesocyclone_velocity_rotational_mean units="m/s">8.058231</mesocyclone_velocity_rotational_mean>
      <mesocyclone_velocity_rotational_max_closest_to_ground units="m/s">11.422880</mesocyclone_velocity_rotational_max_closest_to_ground>
      <meso_intensity>4</meso_intensity>
    </nowcast-parameters>
  </event>
  <event ID="35">
    <time time-coordinate="UTC">2021-07-08T12:15:00</time>
    <location>
      <area>
        <ellipse>
          <moving-point>
            <latitude>47.676309</latitude>
            <longitude>11.379278</longitude>
            <polar_motion>
              <speed units="km/h">0.0</speed>
            </polar_motion>
          </moving-point>
          <major_axis units="km">11.75</major_axis>
          <minor_axis units="km">11.75</minor_axis>
          <orientation units="degrees true">0</orientation>
        </ellipse>
      </area>
    </location>
    <nowcast-parameters>
      <mesocyclone_shear_mean units="m/s/km">3.756282</mesocyclone_shear_mean>
      <mesocyclone_shear_max units="m/s/km">11.498336</mesocyclone_shear_max>
      <mesocyclone_momentum_mean units="m/s/km">117.131900</mesocyclone_momentum_mean>
      <mesocyclone_momentum_max units="m/s/km">333.115409</mesocyclone_momentum_max>
      <mesocyclone_diameter units="km">11.750000</mesocyclone_diameter>
      <mesocyclone_diameter_equivalent units="km">6.025213</mesocyclone_diameter_equivalent>
      <mesocyclone_top units="km">7.350863</mesocyclone_top>
      <mesocyclone_base units="km">1.664332</mesocyclone_base>
      <mesocyclone_echotop units="km">8.855238</mesocyclone_echotop>
      <mesocyclone_vil units="kg/m*m">6.172605</mesocyclone_vil>
      <mesocyclone_shear_vectors>20</mesocyclone_shear_vectors>
      <mesocyclone_shear_features>5</mesocyclone_shear_features>
      <elevations>
        <elevation site="tur" units="&#176;">1.5</elevation>
        <elevation site="isn" units="&#176;">1.5,2.5,3.5,4.5</elevation>
      </elevations>
      <mean_dbz units="DBZ">33.02</mean_dbz>
      <max_dbz units="DBZ">52.37</max_dbz>
      <mesocyclone_velocity_max units="m/s">30.957417</mesocyclone_velocity_max>
      <mesocyclone_velocity_rotational_max units="m/s">16.118955</mesocyclone_velocity_rotational_max>
      <mesocyclone_velocity_rotational_mean units="m/s">9.079308</mesocyclone_velocity_rotational_mean>
      <mesocyclone_velocity_rotational_max_closest_to_ground units="m/s">7.581409</mesocyclone_velocity_rotational_max_closest_to_ground>
      <meso_intensity>3</meso_intensity>
    </nowcast-parameters>
  </event>
  <event ID="63">
    <time time-coordinate="UTC">2021-07-08T12:15:00</time>
    <location>
      <area>
        <ellipse>
          <moving-point>
            <latitude>47.410145</latitude>
            <longitude>11.514030</longitude>
            <polar_motion>
              <speed units="km/h">0.0</speed>
            </polar_motion>
          </moving-point>
          <major_axis units="km">5.42</major_axis>
          <minor_axis units="km">5.42</minor_axis>
          <orientation units="degrees true">0</orientation>
        </ellipse>
      </area>
    </location>
    <nowcast-parameters>
      <mesocyclone_shear_mean units="m/s/km">4.561182</mesocyclone_shear_mean>
      <mesocyclone_shear_max units="m/s/km">15.888549</mesocyclone_shear_max>
      <mesocyclone_momentum_mean units="m/s/km">64.480330</mesocyclone_momentum_mean>
      <mesocyclone_momentum_max units="m/s/km">161.896534</mesocyclone_momentum_max>
      <mesocyclone_diameter units="km">5.415853</mesocyclone_diameter>
      <mesocyclone_diameter_equivalent units="km">4.030732</mesocyclone_diameter_equivalent>
      <mesocyclone_top units="km">6.350264</mesocyclone_top>
      <mesocyclone_base units="km">3.176146</mesocyclone_base>
      <mesocyclone_echotop units="km">7.538046</mesocyclone_echotop>
      <mesocyclone_vil units="kg/m*m">10.341931</mesocyclone_vil>
      <mesocyclone_shear_vectors>14</mesocyclone_shear_vectors>
      <mesocyclone_shear_features>2</mesocyclone_shear_features>
      <elevations>
        <elevation site="isn" units="&#176;">2.5,3.5</elevation>
      </elevations>
      <mean_dbz units="DBZ">35.05</mean_dbz>
      <max_dbz units="DBZ">50.49</max_dbz>
      <mesocyclone_velocity_max units="m/s">31.715559</mesocyclone_velocity_max>
      <mesocyclone_velocity_rotational_max units="m/s">19.079876</mesocyclone_velocity_rotational_max>
      <mesocyclone_velocity_rotational_mean units="m/s">8.026404</mesocyclone_velocity_rotational_mean>
      <mesocyclone_velocity_rotational_max_closest_to_ground units="m/s">19.079876</mesocyclone_velocity_rotational_max_closest_to_ground>
      <meso_intensity>2</meso_intensity>
    </nowcast-parameters>
  </event>
  <event ID="53">
    <time time-coordinate="UTC">2021-07-08T12:15:00</time>
    <location>
      <area>
        <ellipse>
          <moving-point>
            <latitude>47.333144</latitude>
            <longitude>11.481396</longitude>
            <polar_motion>
              <speed units="km/h">0.0</speed>
            </polar_motion>
          </moving-point>
          <major_axis units="km">5.80</major_axis>
          <minor_axis units="km">5.80</minor_axis>
          <orientation units="degrees true">0</orientation>
        </ellipse>
      </area>
    </location>
    <nowcast-parameters>
      <mesocyclone_shear_mean units="m/s/km">3.996129</mesocyclone_shear_mean>
      <mesocyclone_shear_max units="m/s/km">8.930296</mesocyclone_shear_max>
      <mesocyclone_momentum_mean units="m/s/km">89.826485</mesocyclone_momentum_mean>
      <mesocyclone_momentum_max units="m/s/km">269.150347</mesocyclone_momentum_max>
      <mesocyclone_diameter units="km">5.797943</mesocyclone_diameter>
      <mesocyclone_diameter_equivalent units="km">3.396874</mesocyclone_diameter_equivalent>
      <mesocyclone_top units="km">5.312771</mesocyclone_top>
      <mesocyclone_base units="km">2.073883</mesocyclone_base>
      <mesocyclone_echotop units="km">7.501685</mesocyclone_echotop>
      <mesocyclone_vil units="kg/m*m">7.768948</mesocyclone_vil>
      <mesocyclone_shear_vectors>7</mesocyclone_shear_vectors>
      <mesocyclone_shear_features>2</mesocyclone_shear_features>
      <elevations>
        <elevation site="isn" units="&#176;">1.5,2.5</elevation>
      </elevations>
      <mean_dbz units="DBZ">36.31</mean_dbz>
      <max_dbz units="DBZ">47.38</max_dbz>
      <mesocyclone_velocity_max units="m/s">30.957420</mesocyclone_velocity_max>
      <mesocyclone_velocity_rotational_max units="m/s">24.513222</mesocyclone_velocity_rotational_max>
      <mesocyclone_velocity_rotational_mean units="m/s">9.146289</mesocyclone_velocity_rotational_mean>
      <mesocyclone_velocity_rotational_max_closest_to_ground units="m/s">24.513222</mesocyclone_velocity_rotational_max_closest_to_ground>
      <meso_intensity>2</meso_intensity>
    </nowcast-parameters>
  </event>
  <event ID="45">
    <time time-coordinate="UTC">2021-07-08T12:15:00</time>
    <location>
      <area>
        <ellipse>
          <moving-point>
            <latitude>47.311212</latitude>
            <longitude>10.643445</longitude>
            <polar_motion>
              <speed units="km/h">0.0</speed>
            </polar_motion>
          </moving-point>
          <major_axis units="km">14.50</major_axis>
          <minor_axis units="km">14.50</minor_axis>
          <orientation units="degrees true">0</orientation>
        </ellipse>
      </area>
    </location>
    <nowcast-parameters>
      <mesocyclone_shear_mean units="m/s/km">4.775509</mesocyclone_shear_mean>
      <mesocyclone_shear_max units="m/s/km">9.154661</mesocyclone_shear_max>
      <mesocyclone_momentum_mean units="m/s/km">132.284031</mesocyclone_momentum_mean>
      <mesocyclone_momentum_max units="m/s/km">556.916704</mesocyclone_momentum_max>
      <mesocyclone_diameter units="km">14.500000</mesocyclone_diameter>
      <mesocyclone_diameter_equivalent units="km">5.533354</mesocyclone_diameter_equivalent>
      <mesocyclone_top units="km">9.092766</mesocyclone_top>
      <mesocyclone_base units="km">2.132242</mesocyclone_base>
      <mesocyclone_echotop units="km">8.392237</mesocyclone_echotop>
      <mesocyclone_vil units="kg/m*m">20.778293</mesocyclone_vil>
      <mesocyclone_shear_vectors>14</mesocyclone_shear_vectors>
      <mesocyclone_shear_features>3</mesocyclone_shear_features>
      <elevations>
        <elevation site="tur" units="&#176;">2.5</elevation>
        <elevation site="isn" units="&#176;">1.5</elevation>
        <elevation site="mem" units="&#176;">2.5</elevation>
      </elevations>
      <mean_dbz units="DBZ">40.14</mean_dbz>
      <max_dbz units="DBZ">55.74</max_dbz>
      <mesocyclone_velocity_max units="m/s">30.841780</mesocyclone_velocity_max>
      <mesocyclone_velocity_rotational_max units="m/s">24.114969</mesocyclone_velocity_rotational_max>
      <mesocyclone_velocity_rotational_mean units="m/s">10.531511</mesocyclone_velocity_rotational_mean>
      <mesocyclone_velocity_rotational_max_closest_to_ground units="m/s">19.567911</mesocyclone_velocity_rotational_max_closest_to_ground>
      <meso_intensity>4</meso_intensity>
    </nowcast-parameters>
  </event>
  <event ID="55">
    <time time-coordinate="UTC">2021-07-08T12:15:00</time>
    <location>
      <area>
        <ellipse>
          <moving-point>
            <latitude>47.206979</latitude>
            <longitude>10.841426</longitude>
            <polar_motion>
              <speed units="km/h">0.0</speed>
            </polar_motion>
          </moving-point>
          <major_axis units="km">8.07</major_axis>
          <minor_axis units="km">8.07</minor_axis>
          <orientation units="degrees true">0</orientation>
        </ellipse>
      </area>
    </location>
    <nowcast-parameters>
      <mesocyclone_shear_mean units="m/s/km">3.893159</mesocyclone_shear_mean>
      <mesocyclone_shear_max units="m/s/km">11.590212</mesocyclone_shear_max>
      <mesocyclone_momentum_mean units="m/s/km">92.107157</mesocyclone_momentum_mean>
      <mesocyclone_momentum_max units="m/s/km">152.398705</mesocyclone_momentum_max>
      <mesocyclone_diameter units="km">8.066654</mesocyclone_diameter>
      <mesocyclone_diameter_equivalent units="km">4.791985</mesocyclone_diameter_equivalent>
      <mesocyclone_top units="km">5.942941</mesocyclone_top>
      <mesocyclone_base units="km">2.155125</mesocyclone_base>
      <mesocyclone_echotop units="km">9.233672</mesocyclone_echotop>
      <mesocyclone_vil units="kg/m*m">39.746241</mesocyclone_vil>
      <mesocyclone_shear_vectors>12</mesocyclone_shear_vectors>
      <mesocyclone_shear_features>3</mesocyclone_shear_features>
      <elevations>
        <elevation site="isn" units="&#176;">1.5</elevation>
        <elevation site="mem" units="&#176;">1.5,2.5</elevation>
      </elevations>
      <mean_dbz units="DBZ">47.46</mean_dbz>
      <max_dbz units="DBZ">59.24</max_dbz>
      <mesocyclone_velocity_max units="m/s">30.957420</mesocyclone_velocity_max>
      <mesocyclone_velocity_rotational_max units="m/s">11.372112</mesocyclone_velocity_rotational_max>
      <mesocyclone_velocity_rotational_mean units="m/s">8.172948</mesocyclone_velocity_rotational_mean>
      <mesocyclone_velocity_rotational_max_closest_to_ground units="m/s">10.352057</mesocyclone_velocity_rotational_max_closest_to_ground>
      <meso_intensity>2</meso_intensity>
    </nowcast-parameters>
  </event>
  <event ID="44">
    <time time-coordinate="UTC">2021-07-08T12:15:00</time>
    <location>
      <area>
        <ellipse>
          <moving-point>
            <latitude>47.113742</latitude>
            <longitude>10.197993</longitude>
            <polar_motion>
              <speed units="km/h">0.0</speed>
            </polar_motion>
          </moving-point>
          <major_axis units="km">9.31</major_axis>
          <minor_axis units="km">9.31</minor_axis>
          <orientation units="degrees true">0</orientation>
        </ellipse>
      </area>
    </location>
    <nowcast-parameters>
      <mesocyclone_shear_mean units="m/s/km">4.261221</mesocyclone_shear_mean>
      <mesocyclone_shear_max units="m/s/km">11.061914</mesocyclone_shear_max>
      <mesocyclone_momentum_mean units="m/s/km">105.954697</mesocyclone_momentum_mean>
      <mesocyclone_momentum_max units="m/s/km">427.551413</mesocyclone_momentum_max>
      <mesocyclone_diameter units="km">9.307310</mesocyclone_diameter>
      <mesocyclone_diameter_equivalent units="km">4.833560</mesocyclone_diameter_equivalent>
      <mesocyclone_top units="km">6.454971</mesocyclone_top>
      <mesocyclone_base units="km">1.036356</mesocyclone_base>
      <mesocyclone_echotop units="km">7.933774</mesocyclone_echotop>
      <mesocyclone_vil units="kg/m*m">5.326252</mesocyclone_vil>
      <mesocyclone_shear_vectors>11</mesocyclone_shear_vectors>
      <mesocyclone_shear_features>3</mesocyclone_shear_features>
      <elevations>
        <elevation site="tur" units="&#176;">1.5</elevation>
        <elevation site="mem" units="&#176;">1.5,2.5</elevation>
      </elevations>
      <mean_dbz units="DBZ">35.42</mean_dbz>
      <max_dbz units="DBZ">46.65</max_dbz>
      <mesocyclone_velocity_max units="m/s">31.603304</mesocyclone_velocity_max>
      <mesocyclone_velocity_rotational_max units="m/s">14.595904</mesocyclone_velocity_rotational_max>
      <mesocyclone_velocity_rotational_mean units="m/s">8.896077</mesocyclone_velocity_rotational_mean>
      <mesocyclone_velocity_rotational_max_closest_to_ground units="m/s">11.614502</mesocyclone_velocity_rotational_max_closest_to_ground>
      <meso_intensity>2</meso_intensity>
    </nowcast-parameters>
  </event>
</nowcast-data>
