<?xml version="1.0" encoding="UTF-8"?>
<nowcast-data>
  <radar-stations>ASB,BOO,ROS,HNR,UMD,PRO,ESS,FLD,DRS,NEU,NHB,OFT,EIS,TUR,ISN,FBG,MEM</radar-stations>
  <event ID="22">
    <time time-coordinate="UTC">2021-07-08T12:00:00</time>
    <location>
      <area>
        <ellipse>
          <moving-point>
            <latitude>50.438583</latitude>
            <longitude>12.632003</longitude>
            <polar_motion>
              <speed units="km/h">0.0</speed>
            </polar_motion>
          </moving-point>
          <major_axis units="km">15.25</major_axis>
          <minor_axis units="km">15.25</minor_axis>
          <orientation units="degrees true">0</orientation>
        </ellipse>
      </area>
    </location>
    <nowcast-parameters>
      <mesocyclone_shear_mean units="m/s/km">2.660847</mesocyclone_shear_mean>
      <mesocyclone_shear_max units="m/s/km">11.109658</mesocyclone_shear_max>
      <mesocyclone_momentum_mean units="m/s/km">153.616373</mesocyclone_momentum_mean>
      <mesocyclone_momentum_max units="m/s/km">1630.002759</mesocyclone_momentum_max>
      <mesocyclone_diameter units="km">15.250000</mesocyclone_diameter>
      <mesocyclone_diameter_equivalent units="km">9.701727</mesocyclone_diameter_equivalent>
      <mesocyclone_top units="km">7.804378</mesocyclone_top>
      <mesocyclone_base units="km">4.134548</mesocyclone_base>
      <mesocyclone_echotop units="km">8.864107</mesocyclone_echotop>
      <mesocyclone_vil units="kg/m*m">5.746042</mesocyclone_vil>
      <mesocyclone_shear_vectors>36</mesocyclone_shear_vectors>
      <mesocyclone_shear_features>3</mesocyclone_shear_features>
      <elevations>
        <elevation site="drs" units="&#176;">2.5,3.5</elevation>
        <elevation site="eis" units="&#176;">3.5</elevation>
      </elevations>
      <mean_dbz units="DBZ">33.71</mean_dbz>
      <max_dbz units="DBZ">48.50</max_dbz>
      <mesocyclone_velocity_max units="m/s">31.379168</mesocyclone_velocity_max>
      <mesocyclone_velocity_rotational_max units="m/s">41.586848</mesocyclone_velocity_rotational_max>
      <mesocyclone_velocity_rotational_mean units="m/s">8.957044</mesocyclone_velocity_rotational_mean>
      <mesocyclone_velocity_rotational_max_closest_to_ground units="m/s">11.341867</mesocyclone_velocity_rotational_max_closest_to_ground>
      <meso_intensity>3</meso_intensity>
    </nowcast-parameters>
  </event>
  <event ID="63">
    <time time-coordinate="UTC">2021-07-08T12:00:00</time>
    <location>
      <area>
        <ellipse>
          <moving-point>
            <latitude>47.987647</latitude>
            <longitude>11.344019</longitude>
            <polar_motion>
              <speed units="km/h">0.0</speed>
            </polar_motion>
          </moving-point>
          <major_axis units="km">9.33</major_axis>
          <minor_axis units="km">9.33</minor_axis>
          <orientation units="degrees true">0</orientation>
        </ellipse>
      </area>
    </location>
    <nowcast-parameters>
      <mesocyclone_shear_mean units="m/s/km">4.479123</mesocyclone_shear_mean>
      <mesocyclone_shear_max units="m/s/km">13.498909</mesocyclone_shear_max>
      <mesocyclone_momentum_mean units="m/s/km">85.970383</mesocyclone_momentum_mean>
      <mesocyclone_momentum_max units="m/s/km">301.540067</mesocyclone_momentum_max>
      <mesocyclone_diameter units="km">9.332284</mesocyclone_diameter>
      <mesocyclone_diameter_equivalent units="km">4.995415</mesocyclone_diameter_equivalent>
      <mesocyclone_top units="km">6.826965</mesocyclone_top>
      <mesocyclone_base units="km">2.084581</mesocyclone_base>
      <mesocyclone_echotop units="km">7.137439</mesocyclone_echotop>
      <mesocyclone_vil units="kg/m*m">14.274285</mesocyclone_vil>
      <mesocyclone_shear_vectors>18</mesocyclone_shear_vectors>
      <mesocyclone_shear_features>5</mesocyclone_shear_features>
      <elevations>
        <elevation site="isn" units="&#176;">2.5,4.5,5.5</elevation>
        <elevation site="mem" units="&#176;">1.5,2.5</elevation>
      </elevations>
      <mean_dbz units="DBZ">39.81</mean_dbz>
      <max_dbz units="DBZ">54.49</max_dbz>
      <mesocyclone_velocity_max units="m/s">23.881435</mesocyclone_velocity_max>
      <mesocyclone_velocity_rotational_max units="m/s">16.159307</mesocyclone_velocity_rotational_max>
      <mesocyclone_velocity_rotational_mean units="m/s">8.680165</mesocyclone_velocity_rotational_mean>
      <mesocyclone_velocity_rotational_max_closest_to_ground units="m/s">15.275596</mesocyclone_velocity_rotational_max_closest_to_ground>
      <meso_intensity>2</meso_intensity>
    </nowcast-parameters>
  </event>
  <event ID="66">
    <time time-coordinate="UTC">2021-07-08T12:00:00</time>
    <location>
      <area>
        <ellipse>
          <moving-point>
            <latitude>47.585820</latitude>
            <longitude>11.166817</longitude>
            <polar_motion>
              <speed units="km/h">0.0</speed>
            </polar_motion>
          </moving-point>
          <major_axis units="km">13.50</major_axis>
          <minor_axis units="km">13.50</minor_axis>
          <orientation units="degrees true">0</orientation>
        </ellipse>
      </area>
    </location>
    <nowcast-parameters>
      <mesocyclone_shear_mean units="m/s/km">3.330223</mesocyclone_shear_mean>
      <mesocyclone_shear_max units="m/s/km">14.079367</mesocyclone_shear_max>
      <mesocyclone_momentum_mean units="m/s/km">118.125128</mesocyclone_momentum_mean>
      <mesocyclone_momentum_max units="m/s/km">287.278131</mesocyclone_momentum_max>
      <mesocyclone_diameter units="km">13.500000</mesocyclone_diameter>
      <mesocyclone_diameter_equivalent units="km">7.193454</mesocyclone_diameter_equivalent>
      <mesocyclone_top units="km">8.455143</mesocyclone_top>
      <mesocyclone_base units="km">3.168704</mesocyclone_base>
      <mesocyclone_echotop units="km">9.503984</mesocyclone_echotop>
      <mesocyclone_vil units="kg/m*m">16.612023</mesocyclone_vil>
      <mesocyclone_shear_vectors>24</mesocyclone_shear_vectors>
      <mesocyclone_shear_features>3</mesocyclone_shear_features>
      <elevations>
        <elevation site="isn" units="&#176;">3.5,4.5</elevation>
        <elevation site="mem" units="&#176;">2.5</elevation>
      </elevations>
      <mean_dbz units="DBZ">37.67</mean_dbz>
      <max_dbz units="DBZ">56.47</max_dbz>
      <mesocyclone_velocity_max units="m/s">31.715559</mesocyclone_velocity_max>
      <mesocyclone_velocity_rotational_max units="m/s">14.278318</mesocyclone_velocity_rotational_max>
      <mesocyclone_velocity_rotational_mean units="m/s">8.738210</mesocyclone_velocity_rotational_mean>
      <mesocyclone_velocity_rotational_max_closest_to_ground units="m/s">10.857036</mesocyclone_velocity_rotational_max_closest_to_ground>
      <meso_intensity>3</meso_intensity>
    </nowcast-parameters>
  </event>
  <event ID="61">
    <time time-coordinate="UTC">2021-07-08T12:00:00</time>
    <location>
      <area>
        <ellipse>
          <moving-point>
            <latitude>47.102924</latitude>
            <longitude>10.705318</longitude>
            <polar_motion>
              <speed units="km/h">0.0</speed>
            </polar_motion>
          </moving-point>
          <major_axis units="km">7.61</major_axis>
          <minor_axis units="km">7.61</minor_axis>
          <orientation units="degrees true">0</orientation>
        </ellipse>
      </area>
    </location>
    <nowcast-parameters>
      <mesocyclone_shear_mean units="m/s/km">4.341057</mesocyclone_shear_mean>
      <mesocyclone_shear_max units="m/s/km">10.267845</mesocyclone_shear_max>
      <mesocyclone_momentum_mean units="m/s/km">87.431326</mesocyclone_momentum_mean>
      <mesocyclone_momentum_max units="m/s/km">223.739123</mesocyclone_momentum_max>
      <mesocyclone_diameter units="km">7.612097</mesocyclone_diameter>
      <mesocyclone_diameter_equivalent units="km">4.562031</mesocyclone_diameter_equivalent>
      <mesocyclone_top units="km">6.321335</mesocyclone_top>
      <mesocyclone_base units="km">1.855630</mesocyclone_base>
      <mesocyclone_echotop units="km">8.273074</mesocyclone_echotop>
      <mesocyclone_vil units="kg/m*m">25.347759</mesocyclone_vil>
      <mesocyclone_shear_vectors>13</mesocyclone_shear_vectors>
      <mesocyclone_shear_features>3</mesocyclone_shear_features>
      <elevations>
        <elevation site="isn" units="&#176;">1.5</elevation>
        <elevation site="mem" units="&#176;">1.5,2.5</elevation>
      </elevations>
      <mean_dbz units="DBZ">45.21</mean_dbz>
      <max_dbz units="DBZ">57.32</max_dbz>
      <mesocyclone_velocity_max units="m/s">31.939882</mesocyclone_velocity_max>
      <mesocyclone_velocity_rotational_max units="m/s">12.888394</mesocyclone_velocity_rotational_max>
      <mesocyclone_velocity_rotational_mean units="m/s">8.480723</mesocyclone_velocity_rotational_mean>
      <mesocyclone_velocity_rotational_max_closest_to_ground units="m/s">11.866990</mesocyclone_velocity_rotational_max_closest_to_ground>
      <meso_intensity>2</meso_intensity>
    </nowcast-parameters>
  </event>
</nowcast-data>
