<?xml version="1.0" encoding="UTF-8"?>
<nowcast-data>
  <radar-stations>ASB,BOO,ROS,HNR,UMD,PRO,ESS,FLD,DRS,NEU,NHB,OFT,EIS,TUR,ISN,FBG,MEM</radar-stations>
  <event ID="44">
    <time time-coordinate="UTC">2021-07-08T07:45:00</time>
    <location>
      <area>
        <ellipse>
          <moving-point>
            <latitude>47.176509</latitude>
            <longitude>9.610919</longitude>
            <polar_motion>
              <speed units="km/h">0.0</speed>
            </polar_motion>
          </moving-point>
          <major_axis units="km">14.25</major_axis>
          <minor_axis units="km">14.25</minor_axis>
          <orientation units="degrees true">0</orientation>
        </ellipse>
      </area>
    </location>
    <nowcast-parameters>
      <mesocyclone_shear_mean units="m/s/km">3.374708</mesocyclone_shear_mean>
      <mesocyclone_shear_max units="m/s/km">9.565860</mesocyclone_shear_max>
      <mesocyclone_momentum_mean units="m/s/km">117.975886</mesocyclone_momentum_mean>
      <mesocyclone_momentum_max units="m/s/km">254.063966</mesocyclone_momentum_max>
      <mesocyclone_diameter units="km">14.250000</mesocyclone_diameter>
      <mesocyclone_diameter_equivalent units="km">7.725756</mesocyclone_diameter_equivalent>
      <mesocyclone_top units="km">3.569895</mesocyclone_top>
      <mesocyclone_base units="km">0.951783</mesocyclone_base>
      <mesocyclone_echotop units="km">8.073700</mesocyclone_echotop>
      <mesocyclone_vil units="kg/m*m">5.488680</mesocyclone_vil>
      <mesocyclone_shear_vectors>25</mesocyclone_shear_vectors>
      <mesocyclone_shear_features>2</mesocyclone_shear_features>
      <elevations>
        <elevation site="fbg" units="&#176;">0.5</elevation>
        <elevation site="mem" units="&#176;">1.5</elevation>
      </elevations>
      <mean_dbz units="DBZ">28.39</mean_dbz>
      <max_dbz units="DBZ">46.35</max_dbz>
      <mesocyclone_velocity_max units="m/s">31.687389</mesocyclone_velocity_max>
      <mesocyclone_velocity_rotational_max units="m/s">12.033982</mesocyclone_velocity_rotational_max>
      <mesocyclone_velocity_rotational_mean units="m/s">8.732612</mesocyclone_velocity_rotational_mean>
      <mesocyclone_velocity_rotational_max_closest_to_ground units="m/s">12.033982</mesocyclone_velocity_rotational_max_closest_to_ground>
      <meso_intensity>2</meso_intensity>
    </nowcast-parameters>
  </event>
  <event ID="47">
    <time time-coordinate="UTC">2021-07-08T07:45:00</time>
    <location>
      <area>
        <ellipse>
          <moving-point>
            <latitude>46.635706</latitude>
            <longitude>8.956000</longitude>
            <polar_motion>
              <speed units="km/h">0.0</speed>
            </polar_motion>
          </moving-point>
          <major_axis units="km">11.23</major_axis>
          <minor_axis units="km">11.23</minor_axis>
          <orientation units="degrees true">0</orientation>
        </ellipse>
      </area>
    </location>
    <nowcast-parameters>
      <mesocyclone_shear_mean units="m/s/km">3.601546</mesocyclone_shear_mean>
      <mesocyclone_shear_max units="m/s/km">5.804745</mesocyclone_shear_max>
      <mesocyclone_momentum_mean units="m/s/km">84.693591</mesocyclone_momentum_mean>
      <mesocyclone_momentum_max units="m/s/km">303.247356</mesocyclone_momentum_max>
      <mesocyclone_diameter units="km">11.234467</mesocyclone_diameter>
      <mesocyclone_diameter_equivalent units="km">4.434942</mesocyclone_diameter_equivalent>
      <mesocyclone_top units="km">7.333401</mesocyclone_top>
      <mesocyclone_base units="km">0.717514</mesocyclone_base>
      <mesocyclone_echotop units="km">9.072205</mesocyclone_echotop>
      <mesocyclone_vil units="kg/m*m">5.954836</mesocyclone_vil>
      <mesocyclone_shear_vectors>14</mesocyclone_shear_vectors>
      <mesocyclone_shear_features>2</mesocyclone_shear_features>
      <elevations>
        <elevation site="fbg" units="&#176;">0.5</elevation>
        <elevation site="mem" units="&#176;">1.5</elevation>
      </elevations>
      <mean_dbz units="DBZ">37.03</mean_dbz>
      <max_dbz units="DBZ">49.81</max_dbz>
      <mesocyclone_velocity_max units="m/s">30.677433</mesocyclone_velocity_max>
      <mesocyclone_velocity_rotational_max units="m/s">11.281858</mesocyclone_velocity_rotational_max>
      <mesocyclone_velocity_rotational_mean units="m/s">7.544506</mesocyclone_velocity_rotational_mean>
      <mesocyclone_velocity_rotational_max_closest_to_ground units="m/s">11.281858</mesocyclone_velocity_rotational_max_closest_to_ground>
      <meso_intensity>1</meso_intensity>
    </nowcast-parameters>
  </event>
  <event ID="51">
    <time time-coordinate="UTC">2021-07-08T07:45:00</time>
    <location>
      <area>
        <ellipse>
          <moving-point>
            <latitude>46.354947</latitude>
            <longitude>8.714995</longitude>
            <polar_motion>
              <speed units="km/h">0.0</speed>
            </polar_motion>
          </moving-point>
          <major_axis units="km">16.25</major_axis>
          <minor_axis units="km">16.25</minor_axis>
          <orientation units="degrees true">0</orientation>
        </ellipse>
      </area>
    </location>
    <nowcast-parameters>
      <mesocyclone_shear_mean units="m/s/km">3.908235</mesocyclone_shear_mean>
      <mesocyclone_shear_max units="m/s/km">9.705680</mesocyclone_shear_max>
      <mesocyclone_momentum_mean units="m/s/km">163.733407</mesocyclone_momentum_mean>
      <mesocyclone_momentum_max units="m/s/km">852.024024</mesocyclone_momentum_max>
      <mesocyclone_diameter units="km">16.250000</mesocyclone_diameter>
      <mesocyclone_diameter_equivalent units="km">8.709424</mesocyclone_diameter_equivalent>
      <mesocyclone_top units="km">9.235887</mesocyclone_top>
      <mesocyclone_base units="km">2.450889</mesocyclone_base>
      <mesocyclone_echotop units="km">8.108206</mesocyclone_echotop>
      <mesocyclone_vil units="kg/m*m">10.120829</mesocyclone_vil>
      <mesocyclone_shear_vectors>34</mesocyclone_shear_vectors>
      <mesocyclone_shear_features>3</mesocyclone_shear_features>
      <elevations>
        <elevation site="fbg" units="&#176;">0.5,1.5,2.5</elevation>
      </elevations>
      <mean_dbz units="DBZ">43.80</mean_dbz>
      <max_dbz units="DBZ">54.28</max_dbz>
      <mesocyclone_velocity_max units="m/s">31.213142</mesocyclone_velocity_max>
      <mesocyclone_velocity_rotational_max units="m/s">30.461016</mesocyclone_velocity_rotational_max>
      <mesocyclone_velocity_rotational_mean units="m/s">10.347201</mesocyclone_velocity_rotational_mean>
      <mesocyclone_velocity_rotational_max_closest_to_ground units="m/s">21.686237</mesocyclone_velocity_rotational_max_closest_to_ground>
      <meso_intensity>4</meso_intensity>
    </nowcast-parameters>
  </event>
</nowcast-data>
