<?xml version="1.0" encoding="UTF-8"?>
<nowcast-data>
  <radar-stations>ASB,BOO,ROS,HNR,UMD,PRO,ESS,FLD,DRS,NEU,NHB,OFT,EIS,TUR,ISN,FBG,MEM</radar-stations>
  <event ID="25">
    <time time-coordinate="UTC">2021-07-08T09:10:00</time>
    <location>
      <area>
        <ellipse>
          <moving-point>
            <latitude>47.256447</latitude>
            <longitude>9.523522</longitude>
            <polar_motion>
              <speed units="km/h">0.0</speed>
            </polar_motion>
          </moving-point>
          <major_axis units="km">14.50</major_axis>
          <minor_axis units="km">14.50</minor_axis>
          <orientation units="degrees true">0</orientation>
        </ellipse>
      </area>
    </location>
    <nowcast-parameters>
      <mesocyclone_shear_mean units="m/s/km">5.233596</mesocyclone_shear_mean>
      <mesocyclone_shear_max units="m/s/km">11.031357</mesocyclone_shear_max>
      <mesocyclone_momentum_mean units="m/s/km">120.817960</mesocyclone_momentum_mean>
      <mesocyclone_momentum_max units="m/s/km">478.580368</mesocyclone_momentum_max>
      <mesocyclone_diameter units="km">14.500000</mesocyclone_diameter>
      <mesocyclone_diameter_equivalent units="km">6.141750</mesocyclone_diameter_equivalent>
      <mesocyclone_top units="km">6.812200</mesocyclone_top>
      <mesocyclone_base units="km">4.201199</mesocyclone_base>
      <mesocyclone_echotop units="km">8.493457</mesocyclone_echotop>
      <mesocyclone_vil units="kg/m*m">5.973208</mesocyclone_vil>
      <mesocyclone_shear_vectors>21</mesocyclone_shear_vectors>
      <mesocyclone_shear_features>2</mesocyclone_shear_features>
      <elevations>
        <elevation site="tur" units="&#176;">1.5</elevation>
        <elevation site="mem" units="&#176;">2.5</elevation>
      </elevations>
      <mean_dbz units="DBZ">31.51</mean_dbz>
      <max_dbz units="DBZ">48.99</max_dbz>
      <mesocyclone_velocity_max units="m/s">31.857140</mesocyclone_velocity_max>
      <mesocyclone_velocity_rotational_max units="m/s">33.581061</mesocyclone_velocity_rotational_max>
      <mesocyclone_velocity_rotational_mean units="m/s">10.998541</mesocyclone_velocity_rotational_mean>
      <mesocyclone_velocity_rotational_max_closest_to_ground units="m/s">17.261242</mesocyclone_velocity_rotational_max_closest_to_ground>
      <meso_intensity>2</meso_intensity>
    </nowcast-parameters>
  </event>
</nowcast-data>
