<?xml version="1.0" encoding="UTF-8"?>
<nowcast-data>
  <radar-stations>ASB,BOO,ROS,HNR,UMD,PRO,ESS,FLD,DRS,NEU,NHB,OFT,EIS,TUR,ISN,FBG,MEM</radar-stations>
  <event ID="25">
    <time time-coordinate="UTC">2021-07-08T15:35:00</time>
    <location>
      <area>
        <ellipse>
          <moving-point>
            <latitude>49.705862</latitude>
            <longitude>13.441036</longitude>
            <polar_motion>
              <speed units="km/h">0.0</speed>
            </polar_motion>
          </moving-point>
          <major_axis units="km">12.50</major_axis>
          <minor_axis units="km">12.50</minor_axis>
          <orientation units="degrees true">0</orientation>
        </ellipse>
      </area>
    </location>
    <nowcast-parameters>
      <mesocyclone_shear_mean units="m/s/km">3.448779</mesocyclone_shear_mean>
      <mesocyclone_shear_max units="m/s/km">8.818950</mesocyclone_shear_max>
      <mesocyclone_momentum_mean units="m/s/km">92.620965</mesocyclone_momentum_mean>
      <mesocyclone_momentum_max units="m/s/km">227.014163</mesocyclone_momentum_max>
      <mesocyclone_diameter units="km">12.500000</mesocyclone_diameter>
      <mesocyclone_diameter_equivalent units="km">5.998632</mesocyclone_diameter_equivalent>
      <mesocyclone_top units="km">12.436854</mesocyclone_top>
      <mesocyclone_base units="km">3.484940</mesocyclone_base>
      <mesocyclone_echotop units="km">11.947772</mesocyclone_echotop>
      <mesocyclone_vil units="kg/m*m">46.042896</mesocyclone_vil>
      <mesocyclone_shear_vectors>19</mesocyclone_shear_vectors>
      <mesocyclone_shear_features>3</mesocyclone_shear_features>
      <elevations>
        <elevation site="drs" units="&#176;">3.5</elevation>
        <elevation site="eis" units="&#176;">2.5,3.5</elevation>
      </elevations>
      <mean_dbz units="DBZ">45.90</mean_dbz>
      <max_dbz units="DBZ">62.50</max_dbz>
      <mesocyclone_velocity_max units="m/s">30.118959</mesocyclone_velocity_max>
      <mesocyclone_velocity_rotational_max units="m/s">12.224012</mesocyclone_velocity_rotational_max>
      <mesocyclone_velocity_rotational_mean units="m/s">7.820098</mesocyclone_velocity_rotational_mean>
      <mesocyclone_velocity_rotational_max_closest_to_ground units="m/s">7.939307</mesocyclone_velocity_rotational_max_closest_to_ground>
      <meso_intensity>2</meso_intensity>
    </nowcast-parameters>
  </event>
  <event ID="47">
    <time time-coordinate="UTC">2021-07-08T15:35:00</time>
    <location>
      <area>
        <ellipse>
          <moving-point>
            <latitude>48.834928</latitude>
            <longitude>13.654744</longitude>
            <polar_motion>
              <speed units="km/h">0.0</speed>
            </polar_motion>
          </moving-point>
          <major_axis units="km">12.50</major_axis>
          <minor_axis units="km">12.50</minor_axis>
          <orientation units="degrees true">0</orientation>
        </ellipse>
      </area>
    </location>
    <nowcast-parameters>
      <mesocyclone_shear_mean units="m/s/km">4.554054</mesocyclone_shear_mean>
      <mesocyclone_shear_max units="m/s/km">15.261165</mesocyclone_shear_max>
      <mesocyclone_momentum_mean units="m/s/km">121.873706</mesocyclone_momentum_mean>
      <mesocyclone_momentum_max units="m/s/km">311.025932</mesocyclone_momentum_max>
      <mesocyclone_diameter units="km">12.500000</mesocyclone_diameter>
      <mesocyclone_diameter_equivalent units="km">6.382001</mesocyclone_diameter_equivalent>
      <mesocyclone_top units="km">9.073553</mesocyclone_top>
      <mesocyclone_base units="km">0.792434</mesocyclone_base>
      <mesocyclone_echotop units="km">12.177895</mesocyclone_echotop>
      <mesocyclone_vil units="kg/m*m">84.964187</mesocyclone_vil>
      <mesocyclone_shear_vectors>20</mesocyclone_shear_vectors>
      <mesocyclone_shear_features>6</mesocyclone_shear_features>
      <elevations>
        <elevation site="eis" units="&#176;">0.5,1.5,2.5,3.5</elevation>
        <elevation site="isn" units="&#176;">1.5,2.5</elevation>
      </elevations>
      <mean_dbz units="DBZ">51.61</mean_dbz>
      <max_dbz units="DBZ">65.70</max_dbz>
      <mesocyclone_velocity_max units="m/s">28.102623</mesocyclone_velocity_max>
      <mesocyclone_velocity_rotational_max units="m/s">20.415361</mesocyclone_velocity_rotational_max>
      <mesocyclone_velocity_rotational_mean units="m/s">10.276333</mesocyclone_velocity_rotational_mean>
      <mesocyclone_velocity_rotational_max_closest_to_ground units="m/s">20.415361</mesocyclone_velocity_rotational_max_closest_to_ground>
      <meso_intensity>4</meso_intensity>
    </nowcast-parameters>
  </event>
  <event ID="53">
    <time time-coordinate="UTC">2021-07-08T15:35:00</time>
    <location>
      <area>
        <ellipse>
          <moving-point>
            <latitude>47.879437</latitude>
            <longitude>11.764115</longitude>
            <polar_motion>
              <speed units="km/h">0.0</speed>
            </polar_motion>
          </moving-point>
          <major_axis units="km">20.00</major_axis>
          <minor_axis units="km">20.00</minor_axis>
          <orientation units="degrees true">0</orientation>
        </ellipse>
      </area>
    </location>
    <nowcast-parameters>
      <mesocyclone_shear_mean units="m/s/km">3.165154</mesocyclone_shear_mean>
      <mesocyclone_shear_max units="m/s/km">9.025179</mesocyclone_shear_max>
      <mesocyclone_momentum_mean units="m/s/km">127.434672</mesocyclone_momentum_mean>
      <mesocyclone_momentum_max units="m/s/km">575.620264</mesocyclone_momentum_max>
      <mesocyclone_diameter units="km">20.000000</mesocyclone_diameter>
      <mesocyclone_diameter_equivalent units="km">11.931915</mesocyclone_diameter_equivalent>
      <mesocyclone_top units="km">8.110336</mesocyclone_top>
      <mesocyclone_base units="km">2.701471</mesocyclone_base>
      <mesocyclone_echotop units="km">9.595989</mesocyclone_echotop>
      <mesocyclone_vil units="kg/m*m">5.742766</mesocyclone_vil>
      <mesocyclone_shear_vectors>66</mesocyclone_shear_vectors>
      <mesocyclone_shear_features>7</mesocyclone_shear_features>
      <elevations>
        <elevation site="eis" units="&#176;">1.5</elevation>
        <elevation site="isn" units="&#176;">3.5,4.5,5.5,8.0,12.0,17.0</elevation>
      </elevations>
      <mean_dbz units="DBZ">29.74</mean_dbz>
      <max_dbz units="DBZ">48.28</max_dbz>
      <mesocyclone_velocity_max units="m/s">32.101475</mesocyclone_velocity_max>
      <mesocyclone_velocity_rotational_max units="m/s">15.668242</mesocyclone_velocity_rotational_max>
      <mesocyclone_velocity_rotational_mean units="m/s">9.093139</mesocyclone_velocity_rotational_mean>
      <mesocyclone_velocity_rotational_max_closest_to_ground units="m/s">10.234901</mesocyclone_velocity_rotational_max_closest_to_ground>
      <meso_intensity>3</meso_intensity>
    </nowcast-parameters>
  </event>
  <event ID="63">
    <time time-coordinate="UTC">2021-07-08T15:35:00</time>
    <location>
      <area>
        <ellipse>
          <moving-point>
            <latitude>47.838635</latitude>
            <longitude>8.883072</longitude>
            <polar_motion>
              <speed units="km/h">0.0</speed>
            </polar_motion>
          </moving-point>
          <major_axis units="km">5.96</major_axis>
          <minor_axis units="km">5.96</minor_axis>
          <orientation units="degrees true">0</orientation>
        </ellipse>
      </area>
    </location>
    <nowcast-parameters>
      <mesocyclone_shear_mean units="m/s/km">4.462685</mesocyclone_shear_mean>
      <mesocyclone_shear_max units="m/s/km">12.070119</mesocyclone_shear_max>
      <mesocyclone_momentum_mean units="m/s/km">83.266160</mesocyclone_momentum_mean>
      <mesocyclone_momentum_max units="m/s/km">179.481274</mesocyclone_momentum_max>
      <mesocyclone_diameter units="km">5.964890</mesocyclone_diameter>
      <mesocyclone_diameter_equivalent units="km">3.334936</mesocyclone_diameter_equivalent>
      <mesocyclone_top units="km">6.471643</mesocyclone_top>
      <mesocyclone_base units="km">4.547304</mesocyclone_base>
      <mesocyclone_echotop units="km">7.417487</mesocyclone_echotop>
      <mesocyclone_vil units="kg/m*m">24.498220</mesocyclone_vil>
      <mesocyclone_shear_vectors>8</mesocyclone_shear_vectors>
      <mesocyclone_shear_features>2</mesocyclone_shear_features>
      <elevations>
        <elevation site="tur" units="&#176;">2.5</elevation>
        <elevation site="mem" units="&#176;">2.5</elevation>
      </elevations>
      <mean_dbz units="DBZ">45.00</mean_dbz>
      <max_dbz units="DBZ">59.22</max_dbz>
      <mesocyclone_velocity_max units="m/s">22.211159</mesocyclone_velocity_max>
      <mesocyclone_velocity_rotational_max units="m/s">12.876948</mesocyclone_velocity_rotational_max>
      <mesocyclone_velocity_rotational_mean units="m/s">8.961675</mesocyclone_velocity_rotational_mean>
      <mesocyclone_velocity_rotational_max_closest_to_ground units="m/s">12.876948</mesocyclone_velocity_rotational_max_closest_to_ground>
      <meso_intensity>1</meso_intensity>
    </nowcast-parameters>
  </event>
  <event ID="91">
    <time time-coordinate="UTC">2021-07-08T15:35:00</time>
    <location>
      <area>
        <ellipse>
          <moving-point>
            <latitude>47.724072</latitude>
            <longitude>11.512218</longitude>
            <polar_motion>
              <speed units="km/h">0.0</speed>
            </polar_motion>
          </moving-point>
          <major_axis units="km">10.75</major_axis>
          <minor_axis units="km">10.75</minor_axis>
          <orientation units="degrees true">0</orientation>
        </ellipse>
      </area>
    </location>
    <nowcast-parameters>
      <mesocyclone_shear_mean units="m/s/km">2.960240</mesocyclone_shear_mean>
      <mesocyclone_shear_max units="m/s/km">4.249355</mesocyclone_shear_max>
      <mesocyclone_momentum_mean units="m/s/km">100.214627</mesocyclone_momentum_mean>
      <mesocyclone_momentum_max units="m/s/km">260.442474</mesocyclone_momentum_max>
      <mesocyclone_diameter units="km">10.750000</mesocyclone_diameter>
      <mesocyclone_diameter_equivalent units="km">6.092803</mesocyclone_diameter_equivalent>
      <mesocyclone_top units="km">7.009678</mesocyclone_top>
      <mesocyclone_base units="km">4.739228</mesocyclone_base>
      <mesocyclone_echotop units="km">9.192631</mesocyclone_echotop>
      <mesocyclone_vil units="kg/m*m">8.270255</mesocyclone_vil>
      <mesocyclone_shear_vectors>20</mesocyclone_shear_vectors>
      <mesocyclone_shear_features>2</mesocyclone_shear_features>
      <elevations>
        <elevation site="isn" units="&#176;">4.5,5.5</elevation>
      </elevations>
      <mean_dbz units="DBZ">35.80</mean_dbz>
      <max_dbz units="DBZ">52.77</max_dbz>
      <mesocyclone_velocity_max units="m/s">30.704704</mesocyclone_velocity_max>
      <mesocyclone_velocity_rotational_max units="m/s">11.372113</mesocyclone_velocity_rotational_max>
      <mesocyclone_velocity_rotational_mean units="m/s">7.849917</mesocyclone_velocity_rotational_mean>
      <mesocyclone_velocity_rotational_max_closest_to_ground units="m/s">10.613973</mesocyclone_velocity_rotational_max_closest_to_ground>
      <meso_intensity>1</meso_intensity>
    </nowcast-parameters>
  </event>
  <event ID="72">
    <time time-coordinate="UTC">2021-07-08T15:35:00</time>
    <location>
      <area>
        <ellipse>
          <moving-point>
            <latitude>47.011298</latitude>
            <longitude>12.772496</longitude>
            <polar_motion>
              <speed units="km/h">0.0</speed>
            </polar_motion>
          </moving-point>
          <major_axis units="km">5.64</major_axis>
          <minor_axis units="km">5.64</minor_axis>
          <orientation units="degrees true">0</orientation>
        </ellipse>
      </area>
    </location>
    <nowcast-parameters>
      <mesocyclone_shear_mean units="m/s/km">5.926294</mesocyclone_shear_mean>
      <mesocyclone_shear_max units="m/s/km">11.658375</mesocyclone_shear_max>
      <mesocyclone_momentum_mean units="m/s/km">85.242564</mesocyclone_momentum_mean>
      <mesocyclone_momentum_max units="m/s/km">256.050890</mesocyclone_momentum_max>
      <mesocyclone_diameter units="km">5.637122</mesocyclone_diameter>
      <mesocyclone_diameter_equivalent units="km">3.941931</mesocyclone_diameter_equivalent>
      <mesocyclone_top units="km">3.898407</mesocyclone_top>
      <mesocyclone_base units="km">-0.461436</mesocyclone_base>
      <mesocyclone_echotop units="km">5.255901</mesocyclone_echotop>
      <mesocyclone_vil units="kg/m*m">2.978412</mesocyclone_vil>
      <mesocyclone_shear_vectors>10</mesocyclone_shear_vectors>
      <mesocyclone_shear_features>2</mesocyclone_shear_features>
      <elevations>
        <elevation site="isn" units="&#176;">0.5,1.5</elevation>
      </elevations>
      <mean_dbz units="DBZ">31.21</mean_dbz>
      <max_dbz units="DBZ">41.29</max_dbz>
      <mesocyclone_velocity_max units="m/s">29.946564</mesocyclone_velocity_max>
      <mesocyclone_velocity_rotational_max units="m/s">18.448094</mesocyclone_velocity_rotational_max>
      <mesocyclone_velocity_rotational_mean units="m/s">10.298080</mesocyclone_velocity_rotational_mean>
      <mesocyclone_velocity_rotational_max_closest_to_ground units="m/s">18.448094</mesocyclone_velocity_rotational_max_closest_to_ground>
      <meso_intensity>2</meso_intensity>
    </nowcast-parameters>
  </event>
  <event ID="107">
    <time time-coordinate="UTC">2021-07-08T15:35:00</time>
    <location>
      <area>
        <ellipse>
          <moving-point>
            <latitude>46.744811</latitude>
            <longitude>10.129361</longitude>
            <polar_motion>
              <speed units="km/h">0.0</speed>
            </polar_motion>
          </moving-point>
          <major_axis units="km">7.87</major_axis>
          <minor_axis units="km">7.87</minor_axis>
          <orientation units="degrees true">0</orientation>
        </ellipse>
      </area>
    </location>
    <nowcast-parameters>
      <mesocyclone_shear_mean units="m/s/km">3.867197</mesocyclone_shear_mean>
      <mesocyclone_shear_max units="m/s/km">6.864182</mesocyclone_shear_max>
      <mesocyclone_momentum_mean units="m/s/km">82.395986</mesocyclone_momentum_mean>
      <mesocyclone_momentum_max units="m/s/km">177.508619</mesocyclone_momentum_max>
      <mesocyclone_diameter units="km">7.868275</mesocyclone_diameter>
      <mesocyclone_diameter_equivalent units="km">3.995237</mesocyclone_diameter_equivalent>
      <mesocyclone_top units="km">4.476831</mesocyclone_top>
      <mesocyclone_base units="km">-0.265502</mesocyclone_base>
      <mesocyclone_echotop units="km">5.945870</mesocyclone_echotop>
      <mesocyclone_vil units="kg/m*m">3.301570</mesocyclone_vil>
      <mesocyclone_shear_vectors>9</mesocyclone_shear_vectors>
      <mesocyclone_shear_features>2</mesocyclone_shear_features>
      <elevations>
        <elevation site="mem" units="&#176;">0.5,1.5</elevation>
      </elevations>
      <mean_dbz units="DBZ">31.99</mean_dbz>
      <max_dbz units="DBZ">41.55</max_dbz>
      <mesocyclone_velocity_max units="m/s">31.434904</mesocyclone_velocity_max>
      <mesocyclone_velocity_rotational_max units="m/s">11.866991</mesocyclone_velocity_rotational_max>
      <mesocyclone_velocity_rotational_mean units="m/s">7.574675</mesocyclone_velocity_rotational_mean>
      <mesocyclone_velocity_rotational_max_closest_to_ground units="m/s">11.866991</mesocyclone_velocity_rotational_max_closest_to_ground>
      <meso_intensity>1</meso_intensity>
    </nowcast-parameters>
  </event>
</nowcast-data>
