<?xml version="1.0" encoding="UTF-8"?>
<nowcast-data>
  <radar-stations>ASB,BOO,ROS,HNR,UMD,PRO,ESS,FLD,DRS,NEU,NHB,OFT,EIS,TUR,ISN,FBG,MEM</radar-stations>
  <event ID="24">
    <time time-coordinate="UTC">2021-07-08T10:40:00</time>
    <location>
      <area>
        <ellipse>
          <moving-point>
            <latitude>49.723716</latitude>
            <longitude>12.113914</longitude>
            <polar_motion>
              <speed units="km/h">0.0</speed>
            </polar_motion>
          </moving-point>
          <major_axis units="km">8.32</major_axis>
          <minor_axis units="km">8.32</minor_axis>
          <orientation units="degrees true">0</orientation>
        </ellipse>
      </area>
    </location>
    <nowcast-parameters>
      <mesocyclone_shear_mean units="m/s/km">3.131289</mesocyclone_shear_mean>
      <mesocyclone_shear_max units="m/s/km">10.565076</mesocyclone_shear_max>
      <mesocyclone_momentum_mean units="m/s/km">96.578270</mesocyclone_momentum_mean>
      <mesocyclone_momentum_max units="m/s/km">208.310034</mesocyclone_momentum_max>
      <mesocyclone_diameter units="km">8.322812</mesocyclone_diameter>
      <mesocyclone_diameter_equivalent units="km">5.320551</mesocyclone_diameter_equivalent>
      <mesocyclone_top units="km">9.079971</mesocyclone_top>
      <mesocyclone_base units="km">1.987825</mesocyclone_base>
      <mesocyclone_echotop units="km">9.639451</mesocyclone_echotop>
      <mesocyclone_vil units="kg/m*m">19.938612</mesocyclone_vil>
      <mesocyclone_shear_vectors>15</mesocyclone_shear_vectors>
      <mesocyclone_shear_features>3</mesocyclone_shear_features>
      <elevations>
        <elevation site="eis" units="&#176;">3.5,8.0,17.0</elevation>
      </elevations>
      <mean_dbz units="DBZ">43.68</mean_dbz>
      <max_dbz units="DBZ">57.26</max_dbz>
      <mesocyclone_velocity_max units="m/s">22.305668</mesocyclone_velocity_max>
      <mesocyclone_velocity_rotational_max units="m/s">14.114323</mesocyclone_velocity_rotational_max>
      <mesocyclone_velocity_rotational_mean units="m/s">7.978281</mesocyclone_velocity_rotational_mean>
      <mesocyclone_velocity_rotational_max_closest_to_ground units="m/s">14.114323</mesocyclone_velocity_rotational_max_closest_to_ground>
      <meso_intensity>3</meso_intensity>
    </nowcast-parameters>
  </event>
  <event ID="23">
    <time time-coordinate="UTC">2021-07-08T10:40:00</time>
    <location>
      <area>
        <ellipse>
          <moving-point>
            <latitude>48.034456</latitude>
            <longitude>11.973146</longitude>
            <polar_motion>
              <speed units="km/h">0.0</speed>
            </polar_motion>
          </moving-point>
          <major_axis units="km">15.25</major_axis>
          <minor_axis units="km">15.25</minor_axis>
          <orientation units="degrees true">0</orientation>
        </ellipse>
      </area>
    </location>
    <nowcast-parameters>
      <mesocyclone_shear_mean units="m/s/km">4.225976</mesocyclone_shear_mean>
      <mesocyclone_shear_max units="m/s/km">10.016146</mesocyclone_shear_max>
      <mesocyclone_momentum_mean units="m/s/km">75.070348</mesocyclone_momentum_mean>
      <mesocyclone_momentum_max units="m/s/km">277.039958</mesocyclone_momentum_max>
      <mesocyclone_diameter units="km">15.250000</mesocyclone_diameter>
      <mesocyclone_diameter_equivalent units="km">7.795026</mesocyclone_diameter_equivalent>
      <mesocyclone_top units="km">7.993877</mesocyclone_top>
      <mesocyclone_base units="km">3.272922</mesocyclone_base>
      <mesocyclone_echotop units="km">8.965967</mesocyclone_echotop>
      <mesocyclone_vil units="kg/m*m">7.794985</mesocyclone_vil>
      <mesocyclone_shear_vectors>40</mesocyclone_shear_vectors>
      <mesocyclone_shear_features>4</mesocyclone_shear_features>
      <elevations>
        <elevation site="eis" units="&#176;">1.5</elevation>
        <elevation site="isn" units="&#176;">8.0,17.0,25.0</elevation>
      </elevations>
      <mean_dbz units="DBZ">36.47</mean_dbz>
      <max_dbz units="DBZ">52.13</max_dbz>
      <mesocyclone_velocity_max units="m/s">30.832640</mesocyclone_velocity_max>
      <mesocyclone_velocity_rotational_max units="m/s">13.610239</mesocyclone_velocity_rotational_max>
      <mesocyclone_velocity_rotational_mean units="m/s">8.015077</mesocyclone_velocity_rotational_mean>
      <mesocyclone_velocity_rotational_max_closest_to_ground units="m/s">8.213193</mesocyclone_velocity_rotational_max_closest_to_ground>
      <meso_intensity>3</meso_intensity>
    </nowcast-parameters>
  </event>
  <event ID="31">
    <time time-coordinate="UTC">2021-07-08T10:40:00</time>
    <location>
      <area>
        <ellipse>
          <moving-point>
            <latitude>47.327472</latitude>
            <longitude>10.089308</longitude>
            <polar_motion>
              <speed units="km/h">0.0</speed>
            </polar_motion>
          </moving-point>
          <major_axis units="km">9.86</major_axis>
          <minor_axis units="km">9.86</minor_axis>
          <orientation units="degrees true">0</orientation>
        </ellipse>
      </area>
    </location>
    <nowcast-parameters>
      <mesocyclone_shear_mean units="m/s/km">4.314344</mesocyclone_shear_mean>
      <mesocyclone_shear_max units="m/s/km">19.070226</mesocyclone_shear_max>
      <mesocyclone_momentum_mean units="m/s/km">104.498168</mesocyclone_momentum_mean>
      <mesocyclone_momentum_max units="m/s/km">623.316426</mesocyclone_momentum_max>
      <mesocyclone_diameter units="km">9.857077</mesocyclone_diameter>
      <mesocyclone_diameter_equivalent units="km">6.633788</mesocyclone_diameter_equivalent>
      <mesocyclone_top units="km">7.574284</mesocyclone_top>
      <mesocyclone_base units="km">1.235363</mesocyclone_base>
      <mesocyclone_echotop units="km">8.180172</mesocyclone_echotop>
      <mesocyclone_vil units="kg/m*m">9.770652</mesocyclone_vil>
      <mesocyclone_shear_vectors>24</mesocyclone_shear_vectors>
      <mesocyclone_shear_features>5</mesocyclone_shear_features>
      <elevations>
        <elevation site="isn" units="&#176;">1.5</elevation>
        <elevation site="fbg" units="&#176;">0.5,1.5</elevation>
        <elevation site="mem" units="&#176;">2.5,5.5</elevation>
      </elevations>
      <mean_dbz units="DBZ">35.19</mean_dbz>
      <max_dbz units="DBZ">53.27</max_dbz>
      <mesocyclone_velocity_max units="m/s">31.687389</mesocyclone_velocity_max>
      <mesocyclone_velocity_rotational_max units="m/s">28.204644</mesocyclone_velocity_rotational_max>
      <mesocyclone_velocity_rotational_mean units="m/s">8.868687</mesocyclone_velocity_rotational_mean>
      <mesocyclone_velocity_rotational_max_closest_to_ground units="m/s">18.677742</mesocyclone_velocity_rotational_max_closest_to_ground>
      <meso_intensity>4</meso_intensity>
    </nowcast-parameters>
  </event>
  <event ID="54">
    <time time-coordinate="UTC">2021-07-08T10:40:00</time>
    <location>
      <area>
        <ellipse>
          <moving-point>
            <latitude>46.581977</latitude>
            <longitude>9.309107</longitude>
            <polar_motion>
              <speed units="km/h">0.0</speed>
            </polar_motion>
          </moving-point>
          <major_axis units="km">6.63</major_axis>
          <minor_axis units="km">6.63</minor_axis>
          <orientation units="degrees true">0</orientation>
        </ellipse>
      </area>
    </location>
    <nowcast-parameters>
      <mesocyclone_shear_mean units="m/s/km">4.808706</mesocyclone_shear_mean>
      <mesocyclone_shear_max units="m/s/km">9.860796</mesocyclone_shear_max>
      <mesocyclone_momentum_mean units="m/s/km">85.313033</mesocyclone_momentum_mean>
      <mesocyclone_momentum_max units="m/s/km">244.463954</mesocyclone_momentum_max>
      <mesocyclone_diameter units="km">6.626330</mesocyclone_diameter>
      <mesocyclone_diameter_equivalent units="km">3.707513</mesocyclone_diameter_equivalent>
      <mesocyclone_top units="km">6.966623</mesocyclone_top>
      <mesocyclone_base units="km">0.249108</mesocyclone_base>
      <mesocyclone_echotop units="km">9.586328</mesocyclone_echotop>
      <mesocyclone_vil units="kg/m*m">17.586411</mesocyclone_vil>
      <mesocyclone_shear_vectors>11</mesocyclone_shear_vectors>
      <mesocyclone_shear_features>2</mesocyclone_shear_features>
      <elevations>
        <elevation site="mem" units="&#176;">0.5,1.5</elevation>
      </elevations>
      <mean_dbz units="DBZ">47.32</mean_dbz>
      <max_dbz units="DBZ">55.01</max_dbz>
      <mesocyclone_velocity_max units="m/s">28.657522</mesocyclone_velocity_max>
      <mesocyclone_velocity_rotational_max units="m/s">15.023105</mesocyclone_velocity_rotational_max>
      <mesocyclone_velocity_rotational_mean units="m/s">9.111888</mesocyclone_velocity_rotational_mean>
      <mesocyclone_velocity_rotational_max_closest_to_ground units="m/s">9.847078</mesocyclone_velocity_rotational_max_closest_to_ground>
      <meso_intensity>2</meso_intensity>
    </nowcast-parameters>
  </event>
</nowcast-data>
