<?xml version="1.0" encoding="UTF-8"?>
<nowcast-data>
  <radar-stations>ASB,BOO,ROS,HNR,UMD,PRO,ESS,FLD,DRS,NEU,NHB,OFT,eis,TUR,ISN,FBG,MEM</radar-stations>
  <event ID="37">
    <time time-coordinate="UTC">2021-07-08T08:05:00</time>
    <location>
      <area>
        <ellipse>
          <moving-point>
            <latitude>46.544773</latitude>
            <longitude>8.830944</longitude>
            <polar_motion>
              <speed units="km/h">0.0</speed>
            </polar_motion>
          </moving-point>
          <major_axis units="km">8.57</major_axis>
          <minor_axis units="km">8.57</minor_axis>
          <orientation units="degrees true">0</orientation>
        </ellipse>
      </area>
    </location>
    <nowcast-parameters>
      <mesocyclone_shear_mean units="m/s/km">4.723385</mesocyclone_shear_mean>
      <mesocyclone_shear_max units="m/s/km">7.842073</mesocyclone_shear_max>
      <mesocyclone_momentum_mean units="m/s/km">145.095208</mesocyclone_momentum_mean>
      <mesocyclone_momentum_max units="m/s/km">404.994911</mesocyclone_momentum_max>
      <mesocyclone_diameter units="km">8.570623</mesocyclone_diameter>
      <mesocyclone_diameter_equivalent units="km">4.197866</mesocyclone_diameter_equivalent>
      <mesocyclone_top units="km">7.256616</mesocyclone_top>
      <mesocyclone_base units="km">0.863541</mesocyclone_base>
      <mesocyclone_echotop units="km">8.972906</mesocyclone_echotop>
      <mesocyclone_vil units="kg/m*m">6.724804</mesocyclone_vil>
      <mesocyclone_shear_vectors>9</mesocyclone_shear_vectors>
      <mesocyclone_shear_features>2</mesocyclone_shear_features>
      <elevations>
        <elevation site="fbg" units="&#176;">0.5,1.5</elevation>
      </elevations>
      <mean_dbz units="DBZ">34.79</mean_dbz>
      <max_dbz units="DBZ">45.73</max_dbz>
      <mesocyclone_velocity_max units="m/s">27.953938</mesocyclone_velocity_max>
      <mesocyclone_velocity_rotational_max units="m/s">18.050972</mesocyclone_velocity_rotational_max>
      <mesocyclone_velocity_rotational_mean units="m/s">11.708062</mesocyclone_velocity_rotational_mean>
      <mesocyclone_velocity_rotational_max_closest_to_ground units="m/s">17.173495</mesocyclone_velocity_rotational_max_closest_to_ground>
      <meso_intensity>2</meso_intensity>
    </nowcast-parameters>
  </event>
  <event ID="34">
    <time time-coordinate="UTC">2021-07-08T08:05:00</time>
    <location>
      <area>
        <ellipse>
          <moving-point>
            <latitude>46.522481</latitude>
            <longitude>8.600025</longitude>
            <polar_motion>
              <speed units="km/h">0.0</speed>
            </polar_motion>
          </moving-point>
          <major_axis units="km">11.95</major_axis>
          <minor_axis units="km">11.95</minor_axis>
          <orientation units="degrees true">0</orientation>
        </ellipse>
      </area>
    </location>
    <nowcast-parameters>
      <mesocyclone_shear_mean units="m/s/km">4.263472</mesocyclone_shear_mean>
      <mesocyclone_shear_max units="m/s/km">8.317253</mesocyclone_shear_max>
      <mesocyclone_momentum_mean units="m/s/km">120.808591</mesocyclone_momentum_mean>
      <mesocyclone_momentum_max units="m/s/km">848.944350</mesocyclone_momentum_max>
      <mesocyclone_diameter units="km">11.954919</mesocyclone_diameter>
      <mesocyclone_diameter_equivalent units="km">5.857435</mesocyclone_diameter_equivalent>
      <mesocyclone_top units="km">6.034681</mesocyclone_top>
      <mesocyclone_base units="km">1.241658</mesocyclone_base>
      <mesocyclone_echotop units="km">7.716336</mesocyclone_echotop>
      <mesocyclone_vil units="kg/m*m">5.818323</mesocyclone_vil>
      <mesocyclone_shear_vectors>21</mesocyclone_shear_vectors>
      <mesocyclone_shear_features>2</mesocyclone_shear_features>
      <elevations>
        <elevation site="fbg" units="&#176;">0.5,1.5</elevation>
      </elevations>
      <mean_dbz units="DBZ">34.75</mean_dbz>
      <max_dbz units="DBZ">43.09</max_dbz>
      <mesocyclone_velocity_max units="m/s">29.207476</mesocyclone_velocity_max>
      <mesocyclone_velocity_rotational_max units="m/s">21.686238</mesocyclone_velocity_rotational_max>
      <mesocyclone_velocity_rotational_mean units="m/s">8.966291</mesocyclone_velocity_rotational_mean>
      <mesocyclone_velocity_rotational_max_closest_to_ground units="m/s">21.686238</mesocyclone_velocity_rotational_max_closest_to_ground>
      <meso_intensity>3</meso_intensity>
    </nowcast-parameters>
  </event>
</nowcast-data>
