<?xml version="1.0" encoding="UTF-8"?>
<nowcast-data>
  <radar-stations>ASB,BOO,ROS,HNR,UMD,PRO,ESS,FLD,DRS,NEU,NHB,OFT,EIS,TUR,ISN,FBG,MEM</radar-stations>
  <event ID="30">
    <time time-coordinate="UTC">2021-07-08T13:55:00</time>
    <location>
      <area>
        <ellipse>
          <moving-point>
            <latitude>49.931415</latitude>
            <longitude>13.281785</longitude>
            <polar_motion>
              <speed units="km/h">0.0</speed>
            </polar_motion>
          </moving-point>
          <major_axis units="km">16.50</major_axis>
          <minor_axis units="km">16.50</minor_axis>
          <orientation units="degrees true">0</orientation>
        </ellipse>
      </area>
    </location>
    <nowcast-parameters>
      <mesocyclone_shear_mean units="m/s/km">5.237370</mesocyclone_shear_mean>
      <mesocyclone_shear_max units="m/s/km">18.643660</mesocyclone_shear_max>
      <mesocyclone_momentum_mean units="m/s/km">107.870682</mesocyclone_momentum_mean>
      <mesocyclone_momentum_max units="m/s/km">782.240985</mesocyclone_momentum_max>
      <mesocyclone_diameter units="km">16.500000</mesocyclone_diameter>
      <mesocyclone_diameter_equivalent units="km">7.532109</mesocyclone_diameter_equivalent>
      <mesocyclone_top units="km">7.770457</mesocyclone_top>
      <mesocyclone_base units="km">0.776411</mesocyclone_base>
      <mesocyclone_echotop units="km">8.699245</mesocyclone_echotop>
      <mesocyclone_vil units="kg/m*m">7.220016</mesocyclone_vil>
      <mesocyclone_shear_vectors>35</mesocyclone_shear_vectors>
      <mesocyclone_shear_features>5</mesocyclone_shear_features>
      <elevations>
        <elevation site="drs" units="&#176;">0.5,1.5</elevation>
        <elevation site="eis" units="&#176;">0.5,3.5,4.5</elevation>
      </elevations>
      <mean_dbz units="DBZ">33.14</mean_dbz>
      <max_dbz units="DBZ">52.82</max_dbz>
      <mesocyclone_velocity_max units="m/s">31.379162</mesocyclone_velocity_max>
      <mesocyclone_velocity_rotational_max units="m/s">27.724566</mesocyclone_velocity_rotational_max>
      <mesocyclone_velocity_rotational_mean units="m/s">9.943176</mesocyclone_velocity_rotational_mean>
      <mesocyclone_velocity_rotational_max_closest_to_ground units="m/s">16.634739</mesocyclone_velocity_rotational_max_closest_to_ground>
      <meso_intensity>4</meso_intensity>
    </nowcast-parameters>
  </event>
  <event ID="58">
    <time time-coordinate="UTC">2021-07-08T13:55:00</time>
    <location>
      <area>
        <ellipse>
          <moving-point>
            <latitude>48.887557</latitude>
            <longitude>12.557634</longitude>
            <polar_motion>
              <speed units="km/h">0.0</speed>
            </polar_motion>
          </moving-point>
          <major_axis units="km">18.75</major_axis>
          <minor_axis units="km">18.75</minor_axis>
          <orientation units="degrees true">0</orientation>
        </ellipse>
      </area>
    </location>
    <nowcast-parameters>
      <mesocyclone_shear_mean units="m/s/km">3.253112</mesocyclone_shear_mean>
      <mesocyclone_shear_max units="m/s/km">17.510121</mesocyclone_shear_max>
      <mesocyclone_momentum_mean units="m/s/km">162.594099</mesocyclone_momentum_mean>
      <mesocyclone_momentum_max units="m/s/km">590.991486</mesocyclone_momentum_max>
      <mesocyclone_diameter units="km">18.750000</mesocyclone_diameter>
      <mesocyclone_diameter_equivalent units="km">12.602752</mesocyclone_diameter_equivalent>
      <mesocyclone_top units="km">9.296498</mesocyclone_top>
      <mesocyclone_base units="km">2.490770</mesocyclone_base>
      <mesocyclone_echotop units="km">8.840552</mesocyclone_echotop>
      <mesocyclone_vil units="kg/m*m">6.324876</mesocyclone_vil>
      <mesocyclone_shear_vectors>53</mesocyclone_shear_vectors>
      <mesocyclone_shear_features>5</mesocyclone_shear_features>
      <elevations>
        <elevation site="eis" units="&#176;">4.5</elevation>
        <elevation site="isn" units="&#176;">1.5,2.5,3.5,4.5</elevation>
      </elevations>
      <mean_dbz units="DBZ">30.54</mean_dbz>
      <max_dbz units="DBZ">49.93</max_dbz>
      <mesocyclone_velocity_max units="m/s">31.968271</mesocyclone_velocity_max>
      <mesocyclone_velocity_rotational_max units="m/s">26.155861</mesocyclone_velocity_rotational_max>
      <mesocyclone_velocity_rotational_mean units="m/s">9.951071</mesocyclone_velocity_rotational_mean>
      <mesocyclone_velocity_rotational_max_closest_to_ground units="m/s">10.361258</mesocyclone_velocity_rotational_max_closest_to_ground>
      <meso_intensity>4</meso_intensity>
    </nowcast-parameters>
  </event>
  <event ID="48">
    <time time-coordinate="UTC">2021-07-08T13:55:00</time>
    <location>
      <area>
        <ellipse>
          <moving-point>
            <latitude>48.407361</latitude>
            <longitude>9.182989</longitude>
            <polar_motion>
              <speed units="km/h">0.0</speed>
            </polar_motion>
          </moving-point>
          <major_axis units="km">6.75</major_axis>
          <minor_axis units="km">6.75</minor_axis>
          <orientation units="degrees true">0</orientation>
        </ellipse>
      </area>
    </location>
    <nowcast-parameters>
      <mesocyclone_shear_mean units="m/s/km">4.955933</mesocyclone_shear_mean>
      <mesocyclone_shear_max units="m/s/km">8.652442</mesocyclone_shear_max>
      <mesocyclone_momentum_mean units="m/s/km">50.143817</mesocyclone_momentum_mean>
      <mesocyclone_momentum_max units="m/s/km">100.208262</mesocyclone_momentum_max>
      <mesocyclone_diameter units="km">6.750000</mesocyclone_diameter>
      <mesocyclone_diameter_equivalent units="km">3.901151</mesocyclone_diameter_equivalent>
      <mesocyclone_top units="km">5.184666</mesocyclone_top>
      <mesocyclone_base units="km">1.325652</mesocyclone_base>
      <mesocyclone_echotop units="km">6.037650</mesocyclone_echotop>
      <mesocyclone_vil units="kg/m*m">3.909994</mesocyclone_vil>
      <mesocyclone_shear_vectors>15</mesocyclone_shear_vectors>
      <mesocyclone_shear_features>3</mesocyclone_shear_features>
      <elevations>
        <elevation site="oft" units="&#176;">0.5</elevation>
        <elevation site="tur" units="&#176;">4.5,5.5</elevation>
      </elevations>
      <mean_dbz units="DBZ">32.63</mean_dbz>
      <max_dbz units="DBZ">47.54</max_dbz>
      <mesocyclone_velocity_max units="m/s">22.053633</mesocyclone_velocity_max>
      <mesocyclone_velocity_rotational_max units="m/s">14.722824</mesocyclone_velocity_rotational_max>
      <mesocyclone_velocity_rotational_mean units="m/s">7.800902</mesocyclone_velocity_rotational_mean>
      <mesocyclone_velocity_rotational_max_closest_to_ground units="m/s">11.845950</mesocyclone_velocity_rotational_max_closest_to_ground>
      <meso_intensity>2</meso_intensity>
    </nowcast-parameters>
  </event>
  <event ID="90">
    <time time-coordinate="UTC">2021-07-08T13:55:00</time>
    <location>
      <area>
        <ellipse>
          <moving-point>
            <latitude>48.236208</latitude>
            <longitude>12.363109</longitude>
            <polar_motion>
              <speed units="km/h">0.0</speed>
            </polar_motion>
          </moving-point>
          <major_axis units="km">6.63</major_axis>
          <minor_axis units="km">6.63</minor_axis>
          <orientation units="degrees true">0</orientation>
        </ellipse>
      </area>
    </location>
    <nowcast-parameters>
      <mesocyclone_shear_mean units="m/s/km">4.439175</mesocyclone_shear_mean>
      <mesocyclone_shear_max units="m/s/km">7.259733</mesocyclone_shear_max>
      <mesocyclone_momentum_mean units="m/s/km">72.501719</mesocyclone_momentum_mean>
      <mesocyclone_momentum_max units="m/s/km">198.370950</mesocyclone_momentum_max>
      <mesocyclone_diameter units="km">6.628107</mesocyclone_diameter>
      <mesocyclone_diameter_equivalent units="km">3.937229</mesocyclone_diameter_equivalent>
      <mesocyclone_top units="km">7.319830</mesocyclone_top>
      <mesocyclone_base units="km">3.556244</mesocyclone_base>
      <mesocyclone_echotop units="km">6.333335</mesocyclone_echotop>
      <mesocyclone_vil units="kg/m*m">4.172342</mesocyclone_vil>
      <mesocyclone_shear_vectors>11</mesocyclone_shear_vectors>
      <mesocyclone_shear_features>3</mesocyclone_shear_features>
      <elevations>
        <elevation site="isn" units="&#176;">8.0,12.0</elevation>
        <elevation site="mem" units="&#176;">1.5</elevation>
      </elevations>
      <mean_dbz units="DBZ">31.56</mean_dbz>
      <max_dbz units="DBZ">43.61</max_dbz>
      <mesocyclone_velocity_max units="m/s">28.910011</mesocyclone_velocity_max>
      <mesocyclone_velocity_rotational_max units="m/s">12.245726</mesocyclone_velocity_rotational_max>
      <mesocyclone_velocity_rotational_mean units="m/s">8.236544</mesocyclone_velocity_rotational_mean>
      <mesocyclone_velocity_rotational_max_closest_to_ground units="m/s">8.592264</mesocyclone_velocity_rotational_max_closest_to_ground>
      <meso_intensity>2</meso_intensity>
    </nowcast-parameters>
  </event>
  <event ID="83">
    <time time-coordinate="UTC">2021-07-08T13:55:00</time>
    <location>
      <area>
        <ellipse>
          <moving-point>
            <latitude>48.179543</latitude>
            <longitude>12.654131</longitude>
            <polar_motion>
              <speed units="km/h">0.0</speed>
            </polar_motion>
          </moving-point>
          <major_axis units="km">14.55</major_axis>
          <minor_axis units="km">14.55</minor_axis>
          <orientation units="degrees true">0</orientation>
        </ellipse>
      </area>
    </location>
    <nowcast-parameters>
      <mesocyclone_shear_mean units="m/s/km">3.233744</mesocyclone_shear_mean>
      <mesocyclone_shear_max units="m/s/km">6.213318</mesocyclone_shear_max>
      <mesocyclone_momentum_mean units="m/s/km">102.027237</mesocyclone_momentum_mean>
      <mesocyclone_momentum_max units="m/s/km">889.572677</mesocyclone_momentum_max>
      <mesocyclone_diameter units="km">14.551820</mesocyclone_diameter>
      <mesocyclone_diameter_equivalent units="km">5.789569</mesocyclone_diameter_equivalent>
      <mesocyclone_top units="km">8.145609</mesocyclone_top>
      <mesocyclone_base units="km">1.900777</mesocyclone_base>
      <mesocyclone_echotop units="km">9.830609</mesocyclone_echotop>
      <mesocyclone_vil units="kg/m*m">27.881948</mesocyclone_vil>
      <mesocyclone_shear_vectors>21</mesocyclone_shear_vectors>
      <mesocyclone_shear_features>4</mesocyclone_shear_features>
      <elevations>
        <elevation site="isn" units="&#176;">2.5,4.5,8.0</elevation>
        <elevation site="mem" units="&#176;">1.5</elevation>
      </elevations>
      <mean_dbz units="DBZ">45.25</mean_dbz>
      <max_dbz units="DBZ">61.26</max_dbz>
      <mesocyclone_velocity_max units="m/s">27.647564</mesocyclone_velocity_max>
      <mesocyclone_velocity_rotational_max units="m/s">24.491450</mesocyclone_velocity_rotational_max>
      <mesocyclone_velocity_rotational_mean units="m/s">8.044825</mesocyclone_velocity_rotational_mean>
      <mesocyclone_velocity_rotational_max_closest_to_ground units="m/s">8.339549</mesocyclone_velocity_rotational_max_closest_to_ground>
      <meso_intensity>4</meso_intensity>
    </nowcast-parameters>
  </event>
  <event ID="87">
    <time time-coordinate="UTC">2021-07-08T13:55:00</time>
    <location>
      <area>
        <ellipse>
          <moving-point>
            <latitude>47.650295</latitude>
            <longitude>11.739137</longitude>
            <polar_motion>
              <speed units="km/h">0.0</speed>
            </polar_motion>
          </moving-point>
          <major_axis units="km">15.75</major_axis>
          <minor_axis units="km">15.75</minor_axis>
          <orientation units="degrees true">0</orientation>
        </ellipse>
      </area>
    </location>
    <nowcast-parameters>
      <mesocyclone_shear_mean units="m/s/km">2.783951</mesocyclone_shear_mean>
      <mesocyclone_shear_max units="m/s/km">5.854637</mesocyclone_shear_max>
      <mesocyclone_momentum_mean units="m/s/km">98.175588</mesocyclone_momentum_mean>
      <mesocyclone_momentum_max units="m/s/km">217.880160</mesocyclone_momentum_max>
      <mesocyclone_diameter units="km">15.750000</mesocyclone_diameter>
      <mesocyclone_diameter_equivalent units="km">6.077345</mesocyclone_diameter_equivalent>
      <mesocyclone_top units="km">6.486313</mesocyclone_top>
      <mesocyclone_base units="km">4.240880</mesocyclone_base>
      <mesocyclone_echotop units="km">7.872148</mesocyclone_echotop>
      <mesocyclone_vil units="kg/m*m">21.301673</mesocyclone_vil>
      <mesocyclone_shear_vectors>20</mesocyclone_shear_vectors>
      <mesocyclone_shear_features>2</mesocyclone_shear_features>
      <elevations>
        <elevation site="isn" units="&#176;">4.5,5.5</elevation>
      </elevations>
      <mean_dbz units="DBZ">42.27</mean_dbz>
      <max_dbz units="DBZ">57.22</max_dbz>
      <mesocyclone_velocity_max units="m/s">31.462849</mesocyclone_velocity_max>
      <mesocyclone_velocity_rotational_max units="m/s">10.361256</mesocyclone_velocity_rotational_max>
      <mesocyclone_velocity_rotational_mean units="m/s">7.636689</mesocyclone_velocity_rotational_mean>
      <mesocyclone_velocity_rotational_max_closest_to_ground units="m/s">10.108544</mesocyclone_velocity_rotational_max_closest_to_ground>
      <meso_intensity>1</meso_intensity>
    </nowcast-parameters>
  </event>
  <event ID="81">
    <time time-coordinate="UTC">2021-07-08T13:55:00</time>
    <location>
      <area>
        <ellipse>
          <moving-point>
            <latitude>46.854784</latitude>
            <longitude>11.001947</longitude>
            <polar_motion>
              <speed units="km/h">0.0</speed>
            </polar_motion>
          </moving-point>
          <major_axis units="km">10.25</major_axis>
          <minor_axis units="km">10.25</minor_axis>
          <orientation units="degrees true">0</orientation>
        </ellipse>
      </area>
    </location>
    <nowcast-parameters>
      <mesocyclone_shear_mean units="m/s/km">4.528649</mesocyclone_shear_mean>
      <mesocyclone_shear_max units="m/s/km">7.561756</mesocyclone_shear_max>
      <mesocyclone_momentum_mean units="m/s/km">58.104817</mesocyclone_momentum_mean>
      <mesocyclone_momentum_max units="m/s/km">209.050100</mesocyclone_momentum_max>
      <mesocyclone_diameter units="km">10.250000</mesocyclone_diameter>
      <mesocyclone_diameter_equivalent units="km">4.633485</mesocyclone_diameter_equivalent>
      <mesocyclone_top units="km">8.354341</mesocyclone_top>
      <mesocyclone_base units="km">1.966428</mesocyclone_base>
      <mesocyclone_echotop units="km">7.994982</mesocyclone_echotop>
      <mesocyclone_vil units="kg/m*m">7.349275</mesocyclone_vil>
      <mesocyclone_shear_vectors>20</mesocyclone_shear_vectors>
      <mesocyclone_shear_features>3</mesocyclone_shear_features>
      <elevations>
        <elevation site="isn" units="&#176;">1.5,2.5</elevation>
        <elevation site="mem" units="&#176;">1.5</elevation>
      </elevations>
      <mean_dbz units="DBZ">33.72</mean_dbz>
      <max_dbz units="DBZ">52.01</max_dbz>
      <mesocyclone_velocity_max units="m/s">31.939877</mesocyclone_velocity_max>
      <mesocyclone_velocity_rotational_max units="m/s">10.866685</mesocyclone_velocity_rotational_max>
      <mesocyclone_velocity_rotational_mean units="m/s">7.357056</mesocyclone_velocity_rotational_mean>
      <mesocyclone_velocity_rotational_max_closest_to_ground units="m/s">10.099569</mesocyclone_velocity_rotational_max_closest_to_ground>
      <meso_intensity>2</meso_intensity>
    </nowcast-parameters>
  </event>
  <event ID="97">
    <time time-coordinate="UTC">2021-07-08T13:55:00</time>
    <location>
      <area>
        <ellipse>
          <moving-point>
            <latitude>46.490873</latitude>
            <longitude>8.231262</longitude>
            <polar_motion>
              <speed units="km/h">0.0</speed>
            </polar_motion>
          </moving-point>
          <major_axis units="km">13.50</major_axis>
          <minor_axis units="km">13.50</minor_axis>
          <orientation units="degrees true">0</orientation>
        </ellipse>
      </area>
    </location>
    <nowcast-parameters>
      <mesocyclone_shear_mean units="m/s/km">3.781396</mesocyclone_shear_mean>
      <mesocyclone_shear_max units="m/s/km">8.255143</mesocyclone_shear_max>
      <mesocyclone_momentum_mean units="m/s/km">125.881026</mesocyclone_momentum_mean>
      <mesocyclone_momentum_max units="m/s/km">311.138361</mesocyclone_momentum_max>
      <mesocyclone_diameter units="km">13.500000</mesocyclone_diameter>
      <mesocyclone_diameter_equivalent units="km">8.237495</mesocyclone_diameter_equivalent>
      <mesocyclone_top units="km">5.643122</mesocyclone_top>
      <mesocyclone_base units="km">0.279251</mesocyclone_base>
      <mesocyclone_echotop units="km">7.339643</mesocyclone_echotop>
      <mesocyclone_vil units="kg/m*m">15.408998</mesocyclone_vil>
      <mesocyclone_shear_vectors>34</mesocyclone_shear_vectors>
      <mesocyclone_shear_features>2</mesocyclone_shear_features>
      <elevations>
        <elevation site="fbg" units="&#176;">0.5,1.5</elevation>
      </elevations>
      <mean_dbz units="DBZ">40.39</mean_dbz>
      <max_dbz units="DBZ">55.01</max_dbz>
      <mesocyclone_velocity_max units="m/s">31.714558</mesocyclone_velocity_max>
      <mesocyclone_velocity_rotational_max units="m/s">15.042478</mesocyclone_velocity_rotational_max>
      <mesocyclone_velocity_rotational_mean units="m/s">9.890675</mesocyclone_velocity_rotational_mean>
      <mesocyclone_velocity_rotational_max_closest_to_ground units="m/s">15.042478</mesocyclone_velocity_rotational_max_closest_to_ground>
      <meso_intensity>3</meso_intensity>
    </nowcast-parameters>
  </event>
</nowcast-data>
