<?xml version="1.0" encoding="UTF-8"?>
<nowcast-data>
  <radar-stations>ASB,BOO,ROS,HNR,UMD,PRO,ESS,FLD,DRS,NEU,NHB,OFT,EIS,TUR,ISN,FBG,MEM</radar-stations>
  <event ID="28">
    <time time-coordinate="UTC">2021-07-08T10:25:00</time>
    <location>
      <area>
        <ellipse>
          <moving-point>
            <latitude>49.763659</latitude>
            <longitude>11.931340</longitude>
            <polar_motion>
              <speed units="km/h">0.0</speed>
            </polar_motion>
          </moving-point>
          <major_axis units="km">8.47</major_axis>
          <minor_axis units="km">8.47</minor_axis>
          <orientation units="degrees true">0</orientation>
        </ellipse>
      </area>
    </location>
    <nowcast-parameters>
      <mesocyclone_shear_mean units="m/s/km">3.234405</mesocyclone_shear_mean>
      <mesocyclone_shear_max units="m/s/km">6.981180</mesocyclone_shear_max>
      <mesocyclone_momentum_mean units="m/s/km">111.413764</mesocyclone_momentum_mean>
      <mesocyclone_momentum_max units="m/s/km">228.672891</mesocyclone_momentum_max>
      <mesocyclone_diameter units="km">8.471052</mesocyclone_diameter>
      <mesocyclone_diameter_equivalent units="km">4.909949</mesocyclone_diameter_equivalent>
      <mesocyclone_top units="km">11.298140</mesocyclone_top>
      <mesocyclone_base units="km">3.388056</mesocyclone_base>
      <mesocyclone_echotop units="km">8.996971</mesocyclone_echotop>
      <mesocyclone_vil units="kg/m*m">17.359432</mesocyclone_vil>
      <mesocyclone_shear_vectors>10</mesocyclone_shear_vectors>
      <mesocyclone_shear_features>3</mesocyclone_shear_features>
      <elevations>
        <elevation site="eis" units="&#176;">4.5,5.5</elevation>
        <elevation site="isn" units="&#176;">2.5</elevation>
      </elevations>
      <mean_dbz units="DBZ">43.47</mean_dbz>
      <max_dbz units="DBZ">55.80</max_dbz>
      <mesocyclone_velocity_max units="m/s">29.946564</mesocyclone_velocity_max>
      <mesocyclone_velocity_rotational_max units="m/s">18.448093</mesocyclone_velocity_rotational_max>
      <mesocyclone_velocity_rotational_mean units="m/s">8.616588</mesocyclone_velocity_rotational_mean>
      <mesocyclone_velocity_rotational_max_closest_to_ground units="m/s">8.317369</mesocyclone_velocity_rotational_max_closest_to_ground>
      <meso_intensity>2</meso_intensity>
    </nowcast-parameters>
  </event>
  <event ID="27">
    <time time-coordinate="UTC">2021-07-08T10:25:00</time>
    <location>
      <area>
        <ellipse>
          <moving-point>
            <latitude>49.608618</latitude>
            <longitude>12.012717</longitude>
            <polar_motion>
              <speed units="km/h">0.0</speed>
            </polar_motion>
          </moving-point>
          <major_axis units="km">11.25</major_axis>
          <minor_axis units="km">11.25</minor_axis>
          <orientation units="degrees true">0</orientation>
        </ellipse>
      </area>
    </location>
    <nowcast-parameters>
      <mesocyclone_shear_mean units="m/s/km">3.969695</mesocyclone_shear_mean>
      <mesocyclone_shear_max units="m/s/km">15.750686</mesocyclone_shear_max>
      <mesocyclone_momentum_mean units="m/s/km">107.768940</mesocyclone_momentum_mean>
      <mesocyclone_momentum_max units="m/s/km">688.912715</mesocyclone_momentum_max>
      <mesocyclone_diameter units="km">11.250000</mesocyclone_diameter>
      <mesocyclone_diameter_equivalent units="km">7.828306</mesocyclone_diameter_equivalent>
      <mesocyclone_top units="km">9.027011</mesocyclone_top>
      <mesocyclone_base units="km">1.480348</mesocyclone_base>
      <mesocyclone_echotop units="km">9.427557</mesocyclone_echotop>
      <mesocyclone_vil units="kg/m*m">39.271260</mesocyclone_vil>
      <mesocyclone_shear_vectors>29</mesocyclone_shear_vectors>
      <mesocyclone_shear_features>6</mesocyclone_shear_features>
      <elevations>
        <elevation site="eis" units="&#176;">2.5,3.5,4.5,12.0,17.0</elevation>
        <elevation site="isn" units="&#176;">1.5</elevation>
      </elevations>
      <mean_dbz units="DBZ">47.63</mean_dbz>
      <max_dbz units="DBZ">62.33</max_dbz>
      <mesocyclone_velocity_max units="m/s">28.935711</mesocyclone_velocity_max>
      <mesocyclone_velocity_rotational_max units="m/s">19.964375</mesocyclone_velocity_rotational_max>
      <mesocyclone_velocity_rotational_mean units="m/s">8.985951</mesocyclone_velocity_rotational_mean>
      <mesocyclone_velocity_rotational_max_closest_to_ground units="m/s">13.484220</mesocyclone_velocity_rotational_max_closest_to_ground>
      <meso_intensity>3</meso_intensity>
    </nowcast-parameters>
  </event>
  <event ID="35">
    <time time-coordinate="UTC">2021-07-08T10:25:00</time>
    <location>
      <area>
        <ellipse>
          <moving-point>
            <latitude>47.880720</latitude>
            <longitude>11.865478</longitude>
            <polar_motion>
              <speed units="km/h">0.0</speed>
            </polar_motion>
          </moving-point>
          <major_axis units="km">7.94</major_axis>
          <minor_axis units="km">7.94</minor_axis>
          <orientation units="degrees true">0</orientation>
        </ellipse>
      </area>
    </location>
    <nowcast-parameters>
      <mesocyclone_shear_mean units="m/s/km">3.511068</mesocyclone_shear_mean>
      <mesocyclone_shear_max units="m/s/km">6.212533</mesocyclone_shear_max>
      <mesocyclone_momentum_mean units="m/s/km">104.507011</mesocyclone_momentum_mean>
      <mesocyclone_momentum_max units="m/s/km">246.514080</mesocyclone_momentum_max>
      <mesocyclone_diameter units="km">7.939528</mesocyclone_diameter>
      <mesocyclone_diameter_equivalent units="km">8.006909</mesocyclone_diameter_equivalent>
      <mesocyclone_top units="km">5.156579</mesocyclone_top>
      <mesocyclone_base units="km">2.081499</mesocyclone_base>
      <mesocyclone_echotop units="km">7.480319</mesocyclone_echotop>
      <mesocyclone_vil units="kg/m*m">5.303491</mesocyclone_vil>
      <mesocyclone_shear_vectors>27</mesocyclone_shear_vectors>
      <mesocyclone_shear_features>3</mesocyclone_shear_features>
      <elevations>
        <elevation site="tur" units="&#176;">0.5</elevation>
        <elevation site="isn" units="&#176;">5.5,8.0</elevation>
      </elevations>
      <mean_dbz units="DBZ">31.36</mean_dbz>
      <max_dbz units="DBZ">46.50</max_dbz>
      <mesocyclone_velocity_max units="m/s">31.210133</mesocyclone_velocity_max>
      <mesocyclone_velocity_rotational_max units="m/s">12.888394</mesocyclone_velocity_rotational_max>
      <mesocyclone_velocity_rotational_mean units="m/s">8.727173</mesocyclone_velocity_rotational_mean>
      <mesocyclone_velocity_rotational_max_closest_to_ground units="m/s">7.615254</mesocyclone_velocity_rotational_max_closest_to_ground>
      <meso_intensity>2</meso_intensity>
    </nowcast-parameters>
  </event>
  <event ID="29">
    <time time-coordinate="UTC">2021-07-08T10:25:00</time>
    <location>
      <area>
        <ellipse>
          <moving-point>
            <latitude>47.746517</latitude>
            <longitude>10.860278</longitude>
            <polar_motion>
              <speed units="km/h">0.0</speed>
            </polar_motion>
          </moving-point>
          <major_axis units="km">8.60</major_axis>
          <minor_axis units="km">8.60</minor_axis>
          <orientation units="degrees true">0</orientation>
        </ellipse>
      </area>
    </location>
    <nowcast-parameters>
      <mesocyclone_shear_mean units="m/s/km">4.033537</mesocyclone_shear_mean>
      <mesocyclone_shear_max units="m/s/km">9.972033</mesocyclone_shear_max>
      <mesocyclone_momentum_mean units="m/s/km">108.095281</mesocyclone_momentum_mean>
      <mesocyclone_momentum_max units="m/s/km">324.123286</mesocyclone_momentum_max>
      <mesocyclone_diameter units="km">8.597617</mesocyclone_diameter>
      <mesocyclone_diameter_equivalent units="km">5.957844</mesocyclone_diameter_equivalent>
      <mesocyclone_top units="km">6.055188</mesocyclone_top>
      <mesocyclone_base units="km">0.904190</mesocyclone_base>
      <mesocyclone_echotop units="km">6.982227</mesocyclone_echotop>
      <mesocyclone_vil units="kg/m*m">4.047863</mesocyclone_vil>
      <mesocyclone_shear_vectors>15</mesocyclone_shear_vectors>
      <mesocyclone_shear_features>3</mesocyclone_shear_features>
      <elevations>
        <elevation site="tur" units="&#176;">0.5</elevation>
        <elevation site="isn" units="&#176;">1.5,2.5</elevation>
      </elevations>
      <mean_dbz units="DBZ">31.79</mean_dbz>
      <max_dbz units="DBZ">45.08</max_dbz>
      <mesocyclone_velocity_max units="m/s">30.199276</mesocyclone_velocity_max>
      <mesocyclone_velocity_rotational_max units="m/s">17.310881</mesocyclone_velocity_rotational_max>
      <mesocyclone_velocity_rotational_mean units="m/s">9.181022</mesocyclone_velocity_rotational_mean>
      <mesocyclone_velocity_rotational_max_closest_to_ground units="m/s">10.407514</mesocyclone_velocity_rotational_max_closest_to_ground>
      <meso_intensity>3</meso_intensity>
    </nowcast-parameters>
  </event>
  <event ID="41">
    <time time-coordinate="UTC">2021-07-08T10:25:00</time>
    <location>
      <area>
        <ellipse>
          <moving-point>
            <latitude>47.443019</latitude>
            <longitude>9.883293</longitude>
            <polar_motion>
              <speed units="km/h">0.0</speed>
            </polar_motion>
          </moving-point>
          <major_axis units="km">21.00</major_axis>
          <minor_axis units="km">21.00</minor_axis>
          <orientation units="degrees true">0</orientation>
        </ellipse>
      </area>
    </location>
    <nowcast-parameters>
      <mesocyclone_shear_mean units="m/s/km">4.354293</mesocyclone_shear_mean>
      <mesocyclone_shear_max units="m/s/km">23.819628</mesocyclone_shear_max>
      <mesocyclone_momentum_mean units="m/s/km">122.590252</mesocyclone_momentum_mean>
      <mesocyclone_momentum_max units="m/s/km">340.923163</mesocyclone_momentum_max>
      <mesocyclone_diameter units="km">21.000000</mesocyclone_diameter>
      <mesocyclone_diameter_equivalent units="km">10.972779</mesocyclone_diameter_equivalent>
      <mesocyclone_top units="km">5.645636</mesocyclone_top>
      <mesocyclone_base units="km">2.100424</mesocyclone_base>
      <mesocyclone_echotop units="km">8.632328</mesocyclone_echotop>
      <mesocyclone_vil units="kg/m*m">9.668233</mesocyclone_vil>
      <mesocyclone_shear_vectors>52</mesocyclone_shear_vectors>
      <mesocyclone_shear_features>4</mesocyclone_shear_features>
      <elevations>
        <elevation site="tur" units="&#176;">1.5</elevation>
        <elevation site="fbg" units="&#176;">0.5</elevation>
        <elevation site="mem" units="&#176;">2.5,3.5</elevation>
      </elevations>
      <mean_dbz units="DBZ">33.26</mean_dbz>
      <max_dbz units="DBZ">55.17</max_dbz>
      <mesocyclone_velocity_max units="m/s">31.939877</mesocyclone_velocity_max>
      <mesocyclone_velocity_rotational_max units="m/s">17.295508</mesocyclone_velocity_rotational_max>
      <mesocyclone_velocity_rotational_mean units="m/s">9.719292</mesocyclone_velocity_rotational_mean>
      <mesocyclone_velocity_rotational_max_closest_to_ground units="m/s">8.524070</mesocyclone_velocity_rotational_max_closest_to_ground>
      <meso_intensity>3</meso_intensity>
    </nowcast-parameters>
  </event>
  <event ID="78">
    <time time-coordinate="UTC">2021-07-08T10:25:00</time>
    <location>
      <area>
        <ellipse>
          <moving-point>
            <latitude>47.205763</latitude>
            <longitude>9.853204</longitude>
            <polar_motion>
              <speed units="km/h">0.0</speed>
            </polar_motion>
          </moving-point>
          <major_axis units="km">9.19</major_axis>
          <minor_axis units="km">9.19</minor_axis>
          <orientation units="degrees true">0</orientation>
        </ellipse>
      </area>
    </location>
    <nowcast-parameters>
      <mesocyclone_shear_mean units="m/s/km">4.332517</mesocyclone_shear_mean>
      <mesocyclone_shear_max units="m/s/km">12.594464</mesocyclone_shear_max>
      <mesocyclone_momentum_mean units="m/s/km">165.925444</mesocyclone_momentum_mean>
      <mesocyclone_momentum_max units="m/s/km">713.238317</mesocyclone_momentum_max>
      <mesocyclone_diameter units="km">9.186155</mesocyclone_diameter>
      <mesocyclone_diameter_equivalent units="km">4.378418</mesocyclone_diameter_equivalent>
      <mesocyclone_top units="km">6.667738</mesocyclone_top>
      <mesocyclone_base units="km">3.722400</mesocyclone_base>
      <mesocyclone_echotop units="km">9.065341</mesocyclone_echotop>
      <mesocyclone_vil units="kg/m*m">11.257623</mesocyclone_vil>
      <mesocyclone_shear_vectors>9</mesocyclone_shear_vectors>
      <mesocyclone_shear_features>2</mesocyclone_shear_features>
      <elevations>
        <elevation site="mem" units="&#176;">2.5,3.5</elevation>
      </elevations>
      <mean_dbz units="DBZ">41.01</mean_dbz>
      <max_dbz units="DBZ">51.26</max_dbz>
      <mesocyclone_velocity_max units="m/s">31.182415</mesocyclone_velocity_max>
      <mesocyclone_velocity_rotational_max units="m/s">42.923160</mesocyclone_velocity_rotational_max>
      <mesocyclone_velocity_rotational_mean units="m/s">11.472477</mesocyclone_velocity_rotational_mean>
      <mesocyclone_velocity_rotational_max_closest_to_ground units="m/s">42.923160</mesocyclone_velocity_rotational_max_closest_to_ground>
      <meso_intensity>2</meso_intensity>
    </nowcast-parameters>
  </event>
  <event ID="43">
    <time time-coordinate="UTC">2021-07-08T10:25:00</time>
    <location>
      <area>
        <ellipse>
          <moving-point>
            <latitude>47.185509</latitude>
            <longitude>9.734568</longitude>
            <polar_motion>
              <speed units="km/h">0.0</speed>
            </polar_motion>
          </moving-point>
          <major_axis units="km">10.12</major_axis>
          <minor_axis units="km">10.12</minor_axis>
          <orientation units="degrees true">0</orientation>
        </ellipse>
      </area>
    </location>
    <nowcast-parameters>
      <mesocyclone_shear_mean units="m/s/km">4.382407</mesocyclone_shear_mean>
      <mesocyclone_shear_max units="m/s/km">8.128494</mesocyclone_shear_max>
      <mesocyclone_momentum_mean units="m/s/km">152.933060</mesocyclone_momentum_mean>
      <mesocyclone_momentum_max units="m/s/km">522.114029</mesocyclone_momentum_max>
      <mesocyclone_diameter units="km">10.115365</mesocyclone_diameter>
      <mesocyclone_diameter_equivalent units="km">6.251876</mesocyclone_diameter_equivalent>
      <mesocyclone_top units="km">9.566931</mesocyclone_top>
      <mesocyclone_base units="km">4.265077</mesocyclone_base>
      <mesocyclone_echotop units="km">8.944192</mesocyclone_echotop>
      <mesocyclone_vil units="kg/m*m">5.207265</mesocyclone_vil>
      <mesocyclone_shear_vectors>21</mesocyclone_shear_vectors>
      <mesocyclone_shear_features>2</mesocyclone_shear_features>
      <elevations>
        <elevation site="tur" units="&#176;">1.5,2.5</elevation>
      </elevations>
      <mean_dbz units="DBZ">30.89</mean_dbz>
      <max_dbz units="DBZ">45.17</max_dbz>
      <mesocyclone_velocity_max units="m/s">31.095621</mesocyclone_velocity_max>
      <mesocyclone_velocity_rotational_max units="m/s">18.276610</mesocyclone_velocity_rotational_max>
      <mesocyclone_velocity_rotational_mean units="m/s">10.767695</mesocyclone_velocity_rotational_mean>
      <mesocyclone_velocity_rotational_max_closest_to_ground units="m/s">18.276610</mesocyclone_velocity_rotational_max_closest_to_ground>
      <meso_intensity>3</meso_intensity>
    </nowcast-parameters>
  </event>
  <event ID="59">
    <time time-coordinate="UTC">2021-07-08T10:25:00</time>
    <location>
      <area>
        <ellipse>
          <moving-point>
            <latitude>47.079527</latitude>
            <longitude>9.907866</longitude>
            <polar_motion>
              <speed units="km/h">0.0</speed>
            </polar_motion>
          </moving-point>
          <major_axis units="km">8.83</major_axis>
          <minor_axis units="km">8.83</minor_axis>
          <orientation units="degrees true">0</orientation>
        </ellipse>
      </area>
    </location>
    <nowcast-parameters>
      <mesocyclone_shear_mean units="m/s/km">3.623815</mesocyclone_shear_mean>
      <mesocyclone_shear_max units="m/s/km">6.465082</mesocyclone_shear_max>
      <mesocyclone_momentum_mean units="m/s/km">91.639409</mesocyclone_momentum_mean>
      <mesocyclone_momentum_max units="m/s/km">374.849502</mesocyclone_momentum_max>
      <mesocyclone_diameter units="km">8.825056</mesocyclone_diameter>
      <mesocyclone_diameter_equivalent units="km">4.949822</mesocyclone_diameter_equivalent>
      <mesocyclone_top units="km">7.893386</mesocyclone_top>
      <mesocyclone_base units="km">2.521804</mesocyclone_base>
      <mesocyclone_echotop units="km">9.516067</mesocyclone_echotop>
      <mesocyclone_vil units="kg/m*m">21.156512</mesocyclone_vil>
      <mesocyclone_shear_vectors>15</mesocyclone_shear_vectors>
      <mesocyclone_shear_features>3</mesocyclone_shear_features>
      <elevations>
        <elevation site="fbg" units="&#176;">0.5</elevation>
        <elevation site="mem" units="&#176;">2.5,3.5</elevation>
      </elevations>
      <mean_dbz units="DBZ">42.71</mean_dbz>
      <max_dbz units="DBZ">57.98</max_dbz>
      <mesocyclone_velocity_max units="m/s">31.434904</mesocyclone_velocity_max>
      <mesocyclone_velocity_rotational_max units="m/s">15.167832</mesocyclone_velocity_rotational_max>
      <mesocyclone_velocity_rotational_mean units="m/s">8.096245</mesocyclone_velocity_rotational_mean>
      <mesocyclone_velocity_rotational_max_closest_to_ground units="m/s">15.167832</mesocyclone_velocity_rotational_max_closest_to_ground>
      <meso_intensity>2</meso_intensity>
    </nowcast-parameters>
  </event>
</nowcast-data>
