<?xml version="1.0" encoding="UTF-8"?>
<nowcast-data>
  <radar-stations>ASB,BOO,ROS,HNR,UMD,PRO,ESS,FLD,drs,NEU,NHB,OFT,EIS,TUR,ISN,FBG,MEM</radar-stations>
  <event ID="40">
    <time time-coordinate="UTC">2021-07-08T11:10:00</time>
    <location>
      <area>
        <ellipse>
          <moving-point>
            <latitude>47.593198</latitude>
            <longitude>10.369406</longitude>
            <polar_motion>
              <speed units="km/h">0.0</speed>
            </polar_motion>
          </moving-point>
          <major_axis units="km">20.50</major_axis>
          <minor_axis units="km">20.50</minor_axis>
          <orientation units="degrees true">0</orientation>
        </ellipse>
      </area>
    </location>
    <nowcast-parameters>
      <mesocyclone_shear_mean units="m/s/km">3.096317</mesocyclone_shear_mean>
      <mesocyclone_shear_max units="m/s/km">11.371966</mesocyclone_shear_max>
      <mesocyclone_momentum_mean units="m/s/km">124.320215</mesocyclone_momentum_mean>
      <mesocyclone_momentum_max units="m/s/km">487.473880</mesocyclone_momentum_max>
      <mesocyclone_diameter units="km">20.500000</mesocyclone_diameter>
      <mesocyclone_diameter_equivalent units="km">11.639690</mesocyclone_diameter_equivalent>
      <mesocyclone_top units="km">5.827782</mesocyclone_top>
      <mesocyclone_base units="km">1.590400</mesocyclone_base>
      <mesocyclone_echotop units="km">8.314683</mesocyclone_echotop>
      <mesocyclone_vil units="kg/m*m">5.535374</mesocyclone_vil>
      <mesocyclone_shear_vectors>54</mesocyclone_shear_vectors>
      <mesocyclone_shear_features>5</mesocyclone_shear_features>
      <elevations>
        <elevation site="isn" units="&#176;">1.5</elevation>
        <elevation site="fbg" units="&#176;">0.5</elevation>
        <elevation site="mem" units="&#176;">2.5,4.5,8.0</elevation>
      </elevations>
      <mean_dbz units="DBZ">32.18</mean_dbz>
      <max_dbz units="DBZ">50.73</max_dbz>
      <mesocyclone_velocity_max units="m/s">31.182415</mesocyclone_velocity_max>
      <mesocyclone_velocity_rotational_max units="m/s">22.345291</mesocyclone_velocity_rotational_max>
      <mesocyclone_velocity_rotational_mean units="m/s">8.733299</mesocyclone_velocity_rotational_mean>
      <mesocyclone_velocity_rotational_max_closest_to_ground units="m/s">22.345291</mesocyclone_velocity_rotational_max_closest_to_ground>
      <meso_intensity>3</meso_intensity>
    </nowcast-parameters>
  </event>
  <event ID="75">
    <time time-coordinate="UTC">2021-07-08T11:10:00</time>
    <location>
      <area>
        <ellipse>
          <moving-point>
            <latitude>46.865344</latitude>
            <longitude>9.595157</longitude>
            <polar_motion>
              <speed units="km/h">0.0</speed>
            </polar_motion>
          </moving-point>
          <major_axis units="km">8.35</major_axis>
          <minor_axis units="km">8.35</minor_axis>
          <orientation units="degrees true">0</orientation>
        </ellipse>
      </area>
    </location>
    <nowcast-parameters>
      <mesocyclone_shear_mean units="m/s/km">4.787198</mesocyclone_shear_mean>
      <mesocyclone_shear_max units="m/s/km">9.165938</mesocyclone_shear_max>
      <mesocyclone_momentum_mean units="m/s/km">86.731444</mesocyclone_momentum_mean>
      <mesocyclone_momentum_max units="m/s/km">351.676626</mesocyclone_momentum_max>
      <mesocyclone_diameter units="km">8.348685</mesocyclone_diameter>
      <mesocyclone_diameter_equivalent units="km">5.319091</mesocyclone_diameter_equivalent>
      <mesocyclone_top units="km">8.237650</mesocyclone_top>
      <mesocyclone_base units="km">-0.276356</mesocyclone_base>
      <mesocyclone_echotop units="km">7.241417</mesocyclone_echotop>
      <mesocyclone_vil units="kg/m*m">14.941282</mesocyclone_vil>
      <mesocyclone_shear_vectors>15</mesocyclone_shear_vectors>
      <mesocyclone_shear_features>2</mesocyclone_shear_features>
      <elevations>
        <elevation site="mem" units="&#176;">0.5,2.5</elevation>
      </elevations>
      <mean_dbz units="DBZ">40.75</mean_dbz>
      <max_dbz units="DBZ">51.74</max_dbz>
      <mesocyclone_velocity_max units="m/s">31.939877</mesocyclone_velocity_max>
      <mesocyclone_velocity_rotational_max units="m/s">14.265639</mesocyclone_velocity_rotational_max>
      <mesocyclone_velocity_rotational_mean units="m/s">8.376054</mesocyclone_velocity_rotational_mean>
      <mesocyclone_velocity_rotational_max_closest_to_ground units="m/s">8.837120</mesocyclone_velocity_rotational_max_closest_to_ground>
      <meso_intensity>2</meso_intensity>
    </nowcast-parameters>
  </event>
  <event ID="76">
    <time time-coordinate="UTC">2021-07-08T11:10:00</time>
    <location>
      <area>
        <ellipse>
          <moving-point>
            <latitude>46.788789</latitude>
            <longitude>10.364798</longitude>
            <polar_motion>
              <speed units="km/h">0.0</speed>
            </polar_motion>
          </moving-point>
          <major_axis units="km">10.87</major_axis>
          <minor_axis units="km">10.87</minor_axis>
          <orientation units="degrees true">0</orientation>
        </ellipse>
      </area>
    </location>
    <nowcast-parameters>
      <mesocyclone_shear_mean units="m/s/km">4.883539</mesocyclone_shear_mean>
      <mesocyclone_shear_max units="m/s/km">7.424585</mesocyclone_shear_max>
      <mesocyclone_momentum_mean units="m/s/km">110.115418</mesocyclone_momentum_mean>
      <mesocyclone_momentum_max units="m/s/km">640.852341</mesocyclone_momentum_max>
      <mesocyclone_diameter units="km">10.871762</mesocyclone_diameter>
      <mesocyclone_diameter_equivalent units="km">6.058559</mesocyclone_diameter_equivalent>
      <mesocyclone_top units="km">4.659101</mesocyclone_top>
      <mesocyclone_base units="km">-0.889703</mesocyclone_base>
      <mesocyclone_echotop units="km">6.258881</mesocyclone_echotop>
      <mesocyclone_vil units="kg/m*m">7.570487</mesocyclone_vil>
      <mesocyclone_shear_vectors>19</mesocyclone_shear_vectors>
      <mesocyclone_shear_features>2</mesocyclone_shear_features>
      <elevations>
        <elevation site="mem" units="&#176;">0.5,1.5</elevation>
      </elevations>
      <mean_dbz units="DBZ">35.32</mean_dbz>
      <max_dbz units="DBZ">47.46</max_dbz>
      <mesocyclone_velocity_max units="m/s">31.687389</mesocyclone_velocity_max>
      <mesocyclone_velocity_rotational_max units="m/s">18.557955</mesocyclone_velocity_rotational_max>
      <mesocyclone_velocity_rotational_mean units="m/s">9.255034</mesocyclone_velocity_rotational_mean>
      <mesocyclone_velocity_rotational_max_closest_to_ground units="m/s">18.557955</mesocyclone_velocity_rotational_max_closest_to_ground>
      <meso_intensity>3</meso_intensity>
    </nowcast-parameters>
  </event>
</nowcast-data>
