<?xml version="1.0" encoding="UTF-8"?>
<nowcast-data>
  <radar-stations>ASB,BOO,ROS,HNR,UMD,PRO,ESS,FLD,DRS,NEU,NHB,OFT,EIS,TUR,ISN,FBG,MEM</radar-stations>
  <event ID="33">
    <time time-coordinate="UTC">2021-07-08T13:25:00</time>
    <location>
      <area>
        <ellipse>
          <moving-point>
            <latitude>49.698496</latitude>
            <longitude>13.046285</longitude>
            <polar_motion>
              <speed units="km/h">0.0</speed>
            </polar_motion>
          </moving-point>
          <major_axis units="km">8.75</major_axis>
          <minor_axis units="km">8.75</minor_axis>
          <orientation units="degrees true">0</orientation>
        </ellipse>
      </area>
    </location>
    <nowcast-parameters>
      <mesocyclone_shear_mean units="m/s/km">4.168994</mesocyclone_shear_mean>
      <mesocyclone_shear_max units="m/s/km">7.696734</mesocyclone_shear_max>
      <mesocyclone_momentum_mean units="m/s/km">53.858753</mesocyclone_momentum_mean>
      <mesocyclone_momentum_max units="m/s/km">167.141669</mesocyclone_momentum_max>
      <mesocyclone_diameter units="km">8.750000</mesocyclone_diameter>
      <mesocyclone_diameter_equivalent units="km">4.290351</mesocyclone_diameter_equivalent>
      <mesocyclone_top units="km">7.220578</mesocyclone_top>
      <mesocyclone_base units="km">1.520167</mesocyclone_base>
      <mesocyclone_echotop units="km">7.399186</mesocyclone_echotop>
      <mesocyclone_vil units="kg/m*m">5.285939</mesocyclone_vil>
      <mesocyclone_shear_vectors>17</mesocyclone_shear_vectors>
      <mesocyclone_shear_features>2</mesocyclone_shear_features>
      <elevations>
        <elevation site="drs" units="&#176;">0.5,1.5</elevation>
      </elevations>
      <mean_dbz units="DBZ">32.95</mean_dbz>
      <max_dbz units="DBZ">48.79</max_dbz>
      <mesocyclone_velocity_max units="m/s">31.379162</mesocyclone_velocity_max>
      <mesocyclone_velocity_rotational_max units="m/s">10.963805</mesocyclone_velocity_rotational_max>
      <mesocyclone_velocity_rotational_mean units="m/s">6.899636</mesocyclone_velocity_rotational_mean>
      <mesocyclone_velocity_rotational_max_closest_to_ground units="m/s">7.435224</mesocyclone_velocity_rotational_max_closest_to_ground>
      <meso_intensity>2</meso_intensity>
    </nowcast-parameters>
  </event>
  <event ID="54">
    <time time-coordinate="UTC">2021-07-08T13:25:00</time>
    <location>
      <area>
        <ellipse>
          <moving-point>
            <latitude>48.701433</latitude>
            <longitude>12.399201</longitude>
            <polar_motion>
              <speed units="km/h">0.0</speed>
            </polar_motion>
          </moving-point>
          <major_axis units="km">13.25</major_axis>
          <minor_axis units="km">13.25</minor_axis>
          <orientation units="degrees true">0</orientation>
        </ellipse>
      </area>
    </location>
    <nowcast-parameters>
      <mesocyclone_shear_mean units="m/s/km">3.037940</mesocyclone_shear_mean>
      <mesocyclone_shear_max units="m/s/km">13.841778</mesocyclone_shear_max>
      <mesocyclone_momentum_mean units="m/s/km">108.376908</mesocyclone_momentum_mean>
      <mesocyclone_momentum_max units="m/s/km">716.760196</mesocyclone_momentum_max>
      <mesocyclone_diameter units="km">13.250000</mesocyclone_diameter>
      <mesocyclone_diameter_equivalent units="km">7.759216</mesocyclone_diameter_equivalent>
      <mesocyclone_top units="km">5.595169</mesocyclone_top>
      <mesocyclone_base units="km">2.470560</mesocyclone_base>
      <mesocyclone_echotop units="km">6.683132</mesocyclone_echotop>
      <mesocyclone_vil units="kg/m*m">18.031889</mesocyclone_vil>
      <mesocyclone_shear_vectors>32</mesocyclone_shear_vectors>
      <mesocyclone_shear_features>4</mesocyclone_shear_features>
      <elevations>
        <elevation site="eis" units="&#176;">1.5,2.5</elevation>
        <elevation site="isn" units="&#176;">2.5,3.5</elevation>
      </elevations>
      <mean_dbz units="DBZ">42.50</mean_dbz>
      <max_dbz units="DBZ">60.21</max_dbz>
      <mesocyclone_velocity_max units="m/s">30.118958</mesocyclone_velocity_max>
      <mesocyclone_velocity_rotational_max units="m/s">27.094462</mesocyclone_velocity_rotational_max>
      <mesocyclone_velocity_rotational_mean units="m/s">8.203962</mesocyclone_velocity_rotational_mean>
      <mesocyclone_velocity_rotational_max_closest_to_ground units="m/s">27.094462</mesocyclone_velocity_rotational_max_closest_to_ground>
      <meso_intensity>3</meso_intensity>
    </nowcast-parameters>
  </event>
  <event ID="56">
    <time time-coordinate="UTC">2021-07-08T13:25:00</time>
    <location>
      <area>
        <ellipse>
          <moving-point>
            <latitude>48.450652</latitude>
            <longitude>12.282151</longitude>
            <polar_motion>
              <speed units="km/h">0.0</speed>
            </polar_motion>
          </moving-point>
          <major_axis units="km">11.00</major_axis>
          <minor_axis units="km">11.00</minor_axis>
          <orientation units="degrees true">0</orientation>
        </ellipse>
      </area>
    </location>
    <nowcast-parameters>
      <mesocyclone_shear_mean units="m/s/km">3.917349</mesocyclone_shear_mean>
      <mesocyclone_shear_max units="m/s/km">8.432884</mesocyclone_shear_max>
      <mesocyclone_momentum_mean units="m/s/km">90.142509</mesocyclone_momentum_mean>
      <mesocyclone_momentum_max units="m/s/km">409.310653</mesocyclone_momentum_max>
      <mesocyclone_diameter units="km">11.000000</mesocyclone_diameter>
      <mesocyclone_diameter_equivalent units="km">6.388704</mesocyclone_diameter_equivalent>
      <mesocyclone_top units="km">5.522978</mesocyclone_top>
      <mesocyclone_base units="km">2.787580</mesocyclone_base>
      <mesocyclone_echotop units="km">6.699610</mesocyclone_echotop>
      <mesocyclone_vil units="kg/m*m">7.990974</mesocyclone_vil>
      <mesocyclone_shear_vectors>24</mesocyclone_shear_vectors>
      <mesocyclone_shear_features>4</mesocyclone_shear_features>
      <elevations>
        <elevation site="eis" units="&#176;">1.5</elevation>
        <elevation site="isn" units="&#176;">4.5,5.5,8.0</elevation>
      </elevations>
      <mean_dbz units="DBZ">37.82</mean_dbz>
      <max_dbz units="DBZ">51.82</max_dbz>
      <mesocyclone_velocity_max units="m/s">30.623039</mesocyclone_velocity_max>
      <mesocyclone_velocity_rotational_max units="m/s">27.346504</mesocyclone_velocity_rotational_max>
      <mesocyclone_velocity_rotational_mean units="m/s">8.801552</mesocyclone_velocity_rotational_mean>
      <mesocyclone_velocity_rotational_max_closest_to_ground units="m/s">8.844976</mesocyclone_velocity_rotational_max_closest_to_ground>
      <meso_intensity>2</meso_intensity>
    </nowcast-parameters>
  </event>
  <event ID="88">
    <time time-coordinate="UTC">2021-07-08T13:25:00</time>
    <location>
      <area>
        <ellipse>
          <moving-point>
            <latitude>47.944022</latitude>
            <longitude>12.381797</longitude>
            <polar_motion>
              <speed units="km/h">0.0</speed>
            </polar_motion>
          </moving-point>
          <major_axis units="km">19.75</major_axis>
          <minor_axis units="km">19.75</minor_axis>
          <orientation units="degrees true">0</orientation>
        </ellipse>
      </area>
    </location>
    <nowcast-parameters>
      <mesocyclone_shear_mean units="m/s/km">3.992181</mesocyclone_shear_mean>
      <mesocyclone_shear_max units="m/s/km">8.849479</mesocyclone_shear_max>
      <mesocyclone_momentum_mean units="m/s/km">100.947826</mesocyclone_momentum_mean>
      <mesocyclone_momentum_max units="m/s/km">525.642556</mesocyclone_momentum_max>
      <mesocyclone_diameter units="km">19.750000</mesocyclone_diameter>
      <mesocyclone_diameter_equivalent units="km">10.686519</mesocyclone_diameter_equivalent>
      <mesocyclone_top units="km">6.818898</mesocyclone_top>
      <mesocyclone_base units="km">1.581733</mesocyclone_base>
      <mesocyclone_echotop units="km">9.657342</mesocyclone_echotop>
      <mesocyclone_vil units="kg/m*m">24.253345</mesocyclone_vil>
      <mesocyclone_shear_vectors>64</mesocyclone_shear_vectors>
      <mesocyclone_shear_features>5</mesocyclone_shear_features>
      <elevations>
        <elevation site="isn" units="&#176;">3.5,4.5,12.0</elevation>
        <elevation site="mem" units="&#176;">0.5,1.5</elevation>
      </elevations>
      <mean_dbz units="DBZ">40.38</mean_dbz>
      <max_dbz units="DBZ">63.21</max_dbz>
      <mesocyclone_velocity_max units="m/s">27.395077</mesocyclone_velocity_max>
      <mesocyclone_velocity_rotational_max units="m/s">23.733982</mesocyclone_velocity_rotational_max>
      <mesocyclone_velocity_rotational_mean units="m/s">8.840284</mesocyclone_velocity_rotational_mean>
      <mesocyclone_velocity_rotational_max_closest_to_ground units="m/s">23.733982</mesocyclone_velocity_rotational_max_closest_to_ground>
      <meso_intensity>3</meso_intensity>
    </nowcast-parameters>
  </event>
  <event ID="75">
    <time time-coordinate="UTC">2021-07-08T13:25:00</time>
    <location>
      <area>
        <ellipse>
          <moving-point>
            <latitude>47.760556</latitude>
            <longitude>11.536709</longitude>
            <polar_motion>
              <speed units="km/h">0.0</speed>
            </polar_motion>
          </moving-point>
          <major_axis units="km">11.75</major_axis>
          <minor_axis units="km">11.75</minor_axis>
          <orientation units="degrees true">0</orientation>
        </ellipse>
      </area>
    </location>
    <nowcast-parameters>
      <mesocyclone_shear_mean units="m/s/km">3.367720</mesocyclone_shear_mean>
      <mesocyclone_shear_max units="m/s/km">15.729342</mesocyclone_shear_max>
      <mesocyclone_momentum_mean units="m/s/km">91.881910</mesocyclone_momentum_mean>
      <mesocyclone_momentum_max units="m/s/km">232.589747</mesocyclone_momentum_max>
      <mesocyclone_diameter units="km">11.750000</mesocyclone_diameter>
      <mesocyclone_diameter_equivalent units="km">6.872547</mesocyclone_diameter_equivalent>
      <mesocyclone_top units="km">6.720313</mesocyclone_top>
      <mesocyclone_base units="km">1.830119</mesocyclone_base>
      <mesocyclone_echotop units="km">8.597489</mesocyclone_echotop>
      <mesocyclone_vil units="kg/m*m">16.542194</mesocyclone_vil>
      <mesocyclone_shear_vectors>32</mesocyclone_shear_vectors>
      <mesocyclone_shear_features>6</mesocyclone_shear_features>
      <elevations>
        <elevation site="tur" units="&#176;">1.5</elevation>
        <elevation site="isn" units="&#176;">2.5,3.5,5.5</elevation>
        <elevation site="mem" units="&#176;">1.5,2.5</elevation>
      </elevations>
      <mean_dbz units="DBZ">41.68</mean_dbz>
      <max_dbz units="DBZ">61.67</max_dbz>
      <mesocyclone_velocity_max units="m/s">29.188421</mesocyclone_velocity_max>
      <mesocyclone_velocity_rotational_max units="m/s">15.023107</mesocyclone_velocity_rotational_max>
      <mesocyclone_velocity_rotational_mean units="m/s">7.965171</mesocyclone_velocity_rotational_mean>
      <mesocyclone_velocity_rotational_max_closest_to_ground units="m/s">11.624826</mesocyclone_velocity_rotational_max_closest_to_ground>
      <meso_intensity>3</meso_intensity>
    </nowcast-parameters>
  </event>
  <event ID="90">
    <time time-coordinate="UTC">2021-07-08T13:25:00</time>
    <location>
      <area>
        <ellipse>
          <moving-point>
            <latitude>47.395417</latitude>
            <longitude>11.547946</longitude>
            <polar_motion>
              <speed units="km/h">0.0</speed>
            </polar_motion>
          </moving-point>
          <major_axis units="km">10.25</major_axis>
          <minor_axis units="km">10.25</minor_axis>
          <orientation units="degrees true">0</orientation>
        </ellipse>
      </area>
    </location>
    <nowcast-parameters>
      <mesocyclone_shear_mean units="m/s/km">4.749214</mesocyclone_shear_mean>
      <mesocyclone_shear_max units="m/s/km">12.129528</mesocyclone_shear_max>
      <mesocyclone_momentum_mean units="m/s/km">130.037575</mesocyclone_momentum_mean>
      <mesocyclone_momentum_max units="m/s/km">344.161068</mesocyclone_momentum_max>
      <mesocyclone_diameter units="km">10.250000</mesocyclone_diameter>
      <mesocyclone_diameter_equivalent units="km">4.922543</mesocyclone_diameter_equivalent>
      <mesocyclone_top units="km">6.160189</mesocyclone_top>
      <mesocyclone_base units="km">2.392206</mesocyclone_base>
      <mesocyclone_echotop units="km">7.461592</mesocyclone_echotop>
      <mesocyclone_vil units="kg/m*m">23.411614</mesocyclone_vil>
      <mesocyclone_shear_vectors>13</mesocyclone_shear_vectors>
      <mesocyclone_shear_features>2</mesocyclone_shear_features>
      <elevations>
        <elevation site="isn" units="&#176;">2.5,3.5</elevation>
      </elevations>
      <mean_dbz units="DBZ">43.02</mean_dbz>
      <max_dbz units="DBZ">55.69</max_dbz>
      <mesocyclone_velocity_max units="m/s">31.715559</mesocyclone_velocity_max>
      <mesocyclone_velocity_rotational_max units="m/s">17.942668</mesocyclone_velocity_rotational_max>
      <mesocyclone_velocity_rotational_mean units="m/s">10.692192</mesocyclone_velocity_rotational_mean>
      <mesocyclone_velocity_rotational_max_closest_to_ground units="m/s">15.162816</mesocyclone_velocity_rotational_max_closest_to_ground>
      <meso_intensity>2</meso_intensity>
    </nowcast-parameters>
  </event>
  <event ID="99">
    <time time-coordinate="UTC">2021-07-08T13:25:00</time>
    <location>
      <area>
        <ellipse>
          <moving-point>
            <latitude>46.371884</latitude>
            <longitude>7.944164</longitude>
            <polar_motion>
              <speed units="km/h">0.0</speed>
            </polar_motion>
          </moving-point>
          <major_axis units="km">10.28</major_axis>
          <minor_axis units="km">10.28</minor_axis>
          <orientation units="degrees true">0</orientation>
        </ellipse>
      </area>
    </location>
    <nowcast-parameters>
      <mesocyclone_shear_mean units="m/s/km">3.206082</mesocyclone_shear_mean>
      <mesocyclone_shear_max units="m/s/km">5.807903</mesocyclone_shear_max>
      <mesocyclone_momentum_mean units="m/s/km">133.430163</mesocyclone_momentum_mean>
      <mesocyclone_momentum_max units="m/s/km">794.795586</mesocyclone_momentum_max>
      <mesocyclone_diameter units="km">10.275077</mesocyclone_diameter>
      <mesocyclone_diameter_equivalent units="km">5.918356</mesocyclone_diameter_equivalent>
      <mesocyclone_top units="km">8.065285</mesocyclone_top>
      <mesocyclone_base units="km">0.793060</mesocyclone_base>
      <mesocyclone_echotop units="km">9.621348</mesocyclone_echotop>
      <mesocyclone_vil units="kg/m*m">4.989578</mesocyclone_vil>
      <mesocyclone_shear_vectors>18</mesocyclone_shear_vectors>
      <mesocyclone_shear_features>2</mesocyclone_shear_features>
      <elevations>
        <elevation site="fbg" units="&#176;">0.5,1.5</elevation>
      </elevations>
      <mean_dbz units="DBZ">34.39</mean_dbz>
      <max_dbz units="DBZ">43.92</max_dbz>
      <mesocyclone_velocity_max units="m/s">30.461016</mesocyclone_velocity_max>
      <mesocyclone_velocity_rotational_max units="m/s">33.970927</mesocyclone_velocity_rotational_max>
      <mesocyclone_velocity_rotational_mean units="m/s">8.806117</mesocyclone_velocity_rotational_mean>
      <mesocyclone_velocity_rotational_max_closest_to_ground units="m/s">10.655087</mesocyclone_velocity_rotational_max_closest_to_ground>
      <meso_intensity>4</meso_intensity>
    </nowcast-parameters>
  </event>
</nowcast-data>
