<?xml version="1.0" encoding="UTF-8"?>
<nowcast-data>
  <radar-stations>ASB,BOO,ROS,HNR,UMD,PRO,ESS,FLD,DRS,NEU,NHB,OFT,EIS,TUR,ISN,FBG,MEM</radar-stations>
  <event ID="13">
    <time time-coordinate="UTC">2021-07-08T09:05:00</time>
    <location>
      <area>
        <ellipse>
          <moving-point>
            <latitude>50.453503</latitude>
            <longitude>7.096428</longitude>
            <polar_motion>
              <speed units="km/h">0.0</speed>
            </polar_motion>
          </moving-point>
          <major_axis units="km">5.81</major_axis>
          <minor_axis units="km">5.81</minor_axis>
          <orientation units="degrees true">0</orientation>
        </ellipse>
      </area>
    </location>
    <nowcast-parameters>
      <mesocyclone_shear_mean units="m/s/km">7.365390</mesocyclone_shear_mean>
      <mesocyclone_shear_max units="m/s/km">11.021423</mesocyclone_shear_max>
      <mesocyclone_momentum_mean units="m/s/km">79.447476</mesocyclone_momentum_mean>
      <mesocyclone_momentum_max units="m/s/km">183.537153</mesocyclone_momentum_max>
      <mesocyclone_diameter units="km">5.814169</mesocyclone_diameter>
      <mesocyclone_diameter_equivalent units="km">3.349166</mesocyclone_diameter_equivalent>
      <mesocyclone_top units="km">7.180174</mesocyclone_top>
      <mesocyclone_base units="km">0.608139</mesocyclone_base>
      <mesocyclone_echotop units="km">8.051289</mesocyclone_echotop>
      <mesocyclone_vil units="kg/m*m">28.531529</mesocyclone_vil>
      <mesocyclone_shear_vectors>7</mesocyclone_shear_vectors>
      <mesocyclone_shear_features>2</mesocyclone_shear_features>
      <elevations>
        <elevation site="oft" units="&#176;">0.5,2.5</elevation>
      </elevations>
      <mean_dbz units="DBZ">44.22</mean_dbz>
      <max_dbz units="DBZ">59.56</max_dbz>
      <mesocyclone_velocity_max units="m/s">22.557713</mesocyclone_velocity_max>
      <mesocyclone_velocity_rotational_max units="m/s">11.845950</mesocyclone_velocity_rotational_max>
      <mesocyclone_velocity_rotational_mean units="m/s">10.808702</mesocyclone_velocity_rotational_mean>
      <mesocyclone_velocity_rotational_max_closest_to_ground units="m/s">11.341866</mesocyclone_velocity_rotational_max_closest_to_ground>
      <meso_intensity>2</meso_intensity>
    </nowcast-parameters>
  </event>
  <event ID="32">
    <time time-coordinate="UTC">2021-07-08T09:05:00</time>
    <location>
      <area>
        <ellipse>
          <moving-point>
            <latitude>47.216326</latitude>
            <longitude>9.437007</longitude>
            <polar_motion>
              <speed units="km/h">0.0</speed>
            </polar_motion>
          </moving-point>
          <major_axis units="km">8.65</major_axis>
          <minor_axis units="km">8.65</minor_axis>
          <orientation units="degrees true">0</orientation>
        </ellipse>
      </area>
    </location>
    <nowcast-parameters>
      <mesocyclone_shear_mean units="m/s/km">4.426309</mesocyclone_shear_mean>
      <mesocyclone_shear_max units="m/s/km">7.484892</mesocyclone_shear_max>
      <mesocyclone_momentum_mean units="m/s/km">90.854346</mesocyclone_momentum_mean>
      <mesocyclone_momentum_max units="m/s/km">379.338421</mesocyclone_momentum_max>
      <mesocyclone_diameter units="km">8.649825</mesocyclone_diameter>
      <mesocyclone_diameter_equivalent units="km">5.117359</mesocyclone_diameter_equivalent>
      <mesocyclone_top units="km">7.315604</mesocyclone_top>
      <mesocyclone_base units="km">4.531733</mesocyclone_base>
      <mesocyclone_echotop units="km">8.733082</mesocyclone_echotop>
      <mesocyclone_vil units="kg/m*m">5.693845</mesocyclone_vil>
      <mesocyclone_shear_vectors>17</mesocyclone_shear_vectors>
      <mesocyclone_shear_features>2</mesocyclone_shear_features>
      <elevations>
        <elevation site="tur" units="&#176;">1.5</elevation>
        <elevation site="mem" units="&#176;">2.5</elevation>
      </elevations>
      <mean_dbz units="DBZ">31.89</mean_dbz>
      <max_dbz units="DBZ">51.33</max_dbz>
      <mesocyclone_velocity_max units="m/s">32.110985</mesocyclone_velocity_max>
      <mesocyclone_velocity_rotational_max units="m/s">14.518127</mesocyclone_velocity_rotational_max>
      <mesocyclone_velocity_rotational_mean units="m/s">8.712081</mesocyclone_velocity_rotational_mean>
      <mesocyclone_velocity_rotational_max_closest_to_ground units="m/s">10.407516</mesocyclone_velocity_rotational_max_closest_to_ground>
      <meso_intensity>2</meso_intensity>
    </nowcast-parameters>
  </event>
  <event ID="46">
    <time time-coordinate="UTC">2021-07-08T09:05:00</time>
    <location>
      <area>
        <ellipse>
          <moving-point>
            <latitude>46.582004</latitude>
            <longitude>9.237449</longitude>
            <polar_motion>
              <speed units="km/h">0.0</speed>
            </polar_motion>
          </moving-point>
          <major_axis units="km">10.68</major_axis>
          <minor_axis units="km">10.68</minor_axis>
          <orientation units="degrees true">0</orientation>
        </ellipse>
      </area>
    </location>
    <nowcast-parameters>
      <mesocyclone_shear_mean units="m/s/km">4.179456</mesocyclone_shear_mean>
      <mesocyclone_shear_max units="m/s/km">9.807234</mesocyclone_shear_max>
      <mesocyclone_momentum_mean units="m/s/km">106.328417</mesocyclone_momentum_mean>
      <mesocyclone_momentum_max units="m/s/km">625.085395</mesocyclone_momentum_max>
      <mesocyclone_diameter units="km">10.680885</mesocyclone_diameter>
      <mesocyclone_diameter_equivalent units="km">5.248996</mesocyclone_diameter_equivalent>
      <mesocyclone_top units="km">7.126950</mesocyclone_top>
      <mesocyclone_base units="km">0.465625</mesocyclone_base>
      <mesocyclone_echotop units="km">8.819308</mesocyclone_echotop>
      <mesocyclone_vil units="kg/m*m">10.234343</mesocyclone_vil>
      <mesocyclone_shear_vectors>18</mesocyclone_shear_vectors>
      <mesocyclone_shear_features>3</mesocyclone_shear_features>
      <elevations>
        <elevation site="fbg" units="&#176;">0.5,1.5</elevation>
        <elevation site="mem" units="&#176;">0.5</elevation>
      </elevations>
      <mean_dbz units="DBZ">42.33</mean_dbz>
      <max_dbz units="DBZ">53.66</max_dbz>
      <mesocyclone_velocity_max units="m/s">31.213142</mesocyclone_velocity_max>
      <mesocyclone_velocity_rotational_max units="m/s">20.934113</mesocyclone_velocity_rotational_max>
      <mesocyclone_velocity_rotational_mean units="m/s">9.033531</mesocyclone_velocity_rotational_mean>
      <mesocyclone_velocity_rotational_max_closest_to_ground units="m/s">17.421753</mesocyclone_velocity_rotational_max_closest_to_ground>
      <meso_intensity>4</meso_intensity>
    </nowcast-parameters>
  </event>
</nowcast-data>
