<?xml version="1.0" encoding="UTF-8"?>
<nowcast-data>
  <radar-stations>ASB,BOO,ROS,HNR,UMD,PRO,ESS,FLD,DRS,NEU,NHB,OFT,EIS,TUR,ISN,FBG,MEM</radar-stations>
  <event ID="27">
    <time time-coordinate="UTC">2021-07-08T12:35:00</time>
    <location>
      <area>
        <ellipse>
          <moving-point>
            <latitude>47.803561</latitude>
            <longitude>11.552678</longitude>
            <polar_motion>
              <speed units="km/h">0.0</speed>
            </polar_motion>
          </moving-point>
          <major_axis units="km">18.50</major_axis>
          <minor_axis units="km">18.50</minor_axis>
          <orientation units="degrees true">0</orientation>
        </ellipse>
      </area>
    </location>
    <nowcast-parameters>
      <mesocyclone_shear_mean units="m/s/km">3.611896</mesocyclone_shear_mean>
      <mesocyclone_shear_max units="m/s/km">15.412646</mesocyclone_shear_max>
      <mesocyclone_momentum_mean units="m/s/km">134.160834</mesocyclone_momentum_mean>
      <mesocyclone_momentum_max units="m/s/km">519.080921</mesocyclone_momentum_max>
      <mesocyclone_diameter units="km">18.500000</mesocyclone_diameter>
      <mesocyclone_diameter_equivalent units="km">7.784865</mesocyclone_diameter_equivalent>
      <mesocyclone_top units="km">7.987821</mesocyclone_top>
      <mesocyclone_base units="km">1.548835</mesocyclone_base>
      <mesocyclone_echotop units="km">7.261980</mesocyclone_echotop>
      <mesocyclone_vil units="kg/m*m">25.528086</mesocyclone_vil>
      <mesocyclone_shear_vectors>29</mesocyclone_shear_vectors>
      <mesocyclone_shear_features>5</mesocyclone_shear_features>
      <elevations>
        <elevation site="tur" units="&#176;">0.5</elevation>
        <elevation site="isn" units="&#176;">3.5,4.5,5.5,8.0</elevation>
      </elevations>
      <mean_dbz units="DBZ">44.55</mean_dbz>
      <max_dbz units="DBZ">61.26</max_dbz>
      <mesocyclone_velocity_max units="m/s">31.603304</mesocyclone_velocity_max>
      <mesocyclone_velocity_rotational_max units="m/s">24.241890</mesocyclone_velocity_rotational_max>
      <mesocyclone_velocity_rotational_mean units="m/s">9.597499</mesocyclone_velocity_rotational_mean>
      <mesocyclone_velocity_rotational_max_closest_to_ground units="m/s">24.241890</mesocyclone_velocity_rotational_max_closest_to_ground>
      <meso_intensity>4</meso_intensity>
    </nowcast-parameters>
  </event>
  <event ID="31">
    <time time-coordinate="UTC">2021-07-08T12:35:00</time>
    <location>
      <area>
        <ellipse>
          <moving-point>
            <latitude>47.577937</latitude>
            <longitude>11.733117</longitude>
            <polar_motion>
              <speed units="km/h">0.0</speed>
            </polar_motion>
          </moving-point>
          <major_axis units="km">10.25</major_axis>
          <minor_axis units="km">10.25</minor_axis>
          <orientation units="degrees true">0</orientation>
        </ellipse>
      </area>
    </location>
    <nowcast-parameters>
      <mesocyclone_shear_mean units="m/s/km">3.851406</mesocyclone_shear_mean>
      <mesocyclone_shear_max units="m/s/km">21.436735</mesocyclone_shear_max>
      <mesocyclone_momentum_mean units="m/s/km">104.222829</mesocyclone_momentum_mean>
      <mesocyclone_momentum_max units="m/s/km">249.213080</mesocyclone_momentum_max>
      <mesocyclone_diameter units="km">10.250000</mesocyclone_diameter>
      <mesocyclone_diameter_equivalent units="km">6.894224</mesocyclone_diameter_equivalent>
      <mesocyclone_top units="km">6.697939</mesocyclone_top>
      <mesocyclone_base units="km">0.363463</mesocyclone_base>
      <mesocyclone_echotop units="km">7.635854</mesocyclone_echotop>
      <mesocyclone_vil units="kg/m*m">7.374227</mesocyclone_vil>
      <mesocyclone_shear_vectors>18</mesocyclone_shear_vectors>
      <mesocyclone_shear_features>6</mesocyclone_shear_features>
      <elevations>
        <elevation site="tur" units="&#176;">0.5</elevation>
        <elevation site="isn" units="&#176;">2.5,3.5,4.5,5.5</elevation>
        <elevation site="mem" units="&#176;">0.5</elevation>
      </elevations>
      <mean_dbz units="DBZ">35.59</mean_dbz>
      <max_dbz units="DBZ">57.44</max_dbz>
      <mesocyclone_velocity_max units="m/s">31.715561</mesocyclone_velocity_max>
      <mesocyclone_velocity_rotational_max units="m/s">27.672141</mesocyclone_velocity_rotational_max>
      <mesocyclone_velocity_rotational_mean units="m/s">8.724499</mesocyclone_velocity_rotational_mean>
      <mesocyclone_velocity_rotational_max_closest_to_ground units="m/s">15.780574</mesocyclone_velocity_rotational_max_closest_to_ground>
      <meso_intensity>4</meso_intensity>
    </nowcast-parameters>
  </event>
  <event ID="37">
    <time time-coordinate="UTC">2021-07-08T12:35:00</time>
    <location>
      <area>
        <ellipse>
          <moving-point>
            <latitude>47.504472</latitude>
            <longitude>11.747718</longitude>
            <polar_motion>
              <speed units="km/h">0.0</speed>
            </polar_motion>
          </moving-point>
          <major_axis units="km">8.25</major_axis>
          <minor_axis units="km">8.25</minor_axis>
          <orientation units="degrees true">0</orientation>
        </ellipse>
      </area>
    </location>
    <nowcast-parameters>
      <mesocyclone_shear_mean units="m/s/km">4.712028</mesocyclone_shear_mean>
      <mesocyclone_shear_max units="m/s/km">16.754036</mesocyclone_shear_max>
      <mesocyclone_momentum_mean units="m/s/km">126.842706</mesocyclone_momentum_mean>
      <mesocyclone_momentum_max units="m/s/km">261.055733</mesocyclone_momentum_max>
      <mesocyclone_diameter units="km">8.250000</mesocyclone_diameter>
      <mesocyclone_diameter_equivalent units="km">6.547902</mesocyclone_diameter_equivalent>
      <mesocyclone_top units="km">5.287874</mesocyclone_top>
      <mesocyclone_base units="km">1.570209</mesocyclone_base>
      <mesocyclone_echotop units="km">6.831266</mesocyclone_echotop>
      <mesocyclone_vil units="kg/m*m">12.425648</mesocyclone_vil>
      <mesocyclone_shear_vectors>20</mesocyclone_shear_vectors>
      <mesocyclone_shear_features>3</mesocyclone_shear_features>
      <elevations>
        <elevation site="isn" units="&#176;">1.5,2.5,3.5</elevation>
      </elevations>
      <mean_dbz units="DBZ">36.08</mean_dbz>
      <max_dbz units="DBZ">54.49</max_dbz>
      <mesocyclone_velocity_max units="m/s">31.715561</mesocyclone_velocity_max>
      <mesocyclone_velocity_rotational_max units="m/s">14.910103</mesocyclone_velocity_rotational_max>
      <mesocyclone_velocity_rotational_mean units="m/s">10.248941</mesocyclone_velocity_rotational_mean>
      <mesocyclone_velocity_rotational_max_closest_to_ground units="m/s">11.877541</mesocyclone_velocity_rotational_max_closest_to_ground>
      <meso_intensity>3</meso_intensity>
    </nowcast-parameters>
  </event>
  <event ID="54">
    <time time-coordinate="UTC">2021-07-08T12:35:00</time>
    <location>
      <area>
        <ellipse>
          <moving-point>
            <latitude>47.405450</latitude>
            <longitude>10.896951</longitude>
            <polar_motion>
              <speed units="km/h">0.0</speed>
            </polar_motion>
          </moving-point>
          <major_axis units="km">9.18</major_axis>
          <minor_axis units="km">9.18</minor_axis>
          <orientation units="degrees true">0</orientation>
        </ellipse>
      </area>
    </location>
    <nowcast-parameters>
      <mesocyclone_shear_mean units="m/s/km">5.500584</mesocyclone_shear_mean>
      <mesocyclone_shear_max units="m/s/km">17.132517</mesocyclone_shear_max>
      <mesocyclone_momentum_mean units="m/s/km">126.957020</mesocyclone_momentum_mean>
      <mesocyclone_momentum_max units="m/s/km">455.717261</mesocyclone_momentum_max>
      <mesocyclone_diameter units="km">9.178241</mesocyclone_diameter>
      <mesocyclone_diameter_equivalent units="km">5.211480</mesocyclone_diameter_equivalent>
      <mesocyclone_top units="km">6.715914</mesocyclone_top>
      <mesocyclone_base units="km">3.323451</mesocyclone_base>
      <mesocyclone_echotop units="km">8.272437</mesocyclone_echotop>
      <mesocyclone_vil units="kg/m*m">8.162512</mesocyclone_vil>
      <mesocyclone_shear_vectors>14</mesocyclone_shear_vectors>
      <mesocyclone_shear_features>3</mesocyclone_shear_features>
      <elevations>
        <elevation site="isn" units="&#176;">2.5</elevation>
        <elevation site="mem" units="&#176;">2.5,3.5</elevation>
      </elevations>
      <mean_dbz units="DBZ">38.42</mean_dbz>
      <max_dbz units="DBZ">49.77</max_dbz>
      <mesocyclone_velocity_max units="m/s">31.687393</mesocyclone_velocity_max>
      <mesocyclone_velocity_rotational_max units="m/s">22.471537</mesocyclone_velocity_rotational_max>
      <mesocyclone_velocity_rotational_mean units="m/s">11.171211</mesocyclone_velocity_rotational_mean>
      <mesocyclone_velocity_rotational_max_closest_to_ground units="m/s">22.471537</mesocyclone_velocity_rotational_max_closest_to_ground>
      <meso_intensity>3</meso_intensity>
    </nowcast-parameters>
  </event>
  <event ID="46">
    <time time-coordinate="UTC">2021-07-08T12:35:00</time>
    <location>
      <area>
        <ellipse>
          <moving-point>
            <latitude>47.319851</latitude>
            <longitude>10.314815</longitude>
            <polar_motion>
              <speed units="km/h">0.0</speed>
            </polar_motion>
          </moving-point>
          <major_axis units="km">9.75</major_axis>
          <minor_axis units="km">9.75</minor_axis>
          <orientation units="degrees true">0</orientation>
        </ellipse>
      </area>
    </location>
    <nowcast-parameters>
      <mesocyclone_shear_mean units="m/s/km">3.857929</mesocyclone_shear_mean>
      <mesocyclone_shear_max units="m/s/km">8.203264</mesocyclone_shear_max>
      <mesocyclone_momentum_mean units="m/s/km">100.656153</mesocyclone_momentum_mean>
      <mesocyclone_momentum_max units="m/s/km">298.684874</mesocyclone_momentum_max>
      <mesocyclone_diameter units="km">9.750000</mesocyclone_diameter>
      <mesocyclone_diameter_equivalent units="km">6.551979</mesocyclone_diameter_equivalent>
      <mesocyclone_top units="km">5.789681</mesocyclone_top>
      <mesocyclone_base units="km">2.143097</mesocyclone_base>
      <mesocyclone_echotop units="km">7.178579</mesocyclone_echotop>
      <mesocyclone_vil units="kg/m*m">5.852665</mesocyclone_vil>
      <mesocyclone_shear_vectors>20</mesocyclone_shear_vectors>
      <mesocyclone_shear_features>2</mesocyclone_shear_features>
      <elevations>
        <elevation site="isn" units="&#176;">1.5</elevation>
        <elevation site="mem" units="&#176;">2.5</elevation>
      </elevations>
      <mean_dbz units="DBZ">32.82</mean_dbz>
      <max_dbz units="DBZ">48.48</max_dbz>
      <mesocyclone_velocity_max units="m/s">30.929926</mesocyclone_velocity_max>
      <mesocyclone_velocity_rotational_max units="m/s">16.285552</mesocyclone_velocity_rotational_max>
      <mesocyclone_velocity_rotational_mean units="m/s">8.540029</mesocyclone_velocity_rotational_mean>
      <mesocyclone_velocity_rotational_max_closest_to_ground units="m/s">16.285552</mesocyclone_velocity_rotational_max_closest_to_ground>
      <meso_intensity>3</meso_intensity>
    </nowcast-parameters>
  </event>
  <event ID="29">
    <time time-coordinate="UTC">2021-07-08T12:35:00</time>
    <location>
      <area>
        <ellipse>
          <moving-point>
            <latitude>47.314127</latitude>
            <longitude>11.028713</longitude>
            <polar_motion>
              <speed units="km/h">0.0</speed>
            </polar_motion>
          </moving-point>
          <major_axis units="km">12.75</major_axis>
          <minor_axis units="km">12.75</minor_axis>
          <orientation units="degrees true">0</orientation>
        </ellipse>
      </area>
    </location>
    <nowcast-parameters>
      <mesocyclone_shear_mean units="m/s/km">4.484986</mesocyclone_shear_mean>
      <mesocyclone_shear_max units="m/s/km">17.923418</mesocyclone_shear_max>
      <mesocyclone_momentum_mean units="m/s/km">108.928288</mesocyclone_momentum_mean>
      <mesocyclone_momentum_max units="m/s/km">316.736921</mesocyclone_momentum_max>
      <mesocyclone_diameter units="km">12.750000</mesocyclone_diameter>
      <mesocyclone_diameter_equivalent units="km">7.302502</mesocyclone_diameter_equivalent>
      <mesocyclone_top units="km">6.952412</mesocyclone_top>
      <mesocyclone_base units="km">1.654402</mesocyclone_base>
      <mesocyclone_echotop units="km">9.417065</mesocyclone_echotop>
      <mesocyclone_vil units="kg/m*m">77.041579</mesocyclone_vil>
      <mesocyclone_shear_vectors>31</mesocyclone_shear_vectors>
      <mesocyclone_shear_features>5</mesocyclone_shear_features>
      <elevations>
        <elevation site="tur" units="&#176;">0.5,1.5</elevation>
        <elevation site="mem" units="&#176;">1.5,2.5,3.5</elevation>
      </elevations>
      <mean_dbz units="DBZ">51.86</mean_dbz>
      <max_dbz units="DBZ">68.13</max_dbz>
      <mesocyclone_velocity_max units="m/s">30.929926</mesocyclone_velocity_max>
      <mesocyclone_velocity_rotational_max units="m/s">18.431710</mesocyclone_velocity_rotational_max>
      <mesocyclone_velocity_rotational_mean units="m/s">9.835692</mesocyclone_velocity_rotational_mean>
      <mesocyclone_velocity_rotational_max_closest_to_ground units="m/s">12.119480</mesocyclone_velocity_rotational_max_closest_to_ground>
      <meso_intensity>3</meso_intensity>
    </nowcast-parameters>
  </event>
</nowcast-data>
