<?xml version="1.0" encoding="UTF-8"?>
<nowcast-data>
  <radar-stations>ASB,BOO,ROS,HNR,UMD,PRO,ESS,FLD,DRS,NEU,NHB,OFT,EIS,TUR,ISN,FBG,MEM</radar-stations>
  <event ID="27">
    <time time-coordinate="UTC">2021-07-08T08:30:00</time>
    <location>
      <area>
        <ellipse>
          <moving-point>
            <latitude>47.447084</latitude>
            <longitude>9.831989</longitude>
            <polar_motion>
              <speed units="km/h">0.0</speed>
            </polar_motion>
          </moving-point>
          <major_axis units="km">4.99</major_axis>
          <minor_axis units="km">4.99</minor_axis>
          <orientation units="degrees true">0</orientation>
        </ellipse>
      </area>
    </location>
    <nowcast-parameters>
      <mesocyclone_shear_mean units="m/s/km">5.207993</mesocyclone_shear_mean>
      <mesocyclone_shear_max units="m/s/km">11.343130</mesocyclone_shear_max>
      <mesocyclone_momentum_mean units="m/s/km">59.518659</mesocyclone_momentum_mean>
      <mesocyclone_momentum_max units="m/s/km">171.482806</mesocyclone_momentum_max>
      <mesocyclone_diameter units="km">4.993684</mesocyclone_diameter>
      <mesocyclone_diameter_equivalent units="km">3.285620</mesocyclone_diameter_equivalent>
      <mesocyclone_top units="km">6.527907</mesocyclone_top>
      <mesocyclone_base units="km">3.180451</mesocyclone_base>
      <mesocyclone_echotop units="km">8.602026</mesocyclone_echotop>
      <mesocyclone_vil units="kg/m*m">4.779623</mesocyclone_vil>
      <mesocyclone_shear_vectors>9</mesocyclone_shear_vectors>
      <mesocyclone_shear_features>2</mesocyclone_shear_features>
      <elevations>
        <elevation site="tur" units="&#176;">1.5</elevation>
        <elevation site="mem" units="&#176;">4.5</elevation>
      </elevations>
      <mean_dbz units="DBZ">34.13</mean_dbz>
      <max_dbz units="DBZ">45.61</max_dbz>
      <mesocyclone_velocity_max units="m/s">31.939877</mesocyclone_velocity_max>
      <mesocyclone_velocity_rotational_max units="m/s">12.819012</mesocyclone_velocity_rotational_max>
      <mesocyclone_velocity_rotational_mean units="m/s">8.182090</mesocyclone_velocity_rotational_mean>
      <mesocyclone_velocity_rotational_max_closest_to_ground units="m/s">12.819012</mesocyclone_velocity_rotational_max_closest_to_ground>
      <meso_intensity>2</meso_intensity>
    </nowcast-parameters>
  </event>
</nowcast-data>
