<?xml version="1.0" encoding="UTF-8"?>
<nowcast-data>
  <radar-stations>ASB,BOO,ROS,HNR,UMD,PRO,ESS,FLD,DRS,NEU,NHB,OFT,EIS,TUR,ISN,FBG,MEM</radar-stations>
  <event ID="41">
    <time time-coordinate="UTC">2021-07-08T09:15:00</time>
    <location>
      <area>
        <ellipse>
          <moving-point>
            <latitude>48.266833</latitude>
            <longitude>8.447353</longitude>
            <polar_motion>
              <speed units="km/h">0.0</speed>
            </polar_motion>
          </moving-point>
          <major_axis units="km">6.50</major_axis>
          <minor_axis units="km">6.50</minor_axis>
          <orientation units="degrees true">0</orientation>
        </ellipse>
      </area>
    </location>
    <nowcast-parameters>
      <mesocyclone_shear_mean units="m/s/km">3.941917</mesocyclone_shear_mean>
      <mesocyclone_shear_max units="m/s/km">5.626171</mesocyclone_shear_max>
      <mesocyclone_momentum_mean units="m/s/km">102.523161</mesocyclone_momentum_mean>
      <mesocyclone_momentum_max units="m/s/km">222.719645</mesocyclone_momentum_max>
      <mesocyclone_diameter units="km">6.500000</mesocyclone_diameter>
      <mesocyclone_diameter_equivalent units="km">3.490906</mesocyclone_diameter_equivalent>
      <mesocyclone_top units="km">6.600769</mesocyclone_top>
      <mesocyclone_base units="km">4.840529</mesocyclone_base>
      <mesocyclone_echotop units="km">7.419244</mesocyclone_echotop>
      <mesocyclone_vil units="kg/m*m">11.782998</mesocyclone_vil>
      <mesocyclone_shear_vectors>8</mesocyclone_shear_vectors>
      <mesocyclone_shear_features>2</mesocyclone_shear_features>
      <elevations>
        <elevation site="fbg" units="&#176;">4.5,5.5</elevation>
      </elevations>
      <mean_dbz units="DBZ">39.96</mean_dbz>
      <max_dbz units="DBZ">56.48</max_dbz>
      <mesocyclone_velocity_max units="m/s">23.942612</mesocyclone_velocity_max>
      <mesocyclone_velocity_rotational_max units="m/s">16.922788</mesocyclone_velocity_rotational_max>
      <mesocyclone_velocity_rotational_mean units="m/s">9.443333</mesocyclone_velocity_rotational_mean>
      <mesocyclone_velocity_rotational_max_closest_to_ground units="m/s">8.900131</mesocyclone_velocity_rotational_max_closest_to_ground>
      <meso_intensity>1</meso_intensity>
    </nowcast-parameters>
  </event>
  <event ID="18">
    <time time-coordinate="UTC">2021-07-08T09:15:00</time>
    <location>
      <area>
        <ellipse>
          <moving-point>
            <latitude>47.387896</latitude>
            <longitude>10.235576</longitude>
            <polar_motion>
              <speed units="km/h">0.0</speed>
            </polar_motion>
          </moving-point>
          <major_axis units="km">15.09</major_axis>
          <minor_axis units="km">15.09</minor_axis>
          <orientation units="degrees true">0</orientation>
        </ellipse>
      </area>
    </location>
    <nowcast-parameters>
      <mesocyclone_shear_mean units="m/s/km">5.242694</mesocyclone_shear_mean>
      <mesocyclone_shear_max units="m/s/km">17.609282</mesocyclone_shear_max>
      <mesocyclone_momentum_mean units="m/s/km">188.361158</mesocyclone_momentum_mean>
      <mesocyclone_momentum_max units="m/s/km">855.038022</mesocyclone_momentum_max>
      <mesocyclone_diameter units="km">15.091496</mesocyclone_diameter>
      <mesocyclone_diameter_equivalent units="km">4.767191</mesocyclone_diameter_equivalent>
      <mesocyclone_top units="km">4.027281</mesocyclone_top>
      <mesocyclone_base units="km">1.058590</mesocyclone_base>
      <mesocyclone_echotop units="km">7.150476</mesocyclone_echotop>
      <mesocyclone_vil units="kg/m*m">4.381320</mesocyclone_vil>
      <mesocyclone_shear_vectors>9</mesocyclone_shear_vectors>
      <mesocyclone_shear_features>2</mesocyclone_shear_features>
      <elevations>
        <elevation site="isn" units="&#176;">0.5</elevation>
        <elevation site="mem" units="&#176;">1.5</elevation>
      </elevations>
      <mean_dbz units="DBZ">30.68</mean_dbz>
      <max_dbz units="DBZ">45.75</max_dbz>
      <mesocyclone_velocity_max units="m/s">31.715561</mesocyclone_velocity_max>
      <mesocyclone_velocity_rotational_max units="m/s">22.345292</mesocyclone_velocity_rotational_max>
      <mesocyclone_velocity_rotational_mean units="m/s">12.213650</mesocyclone_velocity_rotational_mean>
      <mesocyclone_velocity_rotational_max_closest_to_ground units="m/s">20.469801</mesocyclone_velocity_rotational_max_closest_to_ground>
      <meso_intensity>2</meso_intensity>
    </nowcast-parameters>
  </event>
  <event ID="39">
    <time time-coordinate="UTC">2021-07-08T09:15:00</time>
    <location>
      <area>
        <ellipse>
          <moving-point>
            <latitude>46.451285</latitude>
            <longitude>8.899300</longitude>
            <polar_motion>
              <speed units="km/h">0.0</speed>
            </polar_motion>
          </moving-point>
          <major_axis units="km">9.22</major_axis>
          <minor_axis units="km">9.22</minor_axis>
          <orientation units="degrees true">0</orientation>
        </ellipse>
      </area>
    </location>
    <nowcast-parameters>
      <mesocyclone_shear_mean units="m/s/km">4.042645</mesocyclone_shear_mean>
      <mesocyclone_shear_max units="m/s/km">8.748390</mesocyclone_shear_max>
      <mesocyclone_momentum_mean units="m/s/km">104.281156</mesocyclone_momentum_mean>
      <mesocyclone_momentum_max units="m/s/km">514.144737</mesocyclone_momentum_max>
      <mesocyclone_diameter units="km">9.217705</mesocyclone_diameter>
      <mesocyclone_diameter_equivalent units="km">5.045427</mesocyclone_diameter_equivalent>
      <mesocyclone_top units="km">7.634704</mesocyclone_top>
      <mesocyclone_base units="km">2.149256</mesocyclone_base>
      <mesocyclone_echotop units="km">9.425228</mesocyclone_echotop>
      <mesocyclone_vil units="kg/m*m">8.233426</mesocyclone_vil>
      <mesocyclone_shear_vectors>13</mesocyclone_shear_vectors>
      <mesocyclone_shear_features>2</mesocyclone_shear_features>
      <elevations>
        <elevation site="fbg" units="&#176;">0.5,1.5</elevation>
      </elevations>
      <mean_dbz units="DBZ">39.01</mean_dbz>
      <max_dbz units="DBZ">46.88</max_dbz>
      <mesocyclone_velocity_max units="m/s">27.953938</mesocyclone_velocity_max>
      <mesocyclone_velocity_rotational_max units="m/s">16.672079</mesocyclone_velocity_rotational_max>
      <mesocyclone_velocity_rotational_mean units="m/s">8.741790</mesocyclone_velocity_rotational_mean>
      <mesocyclone_velocity_rotational_max_closest_to_ground units="m/s">7.646592</mesocyclone_velocity_rotational_max_closest_to_ground>
      <meso_intensity>3</meso_intensity>
    </nowcast-parameters>
  </event>
</nowcast-data>
