<?xml version="1.0" encoding="UTF-8"?>
<nowcast-data>
  <radar-stations>ASB,BOO,ROS,HNR,UMD,PRO,ESS,FLD,DRS,NEU,NHB,OFT,EIS,TUR,ISN,FBG,MEM</radar-stations>
  <event ID="72">
    <time time-coordinate="UTC">2021-07-07T00:30:00</time>
    <location>
      <area>
        <ellipse>
          <moving-point>
            <latitude>49.174394</latitude>
            <longitude>13.412574</longitude>
            <polar_motion>
              <speed units="km/h">0.0</speed>
            </polar_motion>
          </moving-point>
          <major_axis units="km">6.01</major_axis>
          <minor_axis units="km">6.01</minor_axis>
          <orientation units="degrees true">0</orientation>
        </ellipse>
      </area>
    </location>
    <nowcast-parameters>
      <mesocyclone_shear_mean units="m/s/km">4.430331</mesocyclone_shear_mean>
      <mesocyclone_shear_max units="m/s/km">7.960100</mesocyclone_shear_max>
      <mesocyclone_momentum_mean units="m/s/km">59.889859</mesocyclone_momentum_mean>
      <mesocyclone_momentum_max units="m/s/km">164.547546</mesocyclone_momentum_max>
      <mesocyclone_diameter units="km">6.011705</mesocyclone_diameter>
      <mesocyclone_diameter_equivalent units="km">3.133346</mesocyclone_diameter_equivalent>
      <mesocyclone_top units="km">6.194695</mesocyclone_top>
      <mesocyclone_base units="km">1.066120</mesocyclone_base>
      <mesocyclone_echotop units="km">5.639107</mesocyclone_echotop>
      <mesocyclone_vil units="kg/m*m">10.057597</mesocyclone_vil>
      <mesocyclone_shear_vectors>8</mesocyclone_shear_vectors>
      <mesocyclone_shear_features>2</mesocyclone_shear_features>
      <elevations>
        <elevation site="eis" units="&#176;">3.5</elevation>
        <elevation site="isn" units="&#176;">0.5</elevation>
      </elevations>
      <mean_dbz units="DBZ">39.63</mean_dbz>
      <max_dbz units="DBZ">54.48</max_dbz>
      <mesocyclone_velocity_max units="m/s">15.794601</mesocyclone_velocity_max>
      <mesocyclone_velocity_rotational_max units="m/s">10.234901</mesocyclone_velocity_rotational_max>
      <mesocyclone_velocity_rotational_mean units="m/s">7.378968</mesocyclone_velocity_rotational_mean>
      <mesocyclone_velocity_rotational_max_closest_to_ground units="m/s">10.234901</mesocyclone_velocity_rotational_max_closest_to_ground>
      <meso_intensity>2</meso_intensity>
    </nowcast-parameters>
  </event>
</nowcast-data>
