<?xml version="1.0" encoding="UTF-8"?>
<nowcast-data>
  <radar-stations>ASB,BOO,ROS,HNR,UMD,PRO,ESS,FLD,DRS,NEU,NHB,OFT,EIS,TUR,ISN,FBG,MEM</radar-stations>
  <event ID="43">
    <time time-coordinate="UTC">2021-07-08T08:25:00</time>
    <location>
      <area>
        <ellipse>
          <moving-point>
            <latitude>46.859201</latitude>
            <longitude>9.320854</longitude>
            <polar_motion>
              <speed units="km/h">0.0</speed>
            </polar_motion>
          </moving-point>
          <major_axis units="km">10.75</major_axis>
          <minor_axis units="km">10.75</minor_axis>
          <orientation units="degrees true">0</orientation>
        </ellipse>
      </area>
    </location>
    <nowcast-parameters>
      <mesocyclone_shear_mean units="m/s/km">4.660002</mesocyclone_shear_mean>
      <mesocyclone_shear_max units="m/s/km">9.321739</mesocyclone_shear_max>
      <mesocyclone_momentum_mean units="m/s/km">110.108357</mesocyclone_momentum_mean>
      <mesocyclone_momentum_max units="m/s/km">395.950937</mesocyclone_momentum_max>
      <mesocyclone_diameter units="km">10.750000</mesocyclone_diameter>
      <mesocyclone_diameter_equivalent units="km">5.307557</mesocyclone_diameter_equivalent>
      <mesocyclone_top units="km">5.574256</mesocyclone_top>
      <mesocyclone_base units="km">1.179983</mesocyclone_base>
      <mesocyclone_echotop units="km">7.184873</mesocyclone_echotop>
      <mesocyclone_vil units="kg/m*m">4.598633</mesocyclone_vil>
      <mesocyclone_shear_vectors>14</mesocyclone_shear_vectors>
      <mesocyclone_shear_features>2</mesocyclone_shear_features>
      <elevations>
        <elevation site="mem" units="&#176;">0.5,1.5</elevation>
      </elevations>
      <mean_dbz units="DBZ">30.65</mean_dbz>
      <max_dbz units="DBZ">45.17</max_dbz>
      <mesocyclone_velocity_max units="m/s">30.424946</mesocyclone_velocity_max>
      <mesocyclone_velocity_rotational_max units="m/s">16.411795</mesocyclone_velocity_rotational_max>
      <mesocyclone_velocity_rotational_mean units="m/s">9.493593</mesocyclone_velocity_rotational_mean>
      <mesocyclone_velocity_rotational_max_closest_to_ground units="m/s">9.594588</mesocyclone_velocity_rotational_max_closest_to_ground>
      <meso_intensity>3</meso_intensity>
    </nowcast-parameters>
  </event>
  <event ID="30">
    <time time-coordinate="UTC">2021-07-08T08:25:00</time>
    <location>
      <area>
        <ellipse>
          <moving-point>
            <latitude>46.695187</latitude>
            <longitude>8.805037</longitude>
            <polar_motion>
              <speed units="km/h">0.0</speed>
            </polar_motion>
          </moving-point>
          <major_axis units="km">9.18</major_axis>
          <minor_axis units="km">9.18</minor_axis>
          <orientation units="degrees true">0</orientation>
        </ellipse>
      </area>
    </location>
    <nowcast-parameters>
      <mesocyclone_shear_mean units="m/s/km">4.479471</mesocyclone_shear_mean>
      <mesocyclone_shear_max units="m/s/km">7.480972</mesocyclone_shear_max>
      <mesocyclone_momentum_mean units="m/s/km">139.497365</mesocyclone_momentum_mean>
      <mesocyclone_momentum_max units="m/s/km">543.482958</mesocyclone_momentum_max>
      <mesocyclone_diameter units="km">9.184022</mesocyclone_diameter>
      <mesocyclone_diameter_equivalent units="km">4.306320</mesocyclone_diameter_equivalent>
      <mesocyclone_top units="km">6.500537</mesocyclone_top>
      <mesocyclone_base units="km">0.785850</mesocyclone_base>
      <mesocyclone_echotop units="km">8.037750</mesocyclone_echotop>
      <mesocyclone_vil units="kg/m*m">4.722010</mesocyclone_vil>
      <mesocyclone_shear_vectors>8</mesocyclone_shear_vectors>
      <mesocyclone_shear_features>2</mesocyclone_shear_features>
      <elevations>
        <elevation site="fbg" units="&#176;">0.5,1.5</elevation>
      </elevations>
      <mean_dbz units="DBZ">34.23</mean_dbz>
      <max_dbz units="DBZ">42.20</max_dbz>
      <mesocyclone_velocity_max units="m/s">29.959602</mesocyclone_velocity_max>
      <mesocyclone_velocity_rotational_max units="m/s">21.435529</mesocyclone_velocity_rotational_max>
      <mesocyclone_velocity_rotational_mean units="m/s">10.514064</mesocyclone_velocity_rotational_mean>
      <mesocyclone_velocity_rotational_max_closest_to_ground units="m/s">21.435529</mesocyclone_velocity_rotational_max_closest_to_ground>
      <meso_intensity>2</meso_intensity>
    </nowcast-parameters>
  </event>
</nowcast-data>
