<?xml version="1.0" encoding="UTF-8"?>
<nowcast-data>
  <radar-stations>ASB,BOO,ROS,HNR,UMD,PRO,ESS,FLD,drs,NEU,NHB,OFT,EIS,TUR,ISN,FBG,MEM</radar-stations>
  <event ID="23">
    <time time-coordinate="UTC">2021-07-08T12:45:00</time>
    <location>
      <area>
        <ellipse>
          <moving-point>
            <latitude>49.229635</latitude>
            <longitude>12.877858</longitude>
            <polar_motion>
              <speed units="km/h">0.0</speed>
            </polar_motion>
          </moving-point>
          <major_axis units="km">7.00</major_axis>
          <minor_axis units="km">7.00</minor_axis>
          <orientation units="degrees true">0</orientation>
        </ellipse>
      </area>
    </location>
    <nowcast-parameters>
      <mesocyclone_shear_mean units="m/s/km">4.990364</mesocyclone_shear_mean>
      <mesocyclone_shear_max units="m/s/km">12.685941</mesocyclone_shear_max>
      <mesocyclone_momentum_mean units="m/s/km">69.916412</mesocyclone_momentum_mean>
      <mesocyclone_momentum_max units="m/s/km">301.118119</mesocyclone_momentum_max>
      <mesocyclone_diameter units="km">7.000000</mesocyclone_diameter>
      <mesocyclone_diameter_equivalent units="km">4.455627</mesocyclone_diameter_equivalent>
      <mesocyclone_top units="km">3.754854</mesocyclone_top>
      <mesocyclone_base units="km">1.237971</mesocyclone_base>
      <mesocyclone_echotop units="km">7.278686</mesocyclone_echotop>
      <mesocyclone_vil units="kg/m*m">10.884074</mesocyclone_vil>
      <mesocyclone_shear_vectors>19</mesocyclone_shear_vectors>
      <mesocyclone_shear_features>3</mesocyclone_shear_features>
      <elevations>
        <elevation site="eis" units="&#176;">1.5,2.5,3.5</elevation>
      </elevations>
      <mean_dbz units="DBZ">40.45</mean_dbz>
      <max_dbz units="DBZ">53.70</max_dbz>
      <mesocyclone_velocity_max units="m/s">21.801586</mesocyclone_velocity_max>
      <mesocyclone_velocity_rotational_max units="m/s">28.354670</mesocyclone_velocity_rotational_max>
      <mesocyclone_velocity_rotational_mean units="m/s">8.803868</mesocyclone_velocity_rotational_mean>
      <mesocyclone_velocity_rotational_max_closest_to_ground units="m/s">17.012800</mesocyclone_velocity_rotational_max_closest_to_ground>
      <meso_intensity>2</meso_intensity>
    </nowcast-parameters>
  </event>
  <event ID="70">
    <time time-coordinate="UTC">2021-07-08T12:45:00</time>
    <location>
      <area>
        <ellipse>
          <moving-point>
            <latitude>47.997154</latitude>
            <longitude>11.625563</longitude>
            <polar_motion>
              <speed units="km/h">0.0</speed>
            </polar_motion>
          </moving-point>
          <major_axis units="km">16.75</major_axis>
          <minor_axis units="km">16.75</minor_axis>
          <orientation units="degrees true">0</orientation>
        </ellipse>
      </area>
    </location>
    <nowcast-parameters>
      <mesocyclone_shear_mean units="m/s/km">2.406090</mesocyclone_shear_mean>
      <mesocyclone_shear_max units="m/s/km">5.793184</mesocyclone_shear_max>
      <mesocyclone_momentum_mean units="m/s/km">126.651927</mesocyclone_momentum_mean>
      <mesocyclone_momentum_max units="m/s/km">275.195144</mesocyclone_momentum_max>
      <mesocyclone_diameter units="km">16.750000</mesocyclone_diameter>
      <mesocyclone_diameter_equivalent units="km">8.294127</mesocyclone_diameter_equivalent>
      <mesocyclone_top units="km">6.648174</mesocyclone_top>
      <mesocyclone_base units="km">3.245221</mesocyclone_base>
      <mesocyclone_echotop units="km">7.670856</mesocyclone_echotop>
      <mesocyclone_vil units="kg/m*m">13.541065</mesocyclone_vil>
      <mesocyclone_shear_vectors>29</mesocyclone_shear_vectors>
      <mesocyclone_shear_features>2</mesocyclone_shear_features>
      <elevations>
        <elevation site="isn" units="&#176;">5.5,8.0</elevation>
      </elevations>
      <mean_dbz units="DBZ">33.97</mean_dbz>
      <max_dbz units="DBZ">58.00</max_dbz>
      <mesocyclone_velocity_max units="m/s">28.177567</mesocyclone_velocity_max>
      <mesocyclone_velocity_rotational_max units="m/s">11.119399</mesocyclone_velocity_rotational_max>
      <mesocyclone_velocity_rotational_mean units="m/s">7.731833</mesocyclone_velocity_rotational_mean>
      <mesocyclone_velocity_rotational_max_closest_to_ground units="m/s">11.119399</mesocyclone_velocity_rotational_max_closest_to_ground>
      <meso_intensity>1</meso_intensity>
    </nowcast-parameters>
  </event>
  <event ID="66">
    <time time-coordinate="UTC">2021-07-08T12:45:00</time>
    <location>
      <area>
        <ellipse>
          <moving-point>
            <latitude>47.895235</latitude>
            <longitude>11.713983</longitude>
            <polar_motion>
              <speed units="km/h">0.0</speed>
            </polar_motion>
          </moving-point>
          <major_axis units="km">7.75</major_axis>
          <minor_axis units="km">7.75</minor_axis>
          <orientation units="degrees true">0</orientation>
        </ellipse>
      </area>
    </location>
    <nowcast-parameters>
      <mesocyclone_shear_mean units="m/s/km">3.569501</mesocyclone_shear_mean>
      <mesocyclone_shear_max units="m/s/km">6.957500</mesocyclone_shear_max>
      <mesocyclone_momentum_mean units="m/s/km">89.059939</mesocyclone_momentum_mean>
      <mesocyclone_momentum_max units="m/s/km">141.333456</mesocyclone_momentum_max>
      <mesocyclone_diameter units="km">7.750000</mesocyclone_diameter>
      <mesocyclone_diameter_equivalent units="km">5.684403</mesocyclone_diameter_equivalent>
      <mesocyclone_top units="km">3.822650</mesocyclone_top>
      <mesocyclone_base units="km">2.365434</mesocyclone_base>
      <mesocyclone_echotop units="km">8.575082</mesocyclone_echotop>
      <mesocyclone_vil units="kg/m*m">18.259763</mesocyclone_vil>
      <mesocyclone_shear_vectors>19</mesocyclone_shear_vectors>
      <mesocyclone_shear_features>2</mesocyclone_shear_features>
      <elevations>
        <elevation site="isn" units="&#176;">3.5,4.5</elevation>
      </elevations>
      <mean_dbz units="DBZ">41.79</mean_dbz>
      <max_dbz units="DBZ">59.69</max_dbz>
      <mesocyclone_velocity_max units="m/s">21.354300</mesocyclone_velocity_max>
      <mesocyclone_velocity_rotational_max units="m/s">11.372114</mesocyclone_velocity_rotational_max>
      <mesocyclone_velocity_rotational_mean units="m/s">8.344409</mesocyclone_velocity_rotational_mean>
      <mesocyclone_velocity_rotational_max_closest_to_ground units="m/s">7.707766</mesocyclone_velocity_rotational_max_closest_to_ground>
      <meso_intensity>1</meso_intensity>
    </nowcast-parameters>
  </event>
  <event ID="61">
    <time time-coordinate="UTC">2021-07-08T12:45:00</time>
    <location>
      <area>
        <ellipse>
          <moving-point>
            <latitude>47.619035</latitude>
            <longitude>11.842641</longitude>
            <polar_motion>
              <speed units="km/h">0.0</speed>
            </polar_motion>
          </moving-point>
          <major_axis units="km">14.25</major_axis>
          <minor_axis units="km">14.25</minor_axis>
          <orientation units="degrees true">0</orientation>
        </ellipse>
      </area>
    </location>
    <nowcast-parameters>
      <mesocyclone_shear_mean units="m/s/km">2.634016</mesocyclone_shear_mean>
      <mesocyclone_shear_max units="m/s/km">9.938287</mesocyclone_shear_max>
      <mesocyclone_momentum_mean units="m/s/km">155.756646</mesocyclone_momentum_mean>
      <mesocyclone_momentum_max units="m/s/km">358.741855</mesocyclone_momentum_max>
      <mesocyclone_diameter units="km">14.250000</mesocyclone_diameter>
      <mesocyclone_diameter_equivalent units="km">9.288525</mesocyclone_diameter_equivalent>
      <mesocyclone_top units="km">5.382318</mesocyclone_top>
      <mesocyclone_base units="km">3.149221</mesocyclone_base>
      <mesocyclone_echotop units="km">8.272592</mesocyclone_echotop>
      <mesocyclone_vil units="kg/m*m">38.866535</mesocyclone_vil>
      <mesocyclone_shear_vectors>34</mesocyclone_shear_vectors>
      <mesocyclone_shear_features>2</mesocyclone_shear_features>
      <elevations>
        <elevation site="isn" units="&#176;">3.5,4.5</elevation>
      </elevations>
      <mean_dbz units="DBZ">47.39</mean_dbz>
      <max_dbz units="DBZ">63.68</max_dbz>
      <mesocyclone_velocity_max units="m/s">31.968271</mesocyclone_velocity_max>
      <mesocyclone_velocity_rotational_max units="m/s">12.888394</mesocyclone_velocity_rotational_max>
      <mesocyclone_velocity_rotational_mean units="m/s">9.230364</mesocyclone_velocity_rotational_mean>
      <mesocyclone_velocity_rotational_max_closest_to_ground units="m/s">12.888394</mesocyclone_velocity_rotational_max_closest_to_ground>
      <meso_intensity>2</meso_intensity>
    </nowcast-parameters>
  </event>
  <event ID="38">
    <time time-coordinate="UTC">2021-07-08T12:45:00</time>
    <location>
      <area>
        <ellipse>
          <moving-point>
            <latitude>47.466690</latitude>
            <longitude>10.981800</longitude>
            <polar_motion>
              <speed units="km/h">0.0</speed>
            </polar_motion>
          </moving-point>
          <major_axis units="km">8.50</major_axis>
          <minor_axis units="km">8.50</minor_axis>
          <orientation units="degrees true">0</orientation>
        </ellipse>
      </area>
    </location>
    <nowcast-parameters>
      <mesocyclone_shear_mean units="m/s/km">5.317899</mesocyclone_shear_mean>
      <mesocyclone_shear_max units="m/s/km">14.196259</mesocyclone_shear_max>
      <mesocyclone_momentum_mean units="m/s/km">78.774034</mesocyclone_momentum_mean>
      <mesocyclone_momentum_max units="m/s/km">206.594876</mesocyclone_momentum_max>
      <mesocyclone_diameter units="km">8.500000</mesocyclone_diameter>
      <mesocyclone_diameter_equivalent units="km">4.378131</mesocyclone_diameter_equivalent>
      <mesocyclone_top units="km">8.453550</mesocyclone_top>
      <mesocyclone_base units="km">2.532608</mesocyclone_base>
      <mesocyclone_echotop units="km">8.714215</mesocyclone_echotop>
      <mesocyclone_vil units="kg/m*m">5.648906</mesocyclone_vil>
      <mesocyclone_shear_vectors>16</mesocyclone_shear_vectors>
      <mesocyclone_shear_features>3</mesocyclone_shear_features>
      <elevations>
        <elevation site="tur" units="&#176;">1.5</elevation>
        <elevation site="mem" units="&#176;">2.5,5.5</elevation>
      </elevations>
      <mean_dbz units="DBZ">35.46</mean_dbz>
      <max_dbz units="DBZ">47.27</max_dbz>
      <mesocyclone_velocity_max units="m/s">29.572567</mesocyclone_velocity_max>
      <mesocyclone_velocity_rotational_max units="m/s">15.738190</mesocyclone_velocity_rotational_max>
      <mesocyclone_velocity_rotational_mean units="m/s">9.361750</mesocyclone_velocity_rotational_mean>
      <mesocyclone_velocity_rotational_max_closest_to_ground units="m/s">10.478302</mesocyclone_velocity_rotational_max_closest_to_ground>
      <meso_intensity>2</meso_intensity>
    </nowcast-parameters>
  </event>
  <event ID="34">
    <time time-coordinate="UTC">2021-07-08T12:45:00</time>
    <location>
      <area>
        <ellipse>
          <moving-point>
            <latitude>47.424459</latitude>
            <longitude>11.174936</longitude>
            <polar_motion>
              <speed units="km/h">0.0</speed>
            </polar_motion>
          </moving-point>
          <major_axis units="km">8.00</major_axis>
          <minor_axis units="km">8.00</minor_axis>
          <orientation units="degrees true">0</orientation>
        </ellipse>
      </area>
    </location>
    <nowcast-parameters>
      <mesocyclone_shear_mean units="m/s/km">5.776125</mesocyclone_shear_mean>
      <mesocyclone_shear_max units="m/s/km">13.498089</mesocyclone_shear_max>
      <mesocyclone_momentum_mean units="m/s/km">88.440683</mesocyclone_momentum_mean>
      <mesocyclone_momentum_max units="m/s/km">234.586810</mesocyclone_momentum_max>
      <mesocyclone_diameter units="km">8.000000</mesocyclone_diameter>
      <mesocyclone_diameter_equivalent units="km">4.975073</mesocyclone_diameter_equivalent>
      <mesocyclone_top units="km">9.179593</mesocyclone_top>
      <mesocyclone_base units="km">1.201604</mesocyclone_base>
      <mesocyclone_echotop units="km">9.280569</mesocyclone_echotop>
      <mesocyclone_vil units="kg/m*m">34.824239</mesocyclone_vil>
      <mesocyclone_shear_vectors>19</mesocyclone_shear_vectors>
      <mesocyclone_shear_features>5</mesocyclone_shear_features>
      <elevations>
        <elevation site="tur" units="&#176;">0.5</elevation>
        <elevation site="isn" units="&#176;">1.5,3.5,4.5</elevation>
        <elevation site="mem" units="&#176;">2.5</elevation>
      </elevations>
      <mean_dbz units="DBZ">48.69</mean_dbz>
      <max_dbz units="DBZ">62.86</max_dbz>
      <mesocyclone_velocity_max units="m/s">29.919970</mesocyclone_velocity_max>
      <mesocyclone_velocity_rotational_max units="m/s">16.805454</mesocyclone_velocity_rotational_max>
      <mesocyclone_velocity_rotational_mean units="m/s">10.091390</mesocyclone_velocity_rotational_mean>
      <mesocyclone_velocity_rotational_max_closest_to_ground units="m/s">15.738192</mesocyclone_velocity_rotational_max_closest_to_ground>
      <meso_intensity>2</meso_intensity>
    </nowcast-parameters>
  </event>
  <event ID="46">
    <time time-coordinate="UTC">2021-07-08T12:45:00</time>
    <location>
      <area>
        <ellipse>
          <moving-point>
            <latitude>47.227254</latitude>
            <longitude>11.325938</longitude>
            <polar_motion>
              <speed units="km/h">0.0</speed>
            </polar_motion>
          </moving-point>
          <major_axis units="km">13.45</major_axis>
          <minor_axis units="km">13.45</minor_axis>
          <orientation units="degrees true">0</orientation>
        </ellipse>
      </area>
    </location>
    <nowcast-parameters>
      <mesocyclone_shear_mean units="m/s/km">5.484891</mesocyclone_shear_mean>
      <mesocyclone_shear_max units="m/s/km">12.267955</mesocyclone_shear_max>
      <mesocyclone_momentum_mean units="m/s/km">245.586244</mesocyclone_momentum_mean>
      <mesocyclone_momentum_max units="m/s/km">1141.480383</mesocyclone_momentum_max>
      <mesocyclone_diameter units="km">13.447279</mesocyclone_diameter>
      <mesocyclone_diameter_equivalent units="km">7.482371</mesocyclone_diameter_equivalent>
      <mesocyclone_top units="km">9.070573</mesocyclone_top>
      <mesocyclone_base units="km">2.704614</mesocyclone_base>
      <mesocyclone_echotop units="km">8.973313</mesocyclone_echotop>
      <mesocyclone_vil units="kg/m*m">4.699284</mesocyclone_vil>
      <mesocyclone_shear_vectors>23</mesocyclone_shear_vectors>
      <mesocyclone_shear_features>2</mesocyclone_shear_features>
      <elevations>
        <elevation site="isn" units="&#176;">1.5,3.5</elevation>
      </elevations>
      <mean_dbz units="DBZ">28.78</mean_dbz>
      <max_dbz units="DBZ">42.84</max_dbz>
      <mesocyclone_velocity_max units="m/s">31.715559</mesocyclone_velocity_max>
      <mesocyclone_velocity_rotational_max units="m/s">30.199276</mesocyclone_velocity_rotational_max>
      <mesocyclone_velocity_rotational_mean units="m/s">13.800971</mesocyclone_velocity_rotational_mean>
      <mesocyclone_velocity_rotational_max_closest_to_ground units="m/s">16.300029</mesocyclone_velocity_rotational_max_closest_to_ground>
      <meso_intensity>4</meso_intensity>
    </nowcast-parameters>
  </event>
</nowcast-data>
