<?xml version="1.0" encoding="UTF-8"?>
<nowcast-data>
  <radar-stations>ASB,BOO,ROS,HNR,UMD,PRO,ESS,FLD,DRS,NEU,NHB,OFT,EIS,TUR,ISN,FBG,MEM</radar-stations>
  <event ID="9">
    <time time-coordinate="UTC">2021-07-08T13:50:00</time>
    <location>
      <area>
        <ellipse>
          <moving-point>
            <latitude>51.183864</latitude>
            <longitude>8.228755</longitude>
            <polar_motion>
              <speed units="km/h">0.0</speed>
            </polar_motion>
          </moving-point>
          <major_axis units="km">9.26</major_axis>
          <minor_axis units="km">9.26</minor_axis>
          <orientation units="degrees true">0</orientation>
        </ellipse>
      </area>
    </location>
    <nowcast-parameters>
      <mesocyclone_shear_mean units="m/s/km">2.461399</mesocyclone_shear_mean>
      <mesocyclone_shear_max units="m/s/km">5.394277</mesocyclone_shear_max>
      <mesocyclone_momentum_mean units="m/s/km">111.068452</mesocyclone_momentum_mean>
      <mesocyclone_momentum_max units="m/s/km">216.931184</mesocyclone_momentum_max>
      <mesocyclone_diameter units="km">9.261585</mesocyclone_diameter>
      <mesocyclone_diameter_equivalent units="km">6.694058</mesocyclone_diameter_equivalent>
      <mesocyclone_top units="km">7.399312</mesocyclone_top>
      <mesocyclone_base units="km">4.399402</mesocyclone_base>
      <mesocyclone_echotop units="km">7.717663</mesocyclone_echotop>
      <mesocyclone_vil units="kg/m*m">4.444081</mesocyclone_vil>
      <mesocyclone_shear_vectors>16</mesocyclone_shear_vectors>
      <mesocyclone_shear_features>2</mesocyclone_shear_features>
      <elevations>
        <elevation site="hnr" units="&#176;">1.5</elevation>
        <elevation site="fld" units="&#176;">8.0</elevation>
      </elevations>
      <mean_dbz units="DBZ">31.82</mean_dbz>
      <max_dbz units="DBZ">48.56</max_dbz>
      <mesocyclone_velocity_max units="m/s">14.240347</mesocyclone_velocity_max>
      <mesocyclone_velocity_rotational_max units="m/s">9.325535</mesocyclone_velocity_rotational_max>
      <mesocyclone_velocity_rotational_mean units="m/s">7.337844</mesocyclone_velocity_rotational_mean>
      <mesocyclone_velocity_rotational_max_closest_to_ground units="m/s">8.065328</mesocyclone_velocity_rotational_max_closest_to_ground>
      <meso_intensity>1</meso_intensity>
    </nowcast-parameters>
  </event>
  <event ID="47">
    <time time-coordinate="UTC">2021-07-08T13:50:00</time>
    <location>
      <area>
        <ellipse>
          <moving-point>
            <latitude>49.994172</latitude>
            <longitude>13.173865</longitude>
            <polar_motion>
              <speed units="km/h">0.0</speed>
            </polar_motion>
          </moving-point>
          <major_axis units="km">11.00</major_axis>
          <minor_axis units="km">11.00</minor_axis>
          <orientation units="degrees true">0</orientation>
        </ellipse>
      </area>
    </location>
    <nowcast-parameters>
      <mesocyclone_shear_mean units="m/s/km">3.628205</mesocyclone_shear_mean>
      <mesocyclone_shear_max units="m/s/km">10.352664</mesocyclone_shear_max>
      <mesocyclone_momentum_mean units="m/s/km">81.854733</mesocyclone_momentum_mean>
      <mesocyclone_momentum_max units="m/s/km">185.435226</mesocyclone_momentum_max>
      <mesocyclone_diameter units="km">11.000000</mesocyclone_diameter>
      <mesocyclone_diameter_equivalent units="km">5.971109</mesocyclone_diameter_equivalent>
      <mesocyclone_top units="km">7.951543</mesocyclone_top>
      <mesocyclone_base units="km">4.885512</mesocyclone_base>
      <mesocyclone_echotop units="km">7.654571</mesocyclone_echotop>
      <mesocyclone_vil units="kg/m*m">8.469914</mesocyclone_vil>
      <mesocyclone_shear_vectors>21</mesocyclone_shear_vectors>
      <mesocyclone_shear_features>3</mesocyclone_shear_features>
      <elevations>
        <elevation site="eis" units="&#176;">3.5,4.5,5.5</elevation>
      </elevations>
      <mean_dbz units="DBZ">36.86</mean_dbz>
      <max_dbz units="DBZ">52.69</max_dbz>
      <mesocyclone_velocity_max units="m/s">30.370998</mesocyclone_velocity_max>
      <mesocyclone_velocity_rotational_max units="m/s">13.736261</mesocyclone_velocity_rotational_max>
      <mesocyclone_velocity_rotational_mean units="m/s">7.869867</mesocyclone_velocity_rotational_mean>
      <mesocyclone_velocity_rotational_max_closest_to_ground units="m/s">12.854116</mesocyclone_velocity_rotational_max_closest_to_ground>
      <meso_intensity>3</meso_intensity>
    </nowcast-parameters>
  </event>
  <event ID="37">
    <time time-coordinate="UTC">2021-07-08T13:50:00</time>
    <location>
      <area>
        <ellipse>
          <moving-point>
            <latitude>49.720775</latitude>
            <longitude>13.183091</longitude>
            <polar_motion>
              <speed units="km/h">0.0</speed>
            </polar_motion>
          </moving-point>
          <major_axis units="km">4.22</major_axis>
          <minor_axis units="km">4.22</minor_axis>
          <orientation units="degrees true">0</orientation>
        </ellipse>
      </area>
    </location>
    <nowcast-parameters>
      <mesocyclone_shear_mean units="m/s/km">5.163249</mesocyclone_shear_mean>
      <mesocyclone_shear_max units="m/s/km">7.746391</mesocyclone_shear_max>
      <mesocyclone_momentum_mean units="m/s/km">63.199565</mesocyclone_momentum_mean>
      <mesocyclone_momentum_max units="m/s/km">222.800990</mesocyclone_momentum_max>
      <mesocyclone_diameter units="km">4.223459</mesocyclone_diameter>
      <mesocyclone_diameter_equivalent units="km">3.044949</mesocyclone_diameter_equivalent>
      <mesocyclone_top units="km">6.034834</mesocyclone_top>
      <mesocyclone_base units="km">1.458356</mesocyclone_base>
      <mesocyclone_echotop units="km">8.355606</mesocyclone_echotop>
      <mesocyclone_vil units="kg/m*m">7.553209</mesocyclone_vil>
      <mesocyclone_shear_vectors>8</mesocyclone_shear_vectors>
      <mesocyclone_shear_features>2</mesocyclone_shear_features>
      <elevations>
        <elevation site="drs" units="&#176;">0.5</elevation>
        <elevation site="eis" units="&#176;">4.5</elevation>
      </elevations>
      <mean_dbz units="DBZ">37.16</mean_dbz>
      <max_dbz units="DBZ">50.61</max_dbz>
      <mesocyclone_velocity_max units="m/s">31.127127</mesocyclone_velocity_max>
      <mesocyclone_velocity_rotational_max units="m/s">19.659236</mesocyclone_velocity_rotational_max>
      <mesocyclone_velocity_rotational_mean units="m/s">8.524403</mesocyclone_velocity_rotational_mean>
      <mesocyclone_velocity_rotational_max_closest_to_ground units="m/s">19.659236</mesocyclone_velocity_rotational_max_closest_to_ground>
      <meso_intensity>2</meso_intensity>
    </nowcast-parameters>
  </event>
  <event ID="36">
    <time time-coordinate="UTC">2021-07-08T13:50:00</time>
    <location>
      <area>
        <ellipse>
          <moving-point>
            <latitude>49.674537</latitude>
            <longitude>13.525840</longitude>
            <polar_motion>
              <speed units="km/h">0.0</speed>
            </polar_motion>
          </moving-point>
          <major_axis units="km">8.25</major_axis>
          <minor_axis units="km">8.25</minor_axis>
          <orientation units="degrees true">0</orientation>
        </ellipse>
      </area>
    </location>
    <nowcast-parameters>
      <mesocyclone_shear_mean units="m/s/km">5.029332</mesocyclone_shear_mean>
      <mesocyclone_shear_max units="m/s/km">7.667413</mesocyclone_shear_max>
      <mesocyclone_momentum_mean units="m/s/km">60.860039</mesocyclone_momentum_mean>
      <mesocyclone_momentum_max units="m/s/km">220.283178</mesocyclone_momentum_max>
      <mesocyclone_diameter units="km">8.250000</mesocyclone_diameter>
      <mesocyclone_diameter_equivalent units="km">3.887256</mesocyclone_diameter_equivalent>
      <mesocyclone_top units="km">6.826135</mesocyclone_top>
      <mesocyclone_base units="km">1.460805</mesocyclone_base>
      <mesocyclone_echotop units="km">8.869848</mesocyclone_echotop>
      <mesocyclone_vil units="kg/m*m">18.649776</mesocyclone_vil>
      <mesocyclone_shear_vectors>11</mesocyclone_shear_vectors>
      <mesocyclone_shear_features>2</mesocyclone_shear_features>
      <elevations>
        <elevation site="drs" units="&#176;">0.5,1.5</elevation>
      </elevations>
      <mean_dbz units="DBZ">41.85</mean_dbz>
      <max_dbz units="DBZ">60.58</max_dbz>
      <mesocyclone_velocity_max units="m/s">27.598545</mesocyclone_velocity_max>
      <mesocyclone_velocity_rotational_max units="m/s">15.248510</mesocyclone_velocity_rotational_max>
      <mesocyclone_velocity_rotational_mean units="m/s">8.035323</mesocyclone_velocity_rotational_mean>
      <mesocyclone_velocity_rotational_max_closest_to_ground units="m/s">11.089825</mesocyclone_velocity_rotational_max_closest_to_ground>
      <meso_intensity>2</meso_intensity>
    </nowcast-parameters>
  </event>
  <event ID="63">
    <time time-coordinate="UTC">2021-07-08T13:50:00</time>
    <location>
      <area>
        <ellipse>
          <moving-point>
            <latitude>48.939668</latitude>
            <longitude>12.466259</longitude>
            <polar_motion>
              <speed units="km/h">0.0</speed>
            </polar_motion>
          </moving-point>
          <major_axis units="km">21.25</major_axis>
          <minor_axis units="km">21.25</minor_axis>
          <orientation units="degrees true">0</orientation>
        </ellipse>
      </area>
    </location>
    <nowcast-parameters>
      <mesocyclone_shear_mean units="m/s/km">2.960035</mesocyclone_shear_mean>
      <mesocyclone_shear_max units="m/s/km">17.631429</mesocyclone_shear_max>
      <mesocyclone_momentum_mean units="m/s/km">131.053859</mesocyclone_momentum_mean>
      <mesocyclone_momentum_max units="m/s/km">1060.641603</mesocyclone_momentum_max>
      <mesocyclone_diameter units="km">21.250000</mesocyclone_diameter>
      <mesocyclone_diameter_equivalent units="km">9.998446</mesocyclone_diameter_equivalent>
      <mesocyclone_top units="km">8.301781</mesocyclone_top>
      <mesocyclone_base units="km">2.485709</mesocyclone_base>
      <mesocyclone_echotop units="km">8.909507</mesocyclone_echotop>
      <mesocyclone_vil units="kg/m*m">10.077178</mesocyclone_vil>
      <mesocyclone_shear_vectors>47</mesocyclone_shear_vectors>
      <mesocyclone_shear_features>6</mesocyclone_shear_features>
      <elevations>
        <elevation site="eis" units="&#176;">4.5,5.5</elevation>
        <elevation site="isn" units="&#176;">1.5,2.5,3.5,4.5</elevation>
      </elevations>
      <mean_dbz units="DBZ">35.85</mean_dbz>
      <max_dbz units="DBZ">53.31</max_dbz>
      <mesocyclone_velocity_max units="m/s">31.883251</mesocyclone_velocity_max>
      <mesocyclone_velocity_rotational_max units="m/s">37.780686</mesocyclone_velocity_rotational_max>
      <mesocyclone_velocity_rotational_mean units="m/s">8.763022</mesocyclone_velocity_rotational_mean>
      <mesocyclone_velocity_rotational_max_closest_to_ground units="m/s">37.780686</mesocyclone_velocity_rotational_max_closest_to_ground>
      <meso_intensity>3</meso_intensity>
    </nowcast-parameters>
  </event>
  <event ID="96">
    <time time-coordinate="UTC">2021-07-08T13:50:00</time>
    <location>
      <area>
        <ellipse>
          <moving-point>
            <latitude>48.680910</latitude>
            <longitude>12.455031</longitude>
            <polar_motion>
              <speed units="km/h">0.0</speed>
            </polar_motion>
          </moving-point>
          <major_axis units="km">9.50</major_axis>
          <minor_axis units="km">9.50</minor_axis>
          <orientation units="degrees true">0</orientation>
        </ellipse>
      </area>
    </location>
    <nowcast-parameters>
      <mesocyclone_shear_mean units="m/s/km">2.915222</mesocyclone_shear_mean>
      <mesocyclone_shear_max units="m/s/km">6.202910</mesocyclone_shear_max>
      <mesocyclone_momentum_mean units="m/s/km">102.969454</mesocyclone_momentum_mean>
      <mesocyclone_momentum_max units="m/s/km">262.799493</mesocyclone_momentum_max>
      <mesocyclone_diameter units="km">9.500000</mesocyclone_diameter>
      <mesocyclone_diameter_equivalent units="km">7.151246</mesocyclone_diameter_equivalent>
      <mesocyclone_top units="km">8.390573</mesocyclone_top>
      <mesocyclone_base units="km">2.850312</mesocyclone_base>
      <mesocyclone_echotop units="km">6.912227</mesocyclone_echotop>
      <mesocyclone_vil units="kg/m*m">6.964543</mesocyclone_vil>
      <mesocyclone_shear_vectors>22</mesocyclone_shear_vectors>
      <mesocyclone_shear_features>3</mesocyclone_shear_features>
      <elevations>
        <elevation site="isn" units="&#176;">2.5,3.5</elevation>
        <elevation site="mem" units="&#176;">1.5</elevation>
      </elevations>
      <mean_dbz units="DBZ">36.13</mean_dbz>
      <max_dbz units="DBZ">50.57</max_dbz>
      <mesocyclone_velocity_max units="m/s">24.892292</mesocyclone_velocity_max>
      <mesocyclone_velocity_rotational_max units="m/s">10.740328</mesocyclone_velocity_rotational_max>
      <mesocyclone_velocity_rotational_mean units="m/s">7.714523</mesocyclone_velocity_rotational_mean>
      <mesocyclone_velocity_rotational_max_closest_to_ground units="m/s">9.224047</mesocyclone_velocity_rotational_max_closest_to_ground>
      <meso_intensity>1</meso_intensity>
    </nowcast-parameters>
  </event>
  <event ID="104">
    <time time-coordinate="UTC">2021-07-08T13:50:00</time>
    <location>
      <area>
        <ellipse>
          <moving-point>
            <latitude>48.201795</latitude>
            <longitude>12.379640</longitude>
            <polar_motion>
              <speed units="km/h">0.0</speed>
            </polar_motion>
          </moving-point>
          <major_axis units="km">4.25</major_axis>
          <minor_axis units="km">4.25</minor_axis>
          <orientation units="degrees true">0</orientation>
        </ellipse>
      </area>
    </location>
    <nowcast-parameters>
      <mesocyclone_shear_mean units="m/s/km">5.888259</mesocyclone_shear_mean>
      <mesocyclone_shear_max units="m/s/km">8.846209</mesocyclone_shear_max>
      <mesocyclone_momentum_mean units="m/s/km">44.874438</mesocyclone_momentum_mean>
      <mesocyclone_momentum_max units="m/s/km">100.980128</mesocyclone_momentum_max>
      <mesocyclone_diameter units="km">4.250000</mesocyclone_diameter>
      <mesocyclone_diameter_equivalent units="km">3.529406</mesocyclone_diameter_equivalent>
      <mesocyclone_top units="km">4.438123</mesocyclone_top>
      <mesocyclone_base units="km">3.120901</mesocyclone_base>
      <mesocyclone_echotop units="km">8.030550</mesocyclone_echotop>
      <mesocyclone_vil units="kg/m*m">6.242010</mesocyclone_vil>
      <mesocyclone_shear_vectors>16</mesocyclone_shear_vectors>
      <mesocyclone_shear_features>2</mesocyclone_shear_features>
      <elevations>
        <elevation site="isn" units="&#176;">8.0,12.0</elevation>
      </elevations>
      <mean_dbz units="DBZ">36.76</mean_dbz>
      <max_dbz units="DBZ">47.60</max_dbz>
      <mesocyclone_velocity_max units="m/s">19.920677</mesocyclone_velocity_max>
      <mesocyclone_velocity_rotational_max units="m/s">9.643129</mesocyclone_velocity_rotational_max>
      <mesocyclone_velocity_rotational_mean units="m/s">7.835329</mesocyclone_velocity_rotational_mean>
      <mesocyclone_velocity_rotational_max_closest_to_ground units="m/s">8.465907</mesocyclone_velocity_rotational_max_closest_to_ground>
      <meso_intensity>1</meso_intensity>
    </nowcast-parameters>
  </event>
  <event ID="60">
    <time time-coordinate="UTC">2021-07-08T13:50:00</time>
    <location>
      <area>
        <ellipse>
          <moving-point>
            <latitude>48.130362</latitude>
            <longitude>12.600809</longitude>
            <polar_motion>
              <speed units="km/h">0.0</speed>
            </polar_motion>
          </moving-point>
          <major_axis units="km">14.00</major_axis>
          <minor_axis units="km">14.00</minor_axis>
          <orientation units="degrees true">0</orientation>
        </ellipse>
      </area>
    </location>
    <nowcast-parameters>
      <mesocyclone_shear_mean units="m/s/km">4.052210</mesocyclone_shear_mean>
      <mesocyclone_shear_max units="m/s/km">9.137514</mesocyclone_shear_max>
      <mesocyclone_momentum_mean units="m/s/km">83.994170</mesocyclone_momentum_mean>
      <mesocyclone_momentum_max units="m/s/km">189.251014</mesocyclone_momentum_max>
      <mesocyclone_diameter units="km">14.000000</mesocyclone_diameter>
      <mesocyclone_diameter_equivalent units="km">7.476039</mesocyclone_diameter_equivalent>
      <mesocyclone_top units="km">5.355755</mesocyclone_top>
      <mesocyclone_base units="km">1.834451</mesocyclone_base>
      <mesocyclone_echotop units="km">11.047083</mesocyclone_echotop>
      <mesocyclone_vil units="kg/m*m">37.836930</mesocyclone_vil>
      <mesocyclone_shear_vectors>36</mesocyclone_shear_vectors>
      <mesocyclone_shear_features>4</mesocyclone_shear_features>
      <elevations>
        <elevation site="eis" units="&#176;">0.5</elevation>
        <elevation site="isn" units="&#176;">4.5,5.5,8.0</elevation>
      </elevations>
      <mean_dbz units="DBZ">44.68</mean_dbz>
      <max_dbz units="DBZ">62.03</max_dbz>
      <mesocyclone_velocity_max units="m/s">17.264843</mesocyclone_velocity_max>
      <mesocyclone_velocity_rotational_max units="m/s">11.498470</mesocyclone_velocity_rotational_max>
      <mesocyclone_velocity_rotational_mean units="m/s">8.577440</mesocyclone_velocity_rotational_mean>
      <mesocyclone_velocity_rotational_max_closest_to_ground units="m/s">10.207680</mesocyclone_velocity_rotational_max_closest_to_ground>
      <meso_intensity>2</meso_intensity>
    </nowcast-parameters>
  </event>
  <event ID="98">
    <time time-coordinate="UTC">2021-07-08T13:50:00</time>
    <location>
      <area>
        <ellipse>
          <moving-point>
            <latitude>47.598063</latitude>
            <longitude>11.691164</longitude>
            <polar_motion>
              <speed units="km/h">0.0</speed>
            </polar_motion>
          </moving-point>
          <major_axis units="km">9.00</major_axis>
          <minor_axis units="km">9.00</minor_axis>
          <orientation units="degrees true">0</orientation>
        </ellipse>
      </area>
    </location>
    <nowcast-parameters>
      <mesocyclone_shear_mean units="m/s/km">3.098017</mesocyclone_shear_mean>
      <mesocyclone_shear_max units="m/s/km">5.546306</mesocyclone_shear_max>
      <mesocyclone_momentum_mean units="m/s/km">94.492735</mesocyclone_momentum_mean>
      <mesocyclone_momentum_max units="m/s/km">285.162220</mesocyclone_momentum_max>
      <mesocyclone_diameter units="km">9.000000</mesocyclone_diameter>
      <mesocyclone_diameter_equivalent units="km">5.101742</mesocyclone_diameter_equivalent>
      <mesocyclone_top units="km">7.238919</mesocyclone_top>
      <mesocyclone_base units="km">3.677610</mesocyclone_base>
      <mesocyclone_echotop units="km">8.135358</mesocyclone_echotop>
      <mesocyclone_vil units="kg/m*m">33.788559</mesocyclone_vil>
      <mesocyclone_shear_vectors>15</mesocyclone_shear_vectors>
      <mesocyclone_shear_features>2</mesocyclone_shear_features>
      <elevations>
        <elevation site="isn" units="&#176;">3.5,5.5</elevation>
      </elevations>
      <mean_dbz units="DBZ">46.09</mean_dbz>
      <max_dbz units="DBZ">61.62</max_dbz>
      <mesocyclone_velocity_max units="m/s">31.715559</mesocyclone_velocity_max>
      <mesocyclone_velocity_rotational_max units="m/s">14.151963</mesocyclone_velocity_rotational_max>
      <mesocyclone_velocity_rotational_mean units="m/s">7.951119</mesocyclone_velocity_rotational_mean>
      <mesocyclone_velocity_rotational_max_closest_to_ground units="m/s">14.151963</mesocyclone_velocity_rotational_max_closest_to_ground>
      <meso_intensity>2</meso_intensity>
    </nowcast-parameters>
  </event>
  <event ID="113">
    <time time-coordinate="UTC">2021-07-08T13:50:00</time>
    <location>
      <area>
        <ellipse>
          <moving-point>
            <latitude>47.148338</latitude>
            <longitude>7.448482</longitude>
            <polar_motion>
              <speed units="km/h">0.0</speed>
            </polar_motion>
          </moving-point>
          <major_axis units="km">6.25</major_axis>
          <minor_axis units="km">6.25</minor_axis>
          <orientation units="degrees true">0</orientation>
        </ellipse>
      </area>
    </location>
    <nowcast-parameters>
      <mesocyclone_shear_mean units="m/s/km">7.199294</mesocyclone_shear_mean>
      <mesocyclone_shear_max units="m/s/km">15.767964</mesocyclone_shear_max>
      <mesocyclone_momentum_mean units="m/s/km">46.608565</mesocyclone_momentum_mean>
      <mesocyclone_momentum_max units="m/s/km">162.407413</mesocyclone_momentum_max>
      <mesocyclone_diameter units="km">6.250000</mesocyclone_diameter>
      <mesocyclone_diameter_equivalent units="km">3.726138</mesocyclone_diameter_equivalent>
      <mesocyclone_top units="km">6.175686</mesocyclone_top>
      <mesocyclone_base units="km">3.057745</mesocyclone_base>
      <mesocyclone_echotop units="km">6.731133</mesocyclone_echotop>
      <mesocyclone_vil units="kg/m*m">5.148963</mesocyclone_vil>
      <mesocyclone_shear_vectors>14</mesocyclone_shear_vectors>
      <mesocyclone_shear_features>2</mesocyclone_shear_features>
      <elevations>
        <elevation site="fbg" units="&#176;">1.5,2.5</elevation>
      </elevations>
      <mean_dbz units="DBZ">34.94</mean_dbz>
      <max_dbz units="DBZ">52.43</max_dbz>
      <mesocyclone_velocity_max units="m/s">28.204643</mesocyclone_velocity_max>
      <mesocyclone_velocity_rotational_max units="m/s">16.672079</mesocyclone_velocity_rotational_max>
      <mesocyclone_velocity_rotational_mean units="m/s">8.546862</mesocyclone_velocity_rotational_mean>
      <mesocyclone_velocity_rotational_max_closest_to_ground units="m/s">13.538230</mesocyclone_velocity_rotational_max_closest_to_ground>
      <meso_intensity>2</meso_intensity>
    </nowcast-parameters>
  </event>
  <event ID="115">
    <time time-coordinate="UTC">2021-07-08T13:50:00</time>
    <location>
      <area>
        <ellipse>
          <moving-point>
            <latitude>46.919308</latitude>
            <longitude>7.253628</longitude>
            <polar_motion>
              <speed units="km/h">0.0</speed>
            </polar_motion>
          </moving-point>
          <major_axis units="km">12.75</major_axis>
          <minor_axis units="km">12.75</minor_axis>
          <orientation units="degrees true">0</orientation>
        </ellipse>
      </area>
    </location>
    <nowcast-parameters>
      <mesocyclone_shear_mean units="m/s/km">4.110538</mesocyclone_shear_mean>
      <mesocyclone_shear_max units="m/s/km">12.954212</mesocyclone_shear_max>
      <mesocyclone_momentum_mean units="m/s/km">164.932341</mesocyclone_momentum_mean>
      <mesocyclone_momentum_max units="m/s/km">506.703392</mesocyclone_momentum_max>
      <mesocyclone_diameter units="km">12.750000</mesocyclone_diameter>
      <mesocyclone_diameter_equivalent units="km">6.913931</mesocyclone_diameter_equivalent>
      <mesocyclone_top units="km">8.087732</mesocyclone_top>
      <mesocyclone_base units="km">3.791940</mesocyclone_base>
      <mesocyclone_echotop units="km">7.246558</mesocyclone_echotop>
      <mesocyclone_vil units="kg/m*m">4.023410</mesocyclone_vil>
      <mesocyclone_shear_vectors>16</mesocyclone_shear_vectors>
      <mesocyclone_shear_features>2</mesocyclone_shear_features>
      <elevations>
        <elevation site="fbg" units="&#176;">1.5,2.5</elevation>
      </elevations>
      <mean_dbz units="DBZ">29.22</mean_dbz>
      <max_dbz units="DBZ">43.40</max_dbz>
      <mesocyclone_velocity_max units="m/s">28.706060</mesocyclone_velocity_max>
      <mesocyclone_velocity_rotational_max units="m/s">21.310174</mesocyclone_velocity_rotational_max>
      <mesocyclone_velocity_rotational_mean units="m/s">10.910617</mesocyclone_velocity_rotational_mean>
      <mesocyclone_velocity_rotational_max_closest_to_ground units="m/s">20.181990</mesocyclone_velocity_rotational_max_closest_to_ground>
      <meso_intensity>3</meso_intensity>
    </nowcast-parameters>
  </event>
  <event ID="110">
    <time time-coordinate="UTC">2021-07-08T13:50:00</time>
    <location>
      <area>
        <ellipse>
          <moving-point>
            <latitude>46.638732</latitude>
            <longitude>9.117913</longitude>
            <polar_motion>
              <speed units="km/h">0.0</speed>
            </polar_motion>
          </moving-point>
          <major_axis units="km">7.26</major_axis>
          <minor_axis units="km">7.26</minor_axis>
          <orientation units="degrees true">0</orientation>
        </ellipse>
      </area>
    </location>
    <nowcast-parameters>
      <mesocyclone_shear_mean units="m/s/km">3.377196</mesocyclone_shear_mean>
      <mesocyclone_shear_max units="m/s/km">5.212113</mesocyclone_shear_max>
      <mesocyclone_momentum_mean units="m/s/km">93.392469</mesocyclone_momentum_mean>
      <mesocyclone_momentum_max units="m/s/km">200.261475</mesocyclone_momentum_max>
      <mesocyclone_diameter units="km">7.262289</mesocyclone_diameter>
      <mesocyclone_diameter_equivalent units="km">3.850421</mesocyclone_diameter_equivalent>
      <mesocyclone_top units="km">6.035961</mesocyclone_top>
      <mesocyclone_base units="km">0.661154</mesocyclone_base>
      <mesocyclone_echotop units="km">4.759450</mesocyclone_echotop>
      <mesocyclone_vil units="kg/m*m">2.469441</mesocyclone_vil>
      <mesocyclone_shear_vectors>9</mesocyclone_shear_vectors>
      <mesocyclone_shear_features>2</mesocyclone_shear_features>
      <elevations>
        <elevation site="fbg" units="&#176;">0.5</elevation>
        <elevation site="mem" units="&#176;">1.5</elevation>
      </elevations>
      <mean_dbz units="DBZ">28.83</mean_dbz>
      <max_dbz units="DBZ">43.07</max_dbz>
      <mesocyclone_velocity_max units="m/s">31.182415</mesocyclone_velocity_max>
      <mesocyclone_velocity_rotational_max units="m/s">12.410042</mesocyclone_velocity_rotational_max>
      <mesocyclone_velocity_rotational_mean units="m/s">8.124229</mesocyclone_velocity_rotational_mean>
      <mesocyclone_velocity_rotational_max_closest_to_ground units="m/s">12.410042</mesocyclone_velocity_rotational_max_closest_to_ground>
      <meso_intensity>2</meso_intensity>
    </nowcast-parameters>
  </event>
  <event ID="108">
    <time time-coordinate="UTC">2021-07-08T13:50:00</time>
    <location>
      <area>
        <ellipse>
          <moving-point>
            <latitude>46.461400</latitude>
            <longitude>8.196928</longitude>
            <polar_motion>
              <speed units="km/h">0.0</speed>
            </polar_motion>
          </moving-point>
          <major_axis units="km">14.50</major_axis>
          <minor_axis units="km">14.50</minor_axis>
          <orientation units="degrees true">0</orientation>
        </ellipse>
      </area>
    </location>
    <nowcast-parameters>
      <mesocyclone_shear_mean units="m/s/km">3.776372</mesocyclone_shear_mean>
      <mesocyclone_shear_max units="m/s/km">7.991266</mesocyclone_shear_max>
      <mesocyclone_momentum_mean units="m/s/km">107.591372</mesocyclone_momentum_mean>
      <mesocyclone_momentum_max units="m/s/km">580.280128</mesocyclone_momentum_max>
      <mesocyclone_diameter units="km">14.500000</mesocyclone_diameter>
      <mesocyclone_diameter_equivalent units="km">8.034973</mesocyclone_diameter_equivalent>
      <mesocyclone_top units="km">6.346243</mesocyclone_top>
      <mesocyclone_base units="km">0.810288</mesocyclone_base>
      <mesocyclone_echotop units="km">8.125531</mesocyclone_echotop>
      <mesocyclone_vil units="kg/m*m">11.623549</mesocyclone_vil>
      <mesocyclone_shear_vectors>38</mesocyclone_shear_vectors>
      <mesocyclone_shear_features>2</mesocyclone_shear_features>
      <elevations>
        <elevation site="fbg" units="&#176;">0.5,1.5</elevation>
      </elevations>
      <mean_dbz units="DBZ">40.11</mean_dbz>
      <max_dbz units="DBZ">53.15</max_dbz>
      <mesocyclone_velocity_max units="m/s">29.708893</mesocyclone_velocity_max>
      <mesocyclone_velocity_rotational_max units="m/s">18.677743</mesocyclone_velocity_rotational_max>
      <mesocyclone_velocity_rotational_mean units="m/s">8.565855</mesocyclone_velocity_rotational_mean>
      <mesocyclone_velocity_rotational_max_closest_to_ground units="m/s">18.677743</mesocyclone_velocity_rotational_max_closest_to_ground>
      <meso_intensity>3</meso_intensity>
    </nowcast-parameters>
  </event>
</nowcast-data>
