<?xml version="1.0" encoding="UTF-8"?>
<nowcast-data>
  <radar-stations>ASB,BOO,ROS,HNR,UMD,PRO,ESS,FLD,DRS,NEU,NHB,OFT,EIS,TUR,ISN,FBG,MEM</radar-stations>
  <event ID="40">
    <time time-coordinate="UTC">2021-07-08T14:15:00</time>
    <location>
      <area>
        <ellipse>
          <moving-point>
            <latitude>49.286669</latitude>
            <longitude>12.557968</longitude>
            <polar_motion>
              <speed units="km/h">0.0</speed>
            </polar_motion>
          </moving-point>
          <major_axis units="km">11.51</major_axis>
          <minor_axis units="km">11.51</minor_axis>
          <orientation units="degrees true">0</orientation>
        </ellipse>
      </area>
    </location>
    <nowcast-parameters>
      <mesocyclone_shear_mean units="m/s/km">4.264174</mesocyclone_shear_mean>
      <mesocyclone_shear_max units="m/s/km">16.272104</mesocyclone_shear_max>
      <mesocyclone_momentum_mean units="m/s/km">113.564839</mesocyclone_momentum_mean>
      <mesocyclone_momentum_max units="m/s/km">677.674958</mesocyclone_momentum_max>
      <mesocyclone_diameter units="km">11.514835</mesocyclone_diameter>
      <mesocyclone_diameter_equivalent units="km">8.078613</mesocyclone_diameter_equivalent>
      <mesocyclone_top units="km">10.669879</mesocyclone_top>
      <mesocyclone_base units="km">2.251096</mesocyclone_base>
      <mesocyclone_echotop units="km">8.995058</mesocyclone_echotop>
      <mesocyclone_vil units="kg/m*m">19.913608</mesocyclone_vil>
      <mesocyclone_shear_vectors>26</mesocyclone_shear_vectors>
      <mesocyclone_shear_features>6</mesocyclone_shear_features>
      <elevations>
        <elevation site="neu" units="&#176;">0.5,2.5</elevation>
        <elevation site="eis" units="&#176;">5.5,8.0</elevation>
        <elevation site="isn" units="&#176;">1.5,2.5</elevation>
      </elevations>
      <mean_dbz units="DBZ">43.54</mean_dbz>
      <max_dbz units="DBZ">62.27</max_dbz>
      <mesocyclone_velocity_max units="m/s">29.693851</mesocyclone_velocity_max>
      <mesocyclone_velocity_rotational_max units="m/s">19.079879</mesocyclone_velocity_rotational_max>
      <mesocyclone_velocity_rotational_mean units="m/s">9.434855</mesocyclone_velocity_rotational_mean>
      <mesocyclone_velocity_rotational_max_closest_to_ground units="m/s">9.097690</mesocyclone_velocity_rotational_max_closest_to_ground>
      <meso_intensity>3</meso_intensity>
    </nowcast-parameters>
  </event>
  <event ID="52">
    <time time-coordinate="UTC">2021-07-08T14:15:00</time>
    <location>
      <area>
        <ellipse>
          <moving-point>
            <latitude>49.106736</latitude>
            <longitude>12.736736</longitude>
            <polar_motion>
              <speed units="km/h">0.0</speed>
            </polar_motion>
          </moving-point>
          <major_axis units="km">20.00</major_axis>
          <minor_axis units="km">20.00</minor_axis>
          <orientation units="degrees true">0</orientation>
        </ellipse>
      </area>
    </location>
    <nowcast-parameters>
      <mesocyclone_shear_mean units="m/s/km">3.108416</mesocyclone_shear_mean>
      <mesocyclone_shear_max units="m/s/km">11.564264</mesocyclone_shear_max>
      <mesocyclone_momentum_mean units="m/s/km">127.174245</mesocyclone_momentum_mean>
      <mesocyclone_momentum_max units="m/s/km">1020.071651</mesocyclone_momentum_max>
      <mesocyclone_diameter units="km">20.000000</mesocyclone_diameter>
      <mesocyclone_diameter_equivalent units="km">11.394449</mesocyclone_diameter_equivalent>
      <mesocyclone_top units="km">9.244698</mesocyclone_top>
      <mesocyclone_base units="km">3.098852</mesocyclone_base>
      <mesocyclone_echotop units="km">9.680463</mesocyclone_echotop>
      <mesocyclone_vil units="kg/m*m">25.874132</mesocyclone_vil>
      <mesocyclone_shear_vectors>53</mesocyclone_shear_vectors>
      <mesocyclone_shear_features>4</mesocyclone_shear_features>
      <elevations>
        <elevation site="eis" units="&#176;">4.5,8.0</elevation>
        <elevation site="isn" units="&#176;">1.5,3.5</elevation>
      </elevations>
      <mean_dbz units="DBZ">41.54</mean_dbz>
      <max_dbz units="DBZ">59.06</max_dbz>
      <mesocyclone_velocity_max units="m/s">31.462849</mesocyclone_velocity_max>
      <mesocyclone_velocity_rotational_max units="m/s">23.249654</mesocyclone_velocity_rotational_max>
      <mesocyclone_velocity_rotational_mean units="m/s">8.911638</mesocyclone_velocity_rotational_mean>
      <mesocyclone_velocity_rotational_max_closest_to_ground units="m/s">13.267466</mesocyclone_velocity_rotational_max_closest_to_ground>
      <meso_intensity>4</meso_intensity>
    </nowcast-parameters>
  </event>
  <event ID="81">
    <time time-coordinate="UTC">2021-07-08T14:15:00</time>
    <location>
      <area>
        <ellipse>
          <moving-point>
            <latitude>48.294181</latitude>
            <longitude>12.807458</longitude>
            <polar_motion>
              <speed units="km/h">0.0</speed>
            </polar_motion>
          </moving-point>
          <major_axis units="km">11.00</major_axis>
          <minor_axis units="km">11.00</minor_axis>
          <orientation units="degrees true">0</orientation>
        </ellipse>
      </area>
    </location>
    <nowcast-parameters>
      <mesocyclone_shear_mean units="m/s/km">4.089012</mesocyclone_shear_mean>
      <mesocyclone_shear_max units="m/s/km">12.096999</mesocyclone_shear_max>
      <mesocyclone_momentum_mean units="m/s/km">90.505639</mesocyclone_momentum_mean>
      <mesocyclone_momentum_max units="m/s/km">226.519210</mesocyclone_momentum_max>
      <mesocyclone_diameter units="km">11.000000</mesocyclone_diameter>
      <mesocyclone_diameter_equivalent units="km">7.101969</mesocyclone_diameter_equivalent>
      <mesocyclone_top units="km">8.950662</mesocyclone_top>
      <mesocyclone_base units="km">2.429344</mesocyclone_base>
      <mesocyclone_echotop units="km">10.469465</mesocyclone_echotop>
      <mesocyclone_vil units="kg/m*m">90.362862</mesocyclone_vil>
      <mesocyclone_shear_vectors>29</mesocyclone_shear_vectors>
      <mesocyclone_shear_features>5</mesocyclone_shear_features>
      <elevations>
        <elevation site="isn" units="&#176;">2.5,3.5,4.5,5.5,8.0</elevation>
      </elevations>
      <mean_dbz units="DBZ">52.01</mean_dbz>
      <max_dbz units="DBZ">69.15</max_dbz>
      <mesocyclone_velocity_max units="m/s">25.397720</mesocyclone_velocity_max>
      <mesocyclone_velocity_rotational_max units="m/s">17.310883</mesocyclone_velocity_rotational_max>
      <mesocyclone_velocity_rotational_mean units="m/s">8.789772</mesocyclone_velocity_rotational_mean>
      <mesocyclone_velocity_rotational_max_closest_to_ground units="m/s">12.130254</mesocyclone_velocity_rotational_max_closest_to_ground>
      <meso_intensity>3</meso_intensity>
    </nowcast-parameters>
  </event>
  <event ID="89">
    <time time-coordinate="UTC">2021-07-08T14:15:00</time>
    <location>
      <area>
        <ellipse>
          <moving-point>
            <latitude>47.788665</latitude>
            <longitude>11.949085</longitude>
            <polar_motion>
              <speed units="km/h">0.0</speed>
            </polar_motion>
          </moving-point>
          <major_axis units="km">12.50</major_axis>
          <minor_axis units="km">12.50</minor_axis>
          <orientation units="degrees true">0</orientation>
        </ellipse>
      </area>
    </location>
    <nowcast-parameters>
      <mesocyclone_shear_mean units="m/s/km">3.076363</mesocyclone_shear_mean>
      <mesocyclone_shear_max units="m/s/km">13.395836</mesocyclone_shear_max>
      <mesocyclone_momentum_mean units="m/s/km">107.140744</mesocyclone_momentum_mean>
      <mesocyclone_momentum_max units="m/s/km">296.252767</mesocyclone_momentum_max>
      <mesocyclone_diameter units="km">12.500000</mesocyclone_diameter>
      <mesocyclone_diameter_equivalent units="km">8.333233</mesocyclone_diameter_equivalent>
      <mesocyclone_top units="km">6.539253</mesocyclone_top>
      <mesocyclone_base units="km">1.302343</mesocyclone_base>
      <mesocyclone_echotop units="km">7.350621</mesocyclone_echotop>
      <mesocyclone_vil units="kg/m*m">6.386408</mesocyclone_vil>
      <mesocyclone_shear_vectors>29</mesocyclone_shear_vectors>
      <mesocyclone_shear_features>5</mesocyclone_shear_features>
      <elevations>
        <elevation site="isn" units="&#176;">4.5,5.5,8.0,12.0</elevation>
        <elevation site="mem" units="&#176;">0.5</elevation>
      </elevations>
      <mean_dbz units="DBZ">34.00</mean_dbz>
      <max_dbz units="DBZ">52.16</max_dbz>
      <mesocyclone_velocity_max units="m/s">31.847706</mesocyclone_velocity_max>
      <mesocyclone_velocity_rotational_max units="m/s">16.285553</mesocyclone_velocity_rotational_max>
      <mesocyclone_velocity_rotational_mean units="m/s">8.230745</mesocyclone_velocity_rotational_mean>
      <mesocyclone_velocity_rotational_max_closest_to_ground units="m/s">16.285553</mesocyclone_velocity_rotational_max_closest_to_ground>
      <meso_intensity>3</meso_intensity>
    </nowcast-parameters>
  </event>
  <event ID="64">
    <time time-coordinate="UTC">2021-07-08T14:15:00</time>
    <location>
      <area>
        <ellipse>
          <moving-point>
            <latitude>47.249663</latitude>
            <longitude>11.286273</longitude>
            <polar_motion>
              <speed units="km/h">0.0</speed>
            </polar_motion>
          </moving-point>
          <major_axis units="km">9.03</major_axis>
          <minor_axis units="km">9.03</minor_axis>
          <orientation units="degrees true">0</orientation>
        </ellipse>
      </area>
    </location>
    <nowcast-parameters>
      <mesocyclone_shear_mean units="m/s/km">4.643208</mesocyclone_shear_mean>
      <mesocyclone_shear_max units="m/s/km">10.407841</mesocyclone_shear_max>
      <mesocyclone_momentum_mean units="m/s/km">108.641537</mesocyclone_momentum_mean>
      <mesocyclone_momentum_max units="m/s/km">442.123261</mesocyclone_momentum_max>
      <mesocyclone_diameter units="km">9.028611</mesocyclone_diameter>
      <mesocyclone_diameter_equivalent units="km">4.869145</mesocyclone_diameter_equivalent>
      <mesocyclone_top units="km">4.935551</mesocyclone_top>
      <mesocyclone_base units="km">0.860207</mesocyclone_base>
      <mesocyclone_echotop units="km">10.039027</mesocyclone_echotop>
      <mesocyclone_vil units="kg/m*m">14.716724</mesocyclone_vil>
      <mesocyclone_shear_vectors>12</mesocyclone_shear_vectors>
      <mesocyclone_shear_features>3</mesocyclone_shear_features>
      <elevations>
        <elevation site="isn" units="&#176;">0.5,1.5</elevation>
        <elevation site="mem" units="&#176;">1.5</elevation>
      </elevations>
      <mean_dbz units="DBZ">41.19</mean_dbz>
      <max_dbz units="DBZ">55.40</max_dbz>
      <mesocyclone_velocity_max units="m/s">30.451992</mesocyclone_velocity_max>
      <mesocyclone_velocity_rotational_max units="m/s">22.597781</mesocyclone_velocity_rotational_max>
      <mesocyclone_velocity_rotational_mean units="m/s">9.848816</mesocyclone_velocity_rotational_mean>
      <mesocyclone_velocity_rotational_max_closest_to_ground units="m/s">13.141109</mesocyclone_velocity_rotational_max_closest_to_ground>
      <meso_intensity>2</meso_intensity>
    </nowcast-parameters>
  </event>
  <event ID="65">
    <time time-coordinate="UTC">2021-07-08T14:15:00</time>
    <location>
      <area>
        <ellipse>
          <moving-point>
            <latitude>47.117820</latitude>
            <longitude>11.267356</longitude>
            <polar_motion>
              <speed units="km/h">0.0</speed>
            </polar_motion>
          </moving-point>
          <major_axis units="km">10.64</major_axis>
          <minor_axis units="km">10.64</minor_axis>
          <orientation units="degrees true">0</orientation>
        </ellipse>
      </area>
    </location>
    <nowcast-parameters>
      <mesocyclone_shear_mean units="m/s/km">3.865311</mesocyclone_shear_mean>
      <mesocyclone_shear_max units="m/s/km">13.412201</mesocyclone_shear_max>
      <mesocyclone_momentum_mean units="m/s/km">161.383515</mesocyclone_momentum_mean>
      <mesocyclone_momentum_max units="m/s/km">550.096896</mesocyclone_momentum_max>
      <mesocyclone_diameter units="km">10.635294</mesocyclone_diameter>
      <mesocyclone_diameter_equivalent units="km">7.886737</mesocyclone_diameter_equivalent>
      <mesocyclone_top units="km">8.723727</mesocyclone_top>
      <mesocyclone_base units="km">-0.118021</mesocyclone_base>
      <mesocyclone_echotop units="km">8.099683</mesocyclone_echotop>
      <mesocyclone_vil units="kg/m*m">9.613073</mesocyclone_vil>
      <mesocyclone_shear_vectors>20</mesocyclone_shear_vectors>
      <mesocyclone_shear_features>5</mesocyclone_shear_features>
      <elevations>
        <elevation site="isn" units="&#176;">0.5,2.5,3.5</elevation>
        <elevation site="mem" units="&#176;">0.5,1.5</elevation>
      </elevations>
      <mean_dbz units="DBZ">35.23</mean_dbz>
      <max_dbz units="DBZ">49.90</max_dbz>
      <mesocyclone_velocity_max units="m/s">31.715561</mesocyclone_velocity_max>
      <mesocyclone_velocity_rotational_max units="m/s">20.596159</mesocyclone_velocity_rotational_max>
      <mesocyclone_velocity_rotational_mean units="m/s">11.005249</mesocyclone_velocity_rotational_mean>
      <mesocyclone_velocity_rotational_max_closest_to_ground units="m/s">11.235768</mesocyclone_velocity_rotational_max_closest_to_ground>
      <meso_intensity>4</meso_intensity>
    </nowcast-parameters>
  </event>
  <event ID="79">
    <time time-coordinate="UTC">2021-07-08T14:15:00</time>
    <location>
      <area>
        <ellipse>
          <moving-point>
            <latitude>47.096828</latitude>
            <longitude>10.721604</longitude>
            <polar_motion>
              <speed units="km/h">0.0</speed>
            </polar_motion>
          </moving-point>
          <major_axis units="km">19.50</major_axis>
          <minor_axis units="km">19.50</minor_axis>
          <orientation units="degrees true">0</orientation>
        </ellipse>
      </area>
    </location>
    <nowcast-parameters>
      <mesocyclone_shear_mean units="m/s/km">5.051241</mesocyclone_shear_mean>
      <mesocyclone_shear_max units="m/s/km">11.681927</mesocyclone_shear_max>
      <mesocyclone_momentum_mean units="m/s/km">111.341586</mesocyclone_momentum_mean>
      <mesocyclone_momentum_max units="m/s/km">814.370097</mesocyclone_momentum_max>
      <mesocyclone_diameter units="km">19.500000</mesocyclone_diameter>
      <mesocyclone_diameter_equivalent units="km">8.151670</mesocyclone_diameter_equivalent>
      <mesocyclone_top units="km">9.912788</mesocyclone_top>
      <mesocyclone_base units="km">1.400021</mesocyclone_base>
      <mesocyclone_echotop units="km">8.620121</mesocyclone_echotop>
      <mesocyclone_vil units="kg/m*m">12.041283</mesocyclone_vil>
      <mesocyclone_shear_vectors>45</mesocyclone_shear_vectors>
      <mesocyclone_shear_features>3</mesocyclone_shear_features>
      <elevations>
        <elevation site="isn" units="&#176;">1.5,2.5</elevation>
        <elevation site="mem" units="&#176;">1.5</elevation>
      </elevations>
      <mean_dbz units="DBZ">38.72</mean_dbz>
      <max_dbz units="DBZ">54.39</max_dbz>
      <mesocyclone_velocity_max units="m/s">31.462845</mesocyclone_velocity_max>
      <mesocyclone_velocity_rotational_max units="m/s">30.199276</mesocyclone_velocity_rotational_max>
      <mesocyclone_velocity_rotational_mean units="m/s">9.604160</mesocyclone_velocity_rotational_mean>
      <mesocyclone_velocity_rotational_max_closest_to_ground units="m/s">12.371969</mesocyclone_velocity_rotational_max_closest_to_ground>
      <meso_intensity>5</meso_intensity>
    </nowcast-parameters>
  </event>
  <event ID="71">
    <time time-coordinate="UTC">2021-07-08T14:15:00</time>
    <location>
      <area>
        <ellipse>
          <moving-point>
            <latitude>46.789707</latitude>
            <longitude>10.993679</longitude>
            <polar_motion>
              <speed units="km/h">0.0</speed>
            </polar_motion>
          </moving-point>
          <major_axis units="km">7.89</major_axis>
          <minor_axis units="km">7.89</minor_axis>
          <orientation units="degrees true">0</orientation>
        </ellipse>
      </area>
    </location>
    <nowcast-parameters>
      <mesocyclone_shear_mean units="m/s/km">4.331044</mesocyclone_shear_mean>
      <mesocyclone_shear_max units="m/s/km">7.524377</mesocyclone_shear_max>
      <mesocyclone_momentum_mean units="m/s/km">72.406600</mesocyclone_momentum_mean>
      <mesocyclone_momentum_max units="m/s/km">348.429614</mesocyclone_momentum_max>
      <mesocyclone_diameter units="km">7.890221</mesocyclone_diameter>
      <mesocyclone_diameter_equivalent units="km">3.683234</mesocyclone_diameter_equivalent>
      <mesocyclone_top units="km">5.484624</mesocyclone_top>
      <mesocyclone_base units="km">-0.780874</mesocyclone_base>
      <mesocyclone_echotop units="km">8.180215</mesocyclone_echotop>
      <mesocyclone_vil units="kg/m*m">25.046255</mesocyclone_vil>
      <mesocyclone_shear_vectors>14</mesocyclone_shear_vectors>
      <mesocyclone_shear_features>3</mesocyclone_shear_features>
      <elevations>
        <elevation site="isn" units="&#176;">0.5,1.5</elevation>
        <elevation site="mem" units="&#176;">0.5</elevation>
      </elevations>
      <mean_dbz units="DBZ">43.78</mean_dbz>
      <max_dbz units="DBZ">57.63</max_dbz>
      <mesocyclone_velocity_max units="m/s">31.715559</mesocyclone_velocity_max>
      <mesocyclone_velocity_rotational_max units="m/s">17.689954</mesocyclone_velocity_rotational_max>
      <mesocyclone_velocity_rotational_mean units="m/s">7.889341</mesocyclone_velocity_rotational_mean>
      <mesocyclone_velocity_rotational_max_closest_to_ground units="m/s">8.458388</mesocyclone_velocity_rotational_max_closest_to_ground>
      <meso_intensity>2</meso_intensity>
    </nowcast-parameters>
  </event>
</nowcast-data>
