<?xml version="1.0" encoding="UTF-8"?>
<nowcast-data>
  <radar-stations>ASB,BOO,ROS,HNR,UMD,PRO,ESS,FLD,DRS,NEU,NHB,OFT,EIS,TUR,ISN,FBG,MEM</radar-stations>
  <event ID="21">
    <time time-coordinate="UTC">2021-07-08T01:50:00</time>
    <location>
      <area>
        <ellipse>
          <moving-point>
            <latitude>47.294871</latitude>
            <longitude>9.500080</longitude>
            <polar_motion>
              <speed units="km/h">0.0</speed>
            </polar_motion>
          </moving-point>
          <major_axis units="km">10.00</major_axis>
          <minor_axis units="km">10.00</minor_axis>
          <orientation units="degrees true">0</orientation>
        </ellipse>
      </area>
    </location>
    <nowcast-parameters>
      <mesocyclone_shear_mean units="m/s/km">4.272280</mesocyclone_shear_mean>
      <mesocyclone_shear_max units="m/s/km">8.276874</mesocyclone_shear_max>
      <mesocyclone_momentum_mean units="m/s/km">67.445637</mesocyclone_momentum_mean>
      <mesocyclone_momentum_max units="m/s/km">171.879207</mesocyclone_momentum_max>
      <mesocyclone_diameter units="km">10.000000</mesocyclone_diameter>
      <mesocyclone_diameter_equivalent units="km">5.240870</mesocyclone_diameter_equivalent>
      <mesocyclone_top units="km">6.273448</mesocyclone_top>
      <mesocyclone_base units="km">3.717806</mesocyclone_base>
      <mesocyclone_echotop units="km">7.299533</mesocyclone_echotop>
      <mesocyclone_vil units="kg/m*m">9.712217</mesocyclone_vil>
      <mesocyclone_shear_vectors>14</mesocyclone_shear_vectors>
      <mesocyclone_shear_features>2</mesocyclone_shear_features>
      <elevations>
        <elevation site="tur" units="&#176;">1.5</elevation>
        <elevation site="mem" units="&#176;">2.5</elevation>
      </elevations>
      <mean_dbz units="DBZ">39.72</mean_dbz>
      <max_dbz units="DBZ">57.84</max_dbz>
      <mesocyclone_velocity_max units="m/s">29.826412</mesocyclone_velocity_max>
      <mesocyclone_velocity_rotational_max units="m/s">10.407514</mesocyclone_velocity_rotational_max>
      <mesocyclone_velocity_rotational_mean units="m/s">7.468696</mesocyclone_velocity_rotational_mean>
      <mesocyclone_velocity_rotational_max_closest_to_ground units="m/s">10.407514</mesocyclone_velocity_rotational_max_closest_to_ground>
      <meso_intensity>2</meso_intensity>
    </nowcast-parameters>
  </event>
</nowcast-data>
