<?xml version="1.0" encoding="UTF-8"?>
<nowcast-data>
  <radar-stations>ASB,BOO,ROS,HNR,UMD,PRO,ESS,FLD,DRS,NEU,NHB,OFT,EIS,TUR,ISN,FBG,MEM</radar-stations>
  <event ID="41">
    <time time-coordinate="UTC">2021-07-08T06:00:00</time>
    <location>
      <area>
        <ellipse>
          <moving-point>
            <latitude>47.025065</latitude>
            <longitude>9.558983</longitude>
            <polar_motion>
              <speed units="km/h">0.0</speed>
            </polar_motion>
          </moving-point>
          <major_axis units="km">19.00</major_axis>
          <minor_axis units="km">19.00</minor_axis>
          <orientation units="degrees true">0</orientation>
        </ellipse>
      </area>
    </location>
    <nowcast-parameters>
      <mesocyclone_shear_mean units="m/s/km">3.503793</mesocyclone_shear_mean>
      <mesocyclone_shear_max units="m/s/km">10.310809</mesocyclone_shear_max>
      <mesocyclone_momentum_mean units="m/s/km">128.752858</mesocyclone_momentum_mean>
      <mesocyclone_momentum_max units="m/s/km">406.380016</mesocyclone_momentum_max>
      <mesocyclone_diameter units="km">19.000000</mesocyclone_diameter>
      <mesocyclone_diameter_equivalent units="km">8.356665</mesocyclone_diameter_equivalent>
      <mesocyclone_top units="km">4.704671</mesocyclone_top>
      <mesocyclone_base units="km">1.295383</mesocyclone_base>
      <mesocyclone_echotop units="km">7.632330</mesocyclone_echotop>
      <mesocyclone_vil units="kg/m*m">5.277198</mesocyclone_vil>
      <mesocyclone_shear_vectors>30</mesocyclone_shear_vectors>
      <mesocyclone_shear_features>2</mesocyclone_shear_features>
      <elevations>
        <elevation site="tur" units="&#176;">0.5</elevation>
        <elevation site="mem" units="&#176;">1.5</elevation>
      </elevations>
      <mean_dbz units="DBZ">29.59</mean_dbz>
      <max_dbz units="DBZ">45.14</max_dbz>
      <mesocyclone_velocity_max units="m/s">31.687389</mesocyclone_velocity_max>
      <mesocyclone_velocity_rotational_max units="m/s">18.684199</mesocyclone_velocity_rotational_max>
      <mesocyclone_velocity_rotational_mean units="m/s">8.911192</mesocyclone_velocity_rotational_mean>
      <mesocyclone_velocity_rotational_max_closest_to_ground units="m/s">18.684199</mesocyclone_velocity_rotational_max_closest_to_ground>
      <meso_intensity>3</meso_intensity>
    </nowcast-parameters>
  </event>
  <event ID="64">
    <time time-coordinate="UTC">2021-07-08T06:00:00</time>
    <location>
      <area>
        <ellipse>
          <moving-point>
            <latitude>46.822637</latitude>
            <longitude>8.977225</longitude>
            <polar_motion>
              <speed units="km/h">0.0</speed>
            </polar_motion>
          </moving-point>
          <major_axis units="km">9.40</major_axis>
          <minor_axis units="km">9.40</minor_axis>
          <orientation units="degrees true">0</orientation>
        </ellipse>
      </area>
    </location>
    <nowcast-parameters>
      <mesocyclone_shear_mean units="m/s/km">4.788870</mesocyclone_shear_mean>
      <mesocyclone_shear_max units="m/s/km">7.035133</mesocyclone_shear_max>
      <mesocyclone_momentum_mean units="m/s/km">139.369014</mesocyclone_momentum_mean>
      <mesocyclone_momentum_max units="m/s/km">686.853287</mesocyclone_momentum_max>
      <mesocyclone_diameter units="km">9.400702</mesocyclone_diameter>
      <mesocyclone_diameter_equivalent units="km">5.072576</mesocyclone_diameter_equivalent>
      <mesocyclone_top units="km">8.280025</mesocyclone_top>
      <mesocyclone_base units="km">-0.188745</mesocyclone_base>
      <mesocyclone_echotop units="km">6.898277</mesocyclone_echotop>
      <mesocyclone_vil units="kg/m*m">5.881162</mesocyclone_vil>
      <mesocyclone_shear_vectors>12</mesocyclone_shear_vectors>
      <mesocyclone_shear_features>2</mesocyclone_shear_features>
      <elevations>
        <elevation site="mem" units="&#176;">0.5,2.5</elevation>
      </elevations>
      <mean_dbz units="DBZ">35.39</mean_dbz>
      <max_dbz units="DBZ">50.72</max_dbz>
      <mesocyclone_velocity_max units="m/s">26.385117</mesocyclone_velocity_max>
      <mesocyclone_velocity_rotational_max units="m/s">29.667478</mesocyclone_velocity_rotational_max>
      <mesocyclone_velocity_rotational_mean units="m/s">10.797235</mesocyclone_velocity_rotational_mean>
      <mesocyclone_velocity_rotational_max_closest_to_ground units="m/s">29.667478</mesocyclone_velocity_rotational_max_closest_to_ground>
      <meso_intensity>5</meso_intensity>
    </nowcast-parameters>
  </event>
</nowcast-data>
