<?xml version="1.0" encoding="UTF-8"?>
<nowcast-data>
  <radar-stations>ASB,BOO,ROS,HNR,UMD,PRO,ESS,FLD,DRS,NEU,NHB,OFT,EIS,TUR,ISN,FBG,MEM</radar-stations>
  <event ID="28">
    <time time-coordinate="UTC">2021-07-08T10:35:00</time>
    <location>
      <area>
        <ellipse>
          <moving-point>
            <latitude>49.670824</latitude>
            <longitude>12.134828</longitude>
            <polar_motion>
              <speed units="km/h">0.0</speed>
            </polar_motion>
          </moving-point>
          <major_axis units="km">10.50</major_axis>
          <minor_axis units="km">10.50</minor_axis>
          <orientation units="degrees true">0</orientation>
        </ellipse>
      </area>
    </location>
    <nowcast-parameters>
      <mesocyclone_shear_mean units="m/s/km">3.712696</mesocyclone_shear_mean>
      <mesocyclone_shear_max units="m/s/km">7.836599</mesocyclone_shear_max>
      <mesocyclone_momentum_mean units="m/s/km">91.791944</mesocyclone_momentum_mean>
      <mesocyclone_momentum_max units="m/s/km">618.839121</mesocyclone_momentum_max>
      <mesocyclone_diameter units="km">10.500000</mesocyclone_diameter>
      <mesocyclone_diameter_equivalent units="km">7.158318</mesocyclone_diameter_equivalent>
      <mesocyclone_top units="km">8.521971</mesocyclone_top>
      <mesocyclone_base units="km">1.963179</mesocyclone_base>
      <mesocyclone_echotop units="km">9.441857</mesocyclone_echotop>
      <mesocyclone_vil units="kg/m*m">11.343899</mesocyclone_vil>
      <mesocyclone_shear_vectors>31</mesocyclone_shear_vectors>
      <mesocyclone_shear_features>4</mesocyclone_shear_features>
      <elevations>
        <elevation site="eis" units="&#176;">8.0,12.0,17.0</elevation>
        <elevation site="isn" units="&#176;">0.5</elevation>
      </elevations>
      <mean_dbz units="DBZ">32.68</mean_dbz>
      <max_dbz units="DBZ">48.91</max_dbz>
      <mesocyclone_velocity_max units="m/s">30.957420</mesocyclone_velocity_max>
      <mesocyclone_velocity_rotational_max units="m/s">26.155858</mesocyclone_velocity_rotational_max>
      <mesocyclone_velocity_rotational_mean units="m/s">8.156259</mesocyclone_velocity_rotational_mean>
      <mesocyclone_velocity_rotational_max_closest_to_ground units="m/s">26.155858</mesocyclone_velocity_rotational_max_closest_to_ground>
      <meso_intensity>4</meso_intensity>
    </nowcast-parameters>
  </event>
  <event ID="34">
    <time time-coordinate="UTC">2021-07-08T10:35:00</time>
    <location>
      <area>
        <ellipse>
          <moving-point>
            <latitude>47.171031</latitude>
            <longitude>10.460045</longitude>
            <polar_motion>
              <speed units="km/h">0.0</speed>
            </polar_motion>
          </moving-point>
          <major_axis units="km">12.41</major_axis>
          <minor_axis units="km">12.41</minor_axis>
          <orientation units="degrees true">0</orientation>
        </ellipse>
      </area>
    </location>
    <nowcast-parameters>
      <mesocyclone_shear_mean units="m/s/km">3.946259</mesocyclone_shear_mean>
      <mesocyclone_shear_max units="m/s/km">6.956275</mesocyclone_shear_max>
      <mesocyclone_momentum_mean units="m/s/km">129.558128</mesocyclone_momentum_mean>
      <mesocyclone_momentum_max units="m/s/km">377.845172</mesocyclone_momentum_max>
      <mesocyclone_diameter units="km">12.405988</mesocyclone_diameter>
      <mesocyclone_diameter_equivalent units="km">4.921298</mesocyclone_diameter_equivalent>
      <mesocyclone_top units="km">5.638444</mesocyclone_top>
      <mesocyclone_base units="km">0.952840</mesocyclone_base>
      <mesocyclone_echotop units="km">4.879414</mesocyclone_echotop>
      <mesocyclone_vil units="kg/m*m">2.566061</mesocyclone_vil>
      <mesocyclone_shear_vectors>9</mesocyclone_shear_vectors>
      <mesocyclone_shear_features>4</mesocyclone_shear_features>
      <elevations>
        <elevation site="tur" units="&#176;">0.5,1.5</elevation>
        <elevation site="isn" units="&#176;">1.5</elevation>
        <elevation site="mem" units="&#176;">1.5</elevation>
      </elevations>
      <mean_dbz units="DBZ">29.07</mean_dbz>
      <max_dbz units="DBZ">41.39</max_dbz>
      <mesocyclone_velocity_max units="m/s">26.155859</mesocyclone_velocity_max>
      <mesocyclone_velocity_rotational_max units="m/s">21.830393</mesocyclone_velocity_rotational_max>
      <mesocyclone_velocity_rotational_mean units="m/s">9.553627</mesocyclone_velocity_rotational_mean>
      <mesocyclone_velocity_rotational_max_closest_to_ground units="m/s">13.707456</mesocyclone_velocity_rotational_max_closest_to_ground>
      <meso_intensity>2</meso_intensity>
    </nowcast-parameters>
  </event>
  <event ID="60">
    <time time-coordinate="UTC">2021-07-08T10:35:00</time>
    <location>
      <area>
        <ellipse>
          <moving-point>
            <latitude>47.110945</latitude>
            <longitude>9.968397</longitude>
            <polar_motion>
              <speed units="km/h">0.0</speed>
            </polar_motion>
          </moving-point>
          <major_axis units="km">7.27</major_axis>
          <minor_axis units="km">7.27</minor_axis>
          <orientation units="degrees true">0</orientation>
        </ellipse>
      </area>
    </location>
    <nowcast-parameters>
      <mesocyclone_shear_mean units="m/s/km">5.920502</mesocyclone_shear_mean>
      <mesocyclone_shear_max units="m/s/km">13.719117</mesocyclone_shear_max>
      <mesocyclone_momentum_mean units="m/s/km">84.722403</mesocyclone_momentum_mean>
      <mesocyclone_momentum_max units="m/s/km">349.710780</mesocyclone_momentum_max>
      <mesocyclone_diameter units="km">7.271242</mesocyclone_diameter>
      <mesocyclone_diameter_equivalent units="km">4.208872</mesocyclone_diameter_equivalent>
      <mesocyclone_top units="km">8.050444</mesocyclone_top>
      <mesocyclone_base units="km">1.713889</mesocyclone_base>
      <mesocyclone_echotop units="km">8.376921</mesocyclone_echotop>
      <mesocyclone_vil units="kg/m*m">9.610076</mesocyclone_vil>
      <mesocyclone_shear_vectors>15</mesocyclone_shear_vectors>
      <mesocyclone_shear_features>4</mesocyclone_shear_features>
      <elevations>
        <elevation site="fbg" units="&#176;">1.5</elevation>
        <elevation site="mem" units="&#176;">1.5,3.5,4.5</elevation>
      </elevations>
      <mean_dbz units="DBZ">35.40</mean_dbz>
      <max_dbz units="DBZ">48.56</max_dbz>
      <mesocyclone_velocity_max units="m/s">31.182415</mesocyclone_velocity_max>
      <mesocyclone_velocity_rotational_max units="m/s">21.335335</mesocyclone_velocity_rotational_max>
      <mesocyclone_velocity_rotational_mean units="m/s">9.628671</mesocyclone_velocity_rotational_mean>
      <mesocyclone_velocity_rotational_max_closest_to_ground units="m/s">12.876948</mesocyclone_velocity_rotational_max_closest_to_ground>
      <meso_intensity>2</meso_intensity>
    </nowcast-parameters>
  </event>
  <event ID="70">
    <time time-coordinate="UTC">2021-07-08T10:35:00</time>
    <location>
      <area>
        <ellipse>
          <moving-point>
            <latitude>46.556920</latitude>
            <longitude>9.324536</longitude>
            <polar_motion>
              <speed units="km/h">0.0</speed>
            </polar_motion>
          </moving-point>
          <major_axis units="km">8.15</major_axis>
          <minor_axis units="km">8.15</minor_axis>
          <orientation units="degrees true">0</orientation>
        </ellipse>
      </area>
    </location>
    <nowcast-parameters>
      <mesocyclone_shear_mean units="m/s/km">4.661943</mesocyclone_shear_mean>
      <mesocyclone_shear_max units="m/s/km">7.760553</mesocyclone_shear_max>
      <mesocyclone_momentum_mean units="m/s/km">104.979833</mesocyclone_momentum_mean>
      <mesocyclone_momentum_max units="m/s/km">210.994064</mesocyclone_momentum_max>
      <mesocyclone_diameter units="km">8.147103</mesocyclone_diameter>
      <mesocyclone_diameter_equivalent units="km">4.659389</mesocyclone_diameter_equivalent>
      <mesocyclone_top units="km">10.174565</mesocyclone_top>
      <mesocyclone_base units="km">3.851266</mesocyclone_base>
      <mesocyclone_echotop units="km">9.448428</mesocyclone_echotop>
      <mesocyclone_vil units="kg/m*m">26.048229</mesocyclone_vil>
      <mesocyclone_shear_vectors>10</mesocyclone_shear_vectors>
      <mesocyclone_shear_features>2</mesocyclone_shear_features>
      <elevations>
        <elevation site="mem" units="&#176;">1.5,2.5</elevation>
      </elevations>
      <mean_dbz units="DBZ">47.82</mean_dbz>
      <max_dbz units="DBZ">60.16</max_dbz>
      <mesocyclone_velocity_max units="m/s">31.687389</mesocyclone_velocity_max>
      <mesocyclone_velocity_rotational_max units="m/s">12.245726</mesocyclone_velocity_rotational_max>
      <mesocyclone_velocity_rotational_mean units="m/s">9.681382</mesocyclone_velocity_rotational_mean>
      <mesocyclone_velocity_rotational_max_closest_to_ground units="m/s">12.119480</mesocyclone_velocity_rotational_max_closest_to_ground>
      <meso_intensity>2</meso_intensity>
    </nowcast-parameters>
  </event>
</nowcast-data>
