<?xml version="1.0" encoding="UTF-8"?>
<nowcast-data>
  <radar-stations>ASB,BOO,ROS,HNR,UMD,PRO,ESS,FLD,DRS,NEU,NHB,OFT,EIS,TUR,ISN,FBG,MEM</radar-stations>
  <event ID="32">
    <time time-coordinate="UTC">2021-07-06T23:40:00</time>
    <location>
      <area>
        <ellipse>
          <moving-point>
            <latitude>50.548733</latitude>
            <longitude>13.179566</longitude>
            <polar_motion>
              <speed units="km/h">0.0</speed>
            </polar_motion>
          </moving-point>
          <major_axis units="km">6.07</major_axis>
          <minor_axis units="km">6.07</minor_axis>
          <orientation units="degrees true">0</orientation>
        </ellipse>
      </area>
    </location>
    <nowcast-parameters>
      <mesocyclone_shear_mean units="m/s/km">4.318757</mesocyclone_shear_mean>
      <mesocyclone_shear_max units="m/s/km">6.476238</mesocyclone_shear_max>
      <mesocyclone_momentum_mean units="m/s/km">59.496905</mesocyclone_momentum_mean>
      <mesocyclone_momentum_max units="m/s/km">201.596741</mesocyclone_momentum_max>
      <mesocyclone_diameter units="km">6.071862</mesocyclone_diameter>
      <mesocyclone_diameter_equivalent units="km">3.100528</mesocyclone_diameter_equivalent>
      <mesocyclone_top units="km">6.491588</mesocyclone_top>
      <mesocyclone_base units="km">2.440546</mesocyclone_base>
      <mesocyclone_echotop units="km">5.942316</mesocyclone_echotop>
      <mesocyclone_vil units="kg/m*m">8.723541</mesocyclone_vil>
      <mesocyclone_shear_vectors>8</mesocyclone_shear_vectors>
      <mesocyclone_shear_features>2</mesocyclone_shear_features>
      <elevations>
        <elevation site="drs" units="&#176;">2.5</elevation>
        <elevation site="neu" units="&#176;">1.5</elevation>
      </elevations>
      <mean_dbz units="DBZ">37.49</mean_dbz>
      <max_dbz units="DBZ">51.77</max_dbz>
      <mesocyclone_velocity_max units="m/s">14.744429</mesocyclone_velocity_max>
      <mesocyclone_velocity_rotational_max units="m/s">9.982187</mesocyclone_velocity_rotational_max>
      <mesocyclone_velocity_rotational_mean units="m/s">7.050799</mesocyclone_velocity_rotational_mean>
      <mesocyclone_velocity_rotational_max_closest_to_ground units="m/s">8.569411</mesocyclone_velocity_rotational_max_closest_to_ground>
      <meso_intensity>1</meso_intensity>
    </nowcast-parameters>
  </event>
</nowcast-data>
