<?xml version="1.0" encoding="UTF-8"?>
<nowcast-data>
  <radar-stations>ASB,BOO,ROS,HNR,UMD,PRO,ESS,FLD,DRS,NEU,NHB,OFT,EIS,TUR,ISN,FBG,MEM</radar-stations>
  <event ID="7">
    <time time-coordinate="UTC">2021-07-08T13:45:00</time>
    <location>
      <area>
        <ellipse>
          <moving-point>
            <latitude>51.684244</latitude>
            <longitude>13.404491</longitude>
            <polar_motion>
              <speed units="km/h">0.0</speed>
            </polar_motion>
          </moving-point>
          <major_axis units="km">10.25</major_axis>
          <minor_axis units="km">10.25</minor_axis>
          <orientation units="degrees true">0</orientation>
        </ellipse>
      </area>
    </location>
    <nowcast-parameters>
      <mesocyclone_shear_mean units="m/s/km">3.152642</mesocyclone_shear_mean>
      <mesocyclone_shear_max units="m/s/km">5.814387</mesocyclone_shear_max>
      <mesocyclone_momentum_mean units="m/s/km">78.948560</mesocyclone_momentum_mean>
      <mesocyclone_momentum_max units="m/s/km">277.013014</mesocyclone_momentum_max>
      <mesocyclone_diameter units="km">10.250000</mesocyclone_diameter>
      <mesocyclone_diameter_equivalent units="km">5.992304</mesocyclone_diameter_equivalent>
      <mesocyclone_top units="km">4.255667</mesocyclone_top>
      <mesocyclone_base units="km">1.520732</mesocyclone_base>
      <mesocyclone_echotop units="km">6.420276</mesocyclone_echotop>
      <mesocyclone_vil units="kg/m*m">3.365804</mesocyclone_vil>
      <mesocyclone_shear_vectors>21</mesocyclone_shear_vectors>
      <mesocyclone_shear_features>2</mesocyclone_shear_features>
      <elevations>
        <elevation site="umd" units="&#176;">0.5</elevation>
        <elevation site="drs" units="&#176;">2.5</elevation>
      </elevations>
      <mean_dbz units="DBZ">32.78</mean_dbz>
      <max_dbz units="DBZ">42.68</max_dbz>
      <mesocyclone_velocity_max units="m/s">17.768929</mesocyclone_velocity_max>
      <mesocyclone_velocity_rotational_max units="m/s">12.728094</mesocyclone_velocity_rotational_max>
      <mesocyclone_velocity_rotational_mean units="m/s">7.191584</mesocyclone_velocity_rotational_mean>
      <mesocyclone_velocity_rotational_max_closest_to_ground units="m/s">12.728094</mesocyclone_velocity_rotational_max_closest_to_ground>
      <meso_intensity>2</meso_intensity>
    </nowcast-parameters>
  </event>
  <event ID="29">
    <time time-coordinate="UTC">2021-07-08T13:45:00</time>
    <location>
      <area>
        <ellipse>
          <moving-point>
            <latitude>51.224688</latitude>
            <longitude>8.265881</longitude>
            <polar_motion>
              <speed units="km/h">0.0</speed>
            </polar_motion>
          </moving-point>
          <major_axis units="km">7.00</major_axis>
          <minor_axis units="km">7.00</minor_axis>
          <orientation units="degrees true">0</orientation>
        </ellipse>
      </area>
    </location>
    <nowcast-parameters>
      <mesocyclone_shear_mean units="m/s/km">4.983312</mesocyclone_shear_mean>
      <mesocyclone_shear_max units="m/s/km">9.888876</mesocyclone_shear_max>
      <mesocyclone_momentum_mean units="m/s/km">62.092697</mesocyclone_momentum_mean>
      <mesocyclone_momentum_max units="m/s/km">161.705829</mesocyclone_momentum_max>
      <mesocyclone_diameter units="km">7.000000</mesocyclone_diameter>
      <mesocyclone_diameter_equivalent units="km">5.030880</mesocyclone_diameter_equivalent>
      <mesocyclone_top units="km">7.928626</mesocyclone_top>
      <mesocyclone_base units="km">1.876057</mesocyclone_base>
      <mesocyclone_echotop units="km">7.401522</mesocyclone_echotop>
      <mesocyclone_vil units="kg/m*m">24.038476</mesocyclone_vil>
      <mesocyclone_shear_vectors>22</mesocyclone_shear_vectors>
      <mesocyclone_shear_features>2</mesocyclone_shear_features>
      <elevations>
        <elevation site="nhb" units="&#176;">0.5,1.5</elevation>
      </elevations>
      <mean_dbz units="DBZ">43.39</mean_dbz>
      <max_dbz units="DBZ">61.46</max_dbz>
      <mesocyclone_velocity_max units="m/s">30.451992</mesocyclone_velocity_max>
      <mesocyclone_velocity_rotational_max units="m/s">14.910104</mesocyclone_velocity_rotational_max>
      <mesocyclone_velocity_rotational_mean units="m/s">8.339549</mesocyclone_velocity_rotational_mean>
      <mesocyclone_velocity_rotational_max_closest_to_ground units="m/s">9.476761</mesocyclone_velocity_rotational_max_closest_to_ground>
      <meso_intensity>2</meso_intensity>
    </nowcast-parameters>
  </event>
  <event ID="34">
    <time time-coordinate="UTC">2021-07-08T13:45:00</time>
    <location>
      <area>
        <ellipse>
          <moving-point>
            <latitude>49.866089</latitude>
            <longitude>13.178590</longitude>
            <polar_motion>
              <speed units="km/h">0.0</speed>
            </polar_motion>
          </moving-point>
          <major_axis units="km">17.00</major_axis>
          <minor_axis units="km">17.00</minor_axis>
          <orientation units="degrees true">0</orientation>
        </ellipse>
      </area>
    </location>
    <nowcast-parameters>
      <mesocyclone_shear_mean units="m/s/km">4.134580</mesocyclone_shear_mean>
      <mesocyclone_shear_max units="m/s/km">12.086099</mesocyclone_shear_max>
      <mesocyclone_momentum_mean units="m/s/km">119.501798</mesocyclone_momentum_mean>
      <mesocyclone_momentum_max units="m/s/km">624.190109</mesocyclone_momentum_max>
      <mesocyclone_diameter units="km">17.000000</mesocyclone_diameter>
      <mesocyclone_diameter_equivalent units="km">7.221465</mesocyclone_diameter_equivalent>
      <mesocyclone_top units="km">7.914526</mesocyclone_top>
      <mesocyclone_base units="km">0.502006</mesocyclone_base>
      <mesocyclone_echotop units="km">9.438863</mesocyclone_echotop>
      <mesocyclone_vil units="kg/m*m">6.053854</mesocyclone_vil>
      <mesocyclone_shear_vectors>31</mesocyclone_shear_vectors>
      <mesocyclone_shear_features>4</mesocyclone_shear_features>
      <elevations>
        <elevation site="drs" units="&#176;">1.5</elevation>
        <elevation site="neu" units="&#176;">1.5</elevation>
        <elevation site="eis" units="&#176;">0.5,5.5</elevation>
      </elevations>
      <mean_dbz units="DBZ">33.62</mean_dbz>
      <max_dbz units="DBZ">50.23</max_dbz>
      <mesocyclone_velocity_max units="m/s">31.883247</mesocyclone_velocity_max>
      <mesocyclone_velocity_rotational_max units="m/s">22.112441</mesocyclone_velocity_rotational_max>
      <mesocyclone_velocity_rotational_mean units="m/s">9.323103</mesocyclone_velocity_rotational_mean>
      <mesocyclone_velocity_rotational_max_closest_to_ground units="m/s">17.642907</mesocyclone_velocity_rotational_max_closest_to_ground>
      <meso_intensity>4</meso_intensity>
    </nowcast-parameters>
  </event>
  <event ID="57">
    <time time-coordinate="UTC">2021-07-08T13:45:00</time>
    <location>
      <area>
        <ellipse>
          <moving-point>
            <latitude>48.825093</latitude>
            <longitude>12.491054</longitude>
            <polar_motion>
              <speed units="km/h">0.0</speed>
            </polar_motion>
          </moving-point>
          <major_axis units="km">20.25</major_axis>
          <minor_axis units="km">20.25</minor_axis>
          <orientation units="degrees true">0</orientation>
        </ellipse>
      </area>
    </location>
    <nowcast-parameters>
      <mesocyclone_shear_mean units="m/s/km">3.024575</mesocyclone_shear_mean>
      <mesocyclone_shear_max units="m/s/km">11.658669</mesocyclone_shear_max>
      <mesocyclone_momentum_mean units="m/s/km">123.469650</mesocyclone_momentum_mean>
      <mesocyclone_momentum_max units="m/s/km">470.066058</mesocyclone_momentum_max>
      <mesocyclone_diameter units="km">20.250000</mesocyclone_diameter>
      <mesocyclone_diameter_equivalent units="km">11.675265</mesocyclone_diameter_equivalent>
      <mesocyclone_top units="km">10.653252</mesocyclone_top>
      <mesocyclone_base units="km">2.246336</mesocyclone_base>
      <mesocyclone_echotop units="km">8.983041</mesocyclone_echotop>
      <mesocyclone_vil units="kg/m*m">13.954734</mesocyclone_vil>
      <mesocyclone_shear_vectors>60</mesocyclone_shear_vectors>
      <mesocyclone_shear_features>9</mesocyclone_shear_features>
      <elevations>
        <elevation site="eis" units="&#176;">1.5,3.5,4.5,5.5,8.0</elevation>
        <elevation site="isn" units="&#176;">2.5,3.5,4.5,5.5</elevation>
      </elevations>
      <mean_dbz units="DBZ">40.14</mean_dbz>
      <max_dbz units="DBZ">53.27</max_dbz>
      <mesocyclone_velocity_max units="m/s">31.968277</mesocyclone_velocity_max>
      <mesocyclone_velocity_rotational_max units="m/s">19.964374</mesocyclone_velocity_rotational_max>
      <mesocyclone_velocity_rotational_mean units="m/s">8.854542</mesocyclone_velocity_rotational_mean>
      <mesocyclone_velocity_rotational_max_closest_to_ground units="m/s">10.963805</mesocyclone_velocity_rotational_max_closest_to_ground>
      <meso_intensity>3</meso_intensity>
    </nowcast-parameters>
  </event>
  <event ID="58">
    <time time-coordinate="UTC">2021-07-08T13:45:00</time>
    <location>
      <area>
        <ellipse>
          <moving-point>
            <latitude>48.692266</latitude>
            <longitude>12.448101</longitude>
            <polar_motion>
              <speed units="km/h">0.0</speed>
            </polar_motion>
          </moving-point>
          <major_axis units="km">7.75</major_axis>
          <minor_axis units="km">7.75</minor_axis>
          <orientation units="degrees true">0</orientation>
        </ellipse>
      </area>
    </location>
    <nowcast-parameters>
      <mesocyclone_shear_mean units="m/s/km">2.820051</mesocyclone_shear_mean>
      <mesocyclone_shear_max units="m/s/km">4.693000</mesocyclone_shear_max>
      <mesocyclone_momentum_mean units="m/s/km">97.228272</mesocyclone_momentum_mean>
      <mesocyclone_momentum_max units="m/s/km">201.471274</mesocyclone_momentum_max>
      <mesocyclone_diameter units="km">7.750000</mesocyclone_diameter>
      <mesocyclone_diameter_equivalent units="km">5.082522</mesocyclone_diameter_equivalent>
      <mesocyclone_top units="km">4.708801</mesocyclone_top>
      <mesocyclone_base units="km">2.475505</mesocyclone_base>
      <mesocyclone_echotop units="km">6.848620</mesocyclone_echotop>
      <mesocyclone_vil units="kg/m*m">7.324260</mesocyclone_vil>
      <mesocyclone_shear_vectors>13</mesocyclone_shear_vectors>
      <mesocyclone_shear_features>3</mesocyclone_shear_features>
      <elevations>
        <elevation site="eis" units="&#176;">1.5</elevation>
        <elevation site="isn" units="&#176;">2.5,3.5</elevation>
      </elevations>
      <mean_dbz units="DBZ">39.08</mean_dbz>
      <max_dbz units="DBZ">53.21</max_dbz>
      <mesocyclone_velocity_max units="m/s">18.321739</mesocyclone_velocity_max>
      <mesocyclone_velocity_rotational_max units="m/s">15.374531</mesocyclone_velocity_rotational_max>
      <mesocyclone_velocity_rotational_mean units="m/s">7.907729</mesocyclone_velocity_rotational_mean>
      <mesocyclone_velocity_rotational_max_closest_to_ground units="m/s">15.374531</mesocyclone_velocity_rotational_max_closest_to_ground>
      <meso_intensity>2</meso_intensity>
    </nowcast-parameters>
  </event>
  <event ID="99">
    <time time-coordinate="UTC">2021-07-08T13:45:00</time>
    <location>
      <area>
        <ellipse>
          <moving-point>
            <latitude>48.145872</latitude>
            <longitude>12.403347</longitude>
            <polar_motion>
              <speed units="km/h">0.0</speed>
            </polar_motion>
          </moving-point>
          <major_axis units="km">6.75</major_axis>
          <minor_axis units="km">6.75</minor_axis>
          <orientation units="degrees true">0</orientation>
        </ellipse>
      </area>
    </location>
    <nowcast-parameters>
      <mesocyclone_shear_mean units="m/s/km">4.305931</mesocyclone_shear_mean>
      <mesocyclone_shear_max units="m/s/km">6.684105</mesocyclone_shear_max>
      <mesocyclone_momentum_mean units="m/s/km">63.939241</mesocyclone_momentum_mean>
      <mesocyclone_momentum_max units="m/s/km">164.778608</mesocyclone_momentum_max>
      <mesocyclone_diameter units="km">6.750000</mesocyclone_diameter>
      <mesocyclone_diameter_equivalent units="km">4.483579</mesocyclone_diameter_equivalent>
      <mesocyclone_top units="km">4.163330</mesocyclone_top>
      <mesocyclone_base units="km">3.123252</mesocyclone_base>
      <mesocyclone_echotop units="km">8.787370</mesocyclone_echotop>
      <mesocyclone_vil units="kg/m*m">17.565668</mesocyclone_vil>
      <mesocyclone_shear_vectors>14</mesocyclone_shear_vectors>
      <mesocyclone_shear_features>2</mesocyclone_shear_features>
      <elevations>
        <elevation site="isn" units="&#176;">8.0,12.0</elevation>
      </elevations>
      <mean_dbz units="DBZ">46.36</mean_dbz>
      <max_dbz units="DBZ">57.07</max_dbz>
      <mesocyclone_velocity_max units="m/s">14.337814</mesocyclone_velocity_max>
      <mesocyclone_velocity_rotational_max units="m/s">9.389364</mesocyclone_velocity_rotational_max>
      <mesocyclone_velocity_rotational_mean units="m/s">7.667094</mesocyclone_velocity_rotational_mean>
      <mesocyclone_velocity_rotational_max_closest_to_ground units="m/s">8.718619</mesocyclone_velocity_rotational_max_closest_to_ground>
      <meso_intensity>1</meso_intensity>
    </nowcast-parameters>
  </event>
  <event ID="92">
    <time time-coordinate="UTC">2021-07-08T13:45:00</time>
    <location>
      <area>
        <ellipse>
          <moving-point>
            <latitude>48.079387</latitude>
            <longitude>12.585695</longitude>
            <polar_motion>
              <speed units="km/h">0.0</speed>
            </polar_motion>
          </moving-point>
          <major_axis units="km">14.50</major_axis>
          <minor_axis units="km">14.50</minor_axis>
          <orientation units="degrees true">0</orientation>
        </ellipse>
      </area>
    </location>
    <nowcast-parameters>
      <mesocyclone_shear_mean units="m/s/km">3.706371</mesocyclone_shear_mean>
      <mesocyclone_shear_max units="m/s/km">8.753170</mesocyclone_shear_max>
      <mesocyclone_momentum_mean units="m/s/km">84.959157</mesocyclone_momentum_mean>
      <mesocyclone_momentum_max units="m/s/km">213.013610</mesocyclone_momentum_max>
      <mesocyclone_diameter units="km">14.500000</mesocyclone_diameter>
      <mesocyclone_diameter_equivalent units="km">8.728720</mesocyclone_diameter_equivalent>
      <mesocyclone_top units="km">8.020803</mesocyclone_top>
      <mesocyclone_base units="km">2.204189</mesocyclone_base>
      <mesocyclone_echotop units="km">9.688364</mesocyclone_echotop>
      <mesocyclone_vil units="kg/m*m">34.085298</mesocyclone_vil>
      <mesocyclone_shear_vectors>44</mesocyclone_shear_vectors>
      <mesocyclone_shear_features>4</mesocyclone_shear_features>
      <elevations>
        <elevation site="isn" units="&#176;">3.5,4.5,8.0</elevation>
        <elevation site="mem" units="&#176;">1.5</elevation>
      </elevations>
      <mean_dbz units="DBZ">44.78</mean_dbz>
      <max_dbz units="DBZ">62.74</max_dbz>
      <mesocyclone_velocity_max units="m/s">24.870182</mesocyclone_velocity_max>
      <mesocyclone_velocity_rotational_max units="m/s">13.129436</mesocyclone_velocity_rotational_max>
      <mesocyclone_velocity_rotational_mean units="m/s">8.148693</mesocyclone_velocity_rotational_mean>
      <mesocyclone_velocity_rotational_max_closest_to_ground units="m/s">9.097691</mesocyclone_velocity_rotational_max_closest_to_ground>
      <meso_intensity>2</meso_intensity>
    </nowcast-parameters>
  </event>
  <event ID="66">
    <time time-coordinate="UTC">2021-07-08T13:45:00</time>
    <location>
      <area>
        <ellipse>
          <moving-point>
            <latitude>47.882313</latitude>
            <longitude>11.782321</longitude>
            <polar_motion>
              <speed units="km/h">0.0</speed>
            </polar_motion>
          </moving-point>
          <major_axis units="km">8.50</major_axis>
          <minor_axis units="km">8.50</minor_axis>
          <orientation units="degrees true">0</orientation>
        </ellipse>
      </area>
    </location>
    <nowcast-parameters>
      <mesocyclone_shear_mean units="m/s/km">3.528696</mesocyclone_shear_mean>
      <mesocyclone_shear_max units="m/s/km">7.512945</mesocyclone_shear_max>
      <mesocyclone_momentum_mean units="m/s/km">108.723950</mesocyclone_momentum_mean>
      <mesocyclone_momentum_max units="m/s/km">255.165778</mesocyclone_momentum_max>
      <mesocyclone_diameter units="km">8.500000</mesocyclone_diameter>
      <mesocyclone_diameter_equivalent units="km">5.740902</mesocyclone_diameter_equivalent>
      <mesocyclone_top units="km">4.593641</mesocyclone_top>
      <mesocyclone_base units="km">1.718538</mesocyclone_base>
      <mesocyclone_echotop units="km">8.087035</mesocyclone_echotop>
      <mesocyclone_vil units="kg/m*m">7.476903</mesocyclone_vil>
      <mesocyclone_shear_vectors>15</mesocyclone_shear_vectors>
      <mesocyclone_shear_features>3</mesocyclone_shear_features>
      <elevations>
        <elevation site="tur" units="&#176;">0.5</elevation>
        <elevation site="isn" units="&#176;">4.5,5.5</elevation>
      </elevations>
      <mean_dbz units="DBZ">35.95</mean_dbz>
      <max_dbz units="DBZ">52.83</max_dbz>
      <mesocyclone_velocity_max units="m/s">31.715559</mesocyclone_velocity_max>
      <mesocyclone_velocity_rotational_max units="m/s">12.130254</mesocyclone_velocity_rotational_max>
      <mesocyclone_velocity_rotational_mean units="m/s">8.641744</mesocyclone_velocity_rotational_mean>
      <mesocyclone_velocity_rotational_max_closest_to_ground units="m/s">11.803642</mesocyclone_velocity_rotational_max_closest_to_ground>
      <meso_intensity>2</meso_intensity>
    </nowcast-parameters>
  </event>
  <event ID="69">
    <time time-coordinate="UTC">2021-07-08T13:45:00</time>
    <location>
      <area>
        <ellipse>
          <moving-point>
            <latitude>47.612192</latitude>
            <longitude>11.724079</longitude>
            <polar_motion>
              <speed units="km/h">0.0</speed>
            </polar_motion>
          </moving-point>
          <major_axis units="km">15.75</major_axis>
          <minor_axis units="km">15.75</minor_axis>
          <orientation units="degrees true">0</orientation>
        </ellipse>
      </area>
    </location>
    <nowcast-parameters>
      <mesocyclone_shear_mean units="m/s/km">4.056322</mesocyclone_shear_mean>
      <mesocyclone_shear_max units="m/s/km">25.371864</mesocyclone_shear_max>
      <mesocyclone_momentum_mean units="m/s/km">106.637204</mesocyclone_momentum_mean>
      <mesocyclone_momentum_max units="m/s/km">387.177824</mesocyclone_momentum_max>
      <mesocyclone_diameter units="km">15.750000</mesocyclone_diameter>
      <mesocyclone_diameter_equivalent units="km">7.727268</mesocyclone_diameter_equivalent>
      <mesocyclone_top units="km">7.456172</mesocyclone_top>
      <mesocyclone_base units="km">1.209632</mesocyclone_base>
      <mesocyclone_echotop units="km">9.290476</mesocyclone_echotop>
      <mesocyclone_vil units="kg/m*m">9.487357</mesocyclone_vil>
      <mesocyclone_shear_vectors>27</mesocyclone_shear_vectors>
      <mesocyclone_shear_features>5</mesocyclone_shear_features>
      <elevations>
        <elevation site="tur" units="&#176;">0.5</elevation>
        <elevation site="isn" units="&#176;">1.5,3.5,4.5,5.5</elevation>
      </elevations>
      <mean_dbz units="DBZ">34.75</mean_dbz>
      <max_dbz units="DBZ">50.19</max_dbz>
      <mesocyclone_velocity_max units="m/s">31.715561</mesocyclone_velocity_max>
      <mesocyclone_velocity_rotational_max units="m/s">18.700807</mesocyclone_velocity_rotational_max>
      <mesocyclone_velocity_rotational_mean units="m/s">9.070235</mesocyclone_velocity_rotational_mean>
      <mesocyclone_velocity_rotational_max_closest_to_ground units="m/s">18.700807</mesocyclone_velocity_rotational_max_closest_to_ground>
      <meso_intensity>4</meso_intensity>
    </nowcast-parameters>
  </event>
  <event ID="76">
    <time time-coordinate="UTC">2021-07-08T13:45:00</time>
    <location>
      <area>
        <ellipse>
          <moving-point>
            <latitude>47.550695</latitude>
            <longitude>12.228314</longitude>
            <polar_motion>
              <speed units="km/h">0.0</speed>
            </polar_motion>
          </moving-point>
          <major_axis units="km">4.67</major_axis>
          <minor_axis units="km">4.67</minor_axis>
          <orientation units="degrees true">0</orientation>
        </ellipse>
      </area>
    </location>
    <nowcast-parameters>
      <mesocyclone_shear_mean units="m/s/km">5.484747</mesocyclone_shear_mean>
      <mesocyclone_shear_max units="m/s/km">14.403527</mesocyclone_shear_max>
      <mesocyclone_momentum_mean units="m/s/km">62.386073</mesocyclone_momentum_mean>
      <mesocyclone_momentum_max units="m/s/km">121.705179</mesocyclone_momentum_max>
      <mesocyclone_diameter units="km">4.671889</mesocyclone_diameter>
      <mesocyclone_diameter_equivalent units="km">3.351635</mesocyclone_diameter_equivalent>
      <mesocyclone_top units="km">4.084865</mesocyclone_top>
      <mesocyclone_base units="km">-0.310858</mesocyclone_base>
      <mesocyclone_echotop units="km">7.236768</mesocyclone_echotop>
      <mesocyclone_vil units="kg/m*m">11.306319</mesocyclone_vil>
      <mesocyclone_shear_vectors>10</mesocyclone_shear_vectors>
      <mesocyclone_shear_features>2</mesocyclone_shear_features>
      <elevations>
        <elevation site="isn" units="&#176;">0.5,2.5</elevation>
      </elevations>
      <mean_dbz units="DBZ">35.73</mean_dbz>
      <max_dbz units="DBZ">59.41</max_dbz>
      <mesocyclone_velocity_max units="m/s">21.354300</mesocyclone_velocity_max>
      <mesocyclone_velocity_rotational_max units="m/s">17.184524</mesocyclone_velocity_rotational_max>
      <mesocyclone_velocity_rotational_mean units="m/s">8.766004</mesocyclone_velocity_rotational_mean>
      <mesocyclone_velocity_rotational_max_closest_to_ground units="m/s">17.184524</mesocyclone_velocity_rotational_max_closest_to_ground>
      <meso_intensity>2</meso_intensity>
    </nowcast-parameters>
  </event>
  <event ID="65">
    <time time-coordinate="UTC">2021-07-08T13:45:00</time>
    <location>
      <area>
        <ellipse>
          <moving-point>
            <latitude>47.234189</latitude>
            <longitude>10.186026</longitude>
            <polar_motion>
              <speed units="km/h">0.0</speed>
            </polar_motion>
          </moving-point>
          <major_axis units="km">6.50</major_axis>
          <minor_axis units="km">6.50</minor_axis>
          <orientation units="degrees true">0</orientation>
        </ellipse>
      </area>
    </location>
    <nowcast-parameters>
      <mesocyclone_shear_mean units="m/s/km">4.723999</mesocyclone_shear_mean>
      <mesocyclone_shear_max units="m/s/km">8.457931</mesocyclone_shear_max>
      <mesocyclone_momentum_mean units="m/s/km">49.319250</mesocyclone_momentum_mean>
      <mesocyclone_momentum_max units="m/s/km">222.991691</mesocyclone_momentum_max>
      <mesocyclone_diameter units="km">6.500000</mesocyclone_diameter>
      <mesocyclone_diameter_equivalent units="km">3.486437</mesocyclone_diameter_equivalent>
      <mesocyclone_top units="km">5.709436</mesocyclone_top>
      <mesocyclone_base units="km">0.360138</mesocyclone_base>
      <mesocyclone_echotop units="km">9.618090</mesocyclone_echotop>
      <mesocyclone_vil units="kg/m*m">6.871931</mesocyclone_vil>
      <mesocyclone_shear_vectors>10</mesocyclone_shear_vectors>
      <mesocyclone_shear_features>3</mesocyclone_shear_features>
      <elevations>
        <elevation site="tur" units="&#176;">0.5,1.5</elevation>
        <elevation site="mem" units="&#176;">3.5</elevation>
      </elevations>
      <mean_dbz units="DBZ">35.03</mean_dbz>
      <max_dbz units="DBZ">46.24</max_dbz>
      <mesocyclone_velocity_max units="m/s">32.110989</mesocyclone_velocity_max>
      <mesocyclone_velocity_rotational_max units="m/s">13.580537</mesocyclone_velocity_rotational_max>
      <mesocyclone_velocity_rotational_mean units="m/s">7.209165</mesocyclone_velocity_rotational_mean>
      <mesocyclone_velocity_rotational_max_closest_to_ground units="m/s">13.580537</mesocyclone_velocity_rotational_max_closest_to_ground>
      <meso_intensity>2</meso_intensity>
    </nowcast-parameters>
  </event>
  <event ID="113">
    <time time-coordinate="UTC">2021-07-08T13:45:00</time>
    <location>
      <area>
        <ellipse>
          <moving-point>
            <latitude>46.752692</latitude>
            <longitude>8.005473</longitude>
            <polar_motion>
              <speed units="km/h">0.0</speed>
            </polar_motion>
          </moving-point>
          <major_axis units="km">9.35</major_axis>
          <minor_axis units="km">9.35</minor_axis>
          <orientation units="degrees true">0</orientation>
        </ellipse>
      </area>
    </location>
    <nowcast-parameters>
      <mesocyclone_shear_mean units="m/s/km">4.336514</mesocyclone_shear_mean>
      <mesocyclone_shear_max units="m/s/km">13.495754</mesocyclone_shear_max>
      <mesocyclone_momentum_mean units="m/s/km">121.592351</mesocyclone_momentum_mean>
      <mesocyclone_momentum_max units="m/s/km">324.408141</mesocyclone_momentum_max>
      <mesocyclone_diameter units="km">9.348094</mesocyclone_diameter>
      <mesocyclone_diameter_equivalent units="km">6.164695</mesocyclone_diameter_equivalent>
      <mesocyclone_top units="km">7.460968</mesocyclone_top>
      <mesocyclone_base units="km">4.027838</mesocyclone_base>
      <mesocyclone_echotop units="km">6.759520</mesocyclone_echotop>
      <mesocyclone_vil units="kg/m*m">3.837719</mesocyclone_vil>
      <mesocyclone_shear_vectors>21</mesocyclone_shear_vectors>
      <mesocyclone_shear_features>2</mesocyclone_shear_features>
      <elevations>
        <elevation site="fbg" units="&#176;">1.5,2.5</elevation>
      </elevations>
      <mean_dbz units="DBZ">35.29</mean_dbz>
      <max_dbz units="DBZ">48.60</max_dbz>
      <mesocyclone_velocity_max units="m/s">31.213142</mesocyclone_velocity_max>
      <mesocyclone_velocity_rotational_max units="m/s">29.959601</mesocyclone_velocity_rotational_max>
      <mesocyclone_velocity_rotational_mean units="m/s">9.689125</mesocyclone_velocity_rotational_mean>
      <mesocyclone_velocity_rotational_max_closest_to_ground units="m/s">29.959601</mesocyclone_velocity_rotational_max_closest_to_ground>
      <meso_intensity>3</meso_intensity>
    </nowcast-parameters>
  </event>
</nowcast-data>
