<?xml version="1.0" encoding="UTF-8"?>
<nowcast-data>
  <radar-stations>ASB,BOO,ROS,HNR,UMD,PRO,ESS,FLD,DRS,NEU,NHB,OFT,EIS,TUR,ISN,FBG,MEM</radar-stations>
  <event ID="3">
    <time time-coordinate="UTC">2021-07-08T11:25:00</time>
    <location>
      <area>
        <ellipse>
          <moving-point>
            <latitude>51.525011</latitude>
            <longitude>7.908769</longitude>
            <polar_motion>
              <speed units="km/h">0.0</speed>
            </polar_motion>
          </moving-point>
          <major_axis units="km">5.40</major_axis>
          <minor_axis units="km">5.40</minor_axis>
          <orientation units="degrees true">0</orientation>
        </ellipse>
      </area>
    </location>
    <nowcast-parameters>
      <mesocyclone_shear_mean units="m/s/km">7.058750</mesocyclone_shear_mean>
      <mesocyclone_shear_max units="m/s/km">9.569242</mesocyclone_shear_max>
      <mesocyclone_momentum_mean units="m/s/km">134.416939</mesocyclone_momentum_mean>
      <mesocyclone_momentum_max units="m/s/km">248.350497</mesocyclone_momentum_max>
      <mesocyclone_diameter units="km">5.396147</mesocyclone_diameter>
      <mesocyclone_diameter_equivalent units="km">3.766148</mesocyclone_diameter_equivalent>
      <mesocyclone_top units="km">4.853580</mesocyclone_top>
      <mesocyclone_base units="km">1.465996</mesocyclone_base>
      <mesocyclone_echotop units="km">6.658311</mesocyclone_echotop>
      <mesocyclone_vil units="kg/m*m">10.097269</mesocyclone_vil>
      <mesocyclone_shear_vectors>9</mesocyclone_shear_vectors>
      <mesocyclone_shear_features>2</mesocyclone_shear_features>
      <elevations>
        <elevation site="hnr" units="&#176;">0.5</elevation>
        <elevation site="ess" units="&#176;">3.5</elevation>
      </elevations>
      <mean_dbz units="DBZ">40.50</mean_dbz>
      <max_dbz units="DBZ">53.53</max_dbz>
      <mesocyclone_velocity_max units="m/s">22.557713</mesocyclone_velocity_max>
      <mesocyclone_velocity_rotational_max units="m/s">22.431694</mesocyclone_velocity_rotational_max>
      <mesocyclone_velocity_rotational_mean units="m/s">14.534393</mesocyclone_velocity_rotational_mean>
      <mesocyclone_velocity_rotational_max_closest_to_ground units="m/s">22.431694</mesocyclone_velocity_rotational_max_closest_to_ground>
      <meso_intensity>2</meso_intensity>
    </nowcast-parameters>
  </event>
  <event ID="19">
    <time time-coordinate="UTC">2021-07-08T11:25:00</time>
    <location>
      <area>
        <ellipse>
          <moving-point>
            <latitude>50.074930</latitude>
            <longitude>12.428520</longitude>
            <polar_motion>
              <speed units="km/h">0.0</speed>
            </polar_motion>
          </moving-point>
          <major_axis units="km">9.50</major_axis>
          <minor_axis units="km">9.50</minor_axis>
          <orientation units="degrees true">0</orientation>
        </ellipse>
      </area>
    </location>
    <nowcast-parameters>
      <mesocyclone_shear_mean units="m/s/km">3.526446</mesocyclone_shear_mean>
      <mesocyclone_shear_max units="m/s/km">9.154194</mesocyclone_shear_max>
      <mesocyclone_momentum_mean units="m/s/km">87.912562</mesocyclone_momentum_mean>
      <mesocyclone_momentum_max units="m/s/km">201.988717</mesocyclone_momentum_max>
      <mesocyclone_diameter units="km">9.500000</mesocyclone_diameter>
      <mesocyclone_diameter_equivalent units="km">7.396942</mesocyclone_diameter_equivalent>
      <mesocyclone_top units="km">9.370143</mesocyclone_top>
      <mesocyclone_base units="km">3.706664</mesocyclone_base>
      <mesocyclone_echotop units="km">8.911471</mesocyclone_echotop>
      <mesocyclone_vil units="kg/m*m">13.067844</mesocyclone_vil>
      <mesocyclone_shear_vectors>30</mesocyclone_shear_vectors>
      <mesocyclone_shear_features>4</mesocyclone_shear_features>
      <elevations>
        <elevation site="drs" units="&#176;">2.5</elevation>
        <elevation site="eis" units="&#176;">3.5,4.5,5.5</elevation>
      </elevations>
      <mean_dbz units="DBZ">39.99</mean_dbz>
      <max_dbz units="DBZ">56.74</max_dbz>
      <mesocyclone_velocity_max units="m/s">29.866913</mesocyclone_velocity_max>
      <mesocyclone_velocity_rotational_max units="m/s">14.114325</mesocyclone_velocity_rotational_max>
      <mesocyclone_velocity_rotational_mean units="m/s">8.156254</mesocyclone_velocity_rotational_mean>
      <mesocyclone_velocity_rotational_max_closest_to_ground units="m/s">14.114325</mesocyclone_velocity_rotational_max_closest_to_ground>
      <meso_intensity>2</meso_intensity>
    </nowcast-parameters>
  </event>
  <event ID="50">
    <time time-coordinate="UTC">2021-07-08T11:25:00</time>
    <location>
      <area>
        <ellipse>
          <moving-point>
            <latitude>47.781602</latitude>
            <longitude>10.452785</longitude>
            <polar_motion>
              <speed units="km/h">0.0</speed>
            </polar_motion>
          </moving-point>
          <major_axis units="km">7.25</major_axis>
          <minor_axis units="km">7.25</minor_axis>
          <orientation units="degrees true">0</orientation>
        </ellipse>
      </area>
    </location>
    <nowcast-parameters>
      <mesocyclone_shear_mean units="m/s/km">3.446379</mesocyclone_shear_mean>
      <mesocyclone_shear_max units="m/s/km">8.190621</mesocyclone_shear_max>
      <mesocyclone_momentum_mean units="m/s/km">117.384546</mesocyclone_momentum_mean>
      <mesocyclone_momentum_max units="m/s/km">209.361316</mesocyclone_momentum_max>
      <mesocyclone_diameter units="km">7.250000</mesocyclone_diameter>
      <mesocyclone_diameter_equivalent units="km">6.644679</mesocyclone_diameter_equivalent>
      <mesocyclone_top units="km">4.884524</mesocyclone_top>
      <mesocyclone_base units="km">3.433019</mesocyclone_base>
      <mesocyclone_echotop units="km">7.452211</mesocyclone_echotop>
      <mesocyclone_vil units="kg/m*m">14.759173</mesocyclone_vil>
      <mesocyclone_shear_vectors>22</mesocyclone_shear_vectors>
      <mesocyclone_shear_features>2</mesocyclone_shear_features>
      <elevations>
        <elevation site="mem" units="&#176;">5.5,8.0</elevation>
      </elevations>
      <mean_dbz units="DBZ">40.12</mean_dbz>
      <max_dbz units="DBZ">55.76</max_dbz>
      <mesocyclone_velocity_max units="m/s">21.335337</mesocyclone_velocity_max>
      <mesocyclone_velocity_rotational_max units="m/s">13.886905</mesocyclone_velocity_rotational_max>
      <mesocyclone_velocity_rotational_mean units="m/s">9.356528</mesocyclone_velocity_rotational_mean>
      <mesocyclone_velocity_rotational_max_closest_to_ground units="m/s">10.099568</mesocyclone_velocity_rotational_max_closest_to_ground>
      <meso_intensity>1</meso_intensity>
    </nowcast-parameters>
  </event>
  <event ID="69">
    <time time-coordinate="UTC">2021-07-08T11:25:00</time>
    <location>
      <area>
        <ellipse>
          <moving-point>
            <latitude>47.746335</latitude>
            <longitude>10.930301</longitude>
            <polar_motion>
              <speed units="km/h">0.0</speed>
            </polar_motion>
          </moving-point>
          <major_axis units="km">10.73</major_axis>
          <minor_axis units="km">10.73</minor_axis>
          <orientation units="degrees true">0</orientation>
        </ellipse>
      </area>
    </location>
    <nowcast-parameters>
      <mesocyclone_shear_mean units="m/s/km">3.104919</mesocyclone_shear_mean>
      <mesocyclone_shear_max units="m/s/km">10.810087</mesocyclone_shear_max>
      <mesocyclone_momentum_mean units="m/s/km">140.302835</mesocyclone_momentum_mean>
      <mesocyclone_momentum_max units="m/s/km">313.582864</mesocyclone_momentum_max>
      <mesocyclone_diameter units="km">10.731483</mesocyclone_diameter>
      <mesocyclone_diameter_equivalent units="km">6.638486</mesocyclone_diameter_equivalent>
      <mesocyclone_top units="km">9.030790</mesocyclone_top>
      <mesocyclone_base units="km">3.818830</mesocyclone_base>
      <mesocyclone_echotop units="km">9.423970</mesocyclone_echotop>
      <mesocyclone_vil units="kg/m*m">4.867404</mesocyclone_vil>
      <mesocyclone_shear_vectors>14</mesocyclone_shear_vectors>
      <mesocyclone_shear_features>3</mesocyclone_shear_features>
      <elevations>
        <elevation site="isn" units="&#176;">2.5,3.5,4.5</elevation>
      </elevations>
      <mean_dbz units="DBZ">30.72</mean_dbz>
      <max_dbz units="DBZ">47.15</max_dbz>
      <mesocyclone_velocity_max units="m/s">30.199276</mesocyclone_velocity_max>
      <mesocyclone_velocity_rotational_max units="m/s">19.079876</mesocyclone_velocity_rotational_max>
      <mesocyclone_velocity_rotational_mean units="m/s">9.388311</mesocyclone_velocity_rotational_mean>
      <mesocyclone_velocity_rotational_max_closest_to_ground units="m/s">9.097691</mesocyclone_velocity_rotational_max_closest_to_ground>
      <meso_intensity>3</meso_intensity>
    </nowcast-parameters>
  </event>
  <event ID="47">
    <time time-coordinate="UTC">2021-07-08T11:25:00</time>
    <location>
      <area>
        <ellipse>
          <moving-point>
            <latitude>47.620820</latitude>
            <longitude>10.920644</longitude>
            <polar_motion>
              <speed units="km/h">0.0</speed>
            </polar_motion>
          </moving-point>
          <major_axis units="km">9.57</major_axis>
          <minor_axis units="km">9.57</minor_axis>
          <orientation units="degrees true">0</orientation>
        </ellipse>
      </area>
    </location>
    <nowcast-parameters>
      <mesocyclone_shear_mean units="m/s/km">4.072537</mesocyclone_shear_mean>
      <mesocyclone_shear_max units="m/s/km">8.474600</mesocyclone_shear_max>
      <mesocyclone_momentum_mean units="m/s/km">114.041650</mesocyclone_momentum_mean>
      <mesocyclone_momentum_max units="m/s/km">491.013284</mesocyclone_momentum_max>
      <mesocyclone_diameter units="km">9.567773</mesocyclone_diameter>
      <mesocyclone_diameter_equivalent units="km">4.764262</mesocyclone_diameter_equivalent>
      <mesocyclone_top units="km">7.901881</mesocyclone_top>
      <mesocyclone_base units="km">3.144087</mesocyclone_base>
      <mesocyclone_echotop units="km">7.097222</mesocyclone_echotop>
      <mesocyclone_vil units="kg/m*m">19.263090</mesocyclone_vil>
      <mesocyclone_shear_vectors>11</mesocyclone_shear_vectors>
      <mesocyclone_shear_features>3</mesocyclone_shear_features>
      <elevations>
        <elevation site="tur" units="&#176;">1.5</elevation>
        <elevation site="isn" units="&#176;">2.5,3.5</elevation>
      </elevations>
      <mean_dbz units="DBZ">44.58</mean_dbz>
      <max_dbz units="DBZ">56.42</max_dbz>
      <mesocyclone_velocity_max units="m/s">31.210131</mesocyclone_velocity_max>
      <mesocyclone_velocity_rotational_max units="m/s">19.458949</mesocyclone_velocity_rotational_max>
      <mesocyclone_velocity_rotational_mean units="m/s">9.222477</mesocyclone_velocity_rotational_mean>
      <mesocyclone_velocity_rotational_max_closest_to_ground units="m/s">8.884463</mesocyclone_velocity_rotational_max_closest_to_ground>
      <meso_intensity>2</meso_intensity>
    </nowcast-parameters>
  </event>
  <event ID="48">
    <time time-coordinate="UTC">2021-07-08T11:25:00</time>
    <location>
      <area>
        <ellipse>
          <moving-point>
            <latitude>47.095640</latitude>
            <longitude>9.628321</longitude>
            <polar_motion>
              <speed units="km/h">0.0</speed>
            </polar_motion>
          </moving-point>
          <major_axis units="km">18.25</major_axis>
          <minor_axis units="km">18.25</minor_axis>
          <orientation units="degrees true">0</orientation>
        </ellipse>
      </area>
    </location>
    <nowcast-parameters>
      <mesocyclone_shear_mean units="m/s/km">3.889138</mesocyclone_shear_mean>
      <mesocyclone_shear_max units="m/s/km">11.196281</mesocyclone_shear_max>
      <mesocyclone_momentum_mean units="m/s/km">100.993119</mesocyclone_momentum_mean>
      <mesocyclone_momentum_max units="m/s/km">386.440626</mesocyclone_momentum_max>
      <mesocyclone_diameter units="km">18.250000</mesocyclone_diameter>
      <mesocyclone_diameter_equivalent units="km">8.852051</mesocyclone_diameter_equivalent>
      <mesocyclone_top units="km">7.880080</mesocyclone_top>
      <mesocyclone_base units="km">1.575505</mesocyclone_base>
      <mesocyclone_echotop units="km">7.753234</mesocyclone_echotop>
      <mesocyclone_vil units="kg/m*m">5.512208</mesocyclone_vil>
      <mesocyclone_shear_vectors>46</mesocyclone_shear_vectors>
      <mesocyclone_shear_features>4</mesocyclone_shear_features>
      <elevations>
        <elevation site="fbg" units="&#176;">1.5</elevation>
        <elevation site="mem" units="&#176;">1.5,2.5,3.5</elevation>
      </elevations>
      <mean_dbz units="DBZ">32.76</mean_dbz>
      <max_dbz units="DBZ">48.42</max_dbz>
      <mesocyclone_velocity_max units="m/s">31.687393</mesocyclone_velocity_max>
      <mesocyclone_velocity_rotational_max units="m/s">14.415708</mesocyclone_velocity_rotational_max>
      <mesocyclone_velocity_rotational_mean units="m/s">8.453344</mesocyclone_velocity_rotational_mean>
      <mesocyclone_velocity_rotational_max_closest_to_ground units="m/s">12.498213</mesocyclone_velocity_rotational_max_closest_to_ground>
      <meso_intensity>3</meso_intensity>
    </nowcast-parameters>
  </event>
</nowcast-data>
