<?xml version="1.0" encoding="UTF-8"?>
<nowcast-data>
  <radar-stations>ASB,BOO,ROS,HNR,UMD,PRO,ESS,FLD,DRS,NEU,NHB,OFT,EIS,TUR,ISN,FBG,MEM</radar-stations>
  <event ID="20">
    <time time-coordinate="UTC">2021-07-08T11:45:00</time>
    <location>
      <area>
        <ellipse>
          <moving-point>
            <latitude>50.268297</latitude>
            <longitude>12.522200</longitude>
            <polar_motion>
              <speed units="km/h">0.0</speed>
            </polar_motion>
          </moving-point>
          <major_axis units="km">9.75</major_axis>
          <minor_axis units="km">9.75</minor_axis>
          <orientation units="degrees true">0</orientation>
        </ellipse>
      </area>
    </location>
    <nowcast-parameters>
      <mesocyclone_shear_mean units="m/s/km">2.316578</mesocyclone_shear_mean>
      <mesocyclone_shear_max units="m/s/km">4.038717</mesocyclone_shear_max>
      <mesocyclone_momentum_mean units="m/s/km">124.520705</mesocyclone_momentum_mean>
      <mesocyclone_momentum_max units="m/s/km">198.666016</mesocyclone_momentum_max>
      <mesocyclone_diameter units="km">9.750000</mesocyclone_diameter>
      <mesocyclone_diameter_equivalent units="km">8.519934</mesocyclone_diameter_equivalent>
      <mesocyclone_top units="km">7.396977</mesocyclone_top>
      <mesocyclone_base units="km">4.938390</mesocyclone_base>
      <mesocyclone_echotop units="km">9.056055</mesocyclone_echotop>
      <mesocyclone_vil units="kg/m*m">10.027475</mesocyclone_vil>
      <mesocyclone_shear_vectors>29</mesocyclone_shear_vectors>
      <mesocyclone_shear_features>2</mesocyclone_shear_features>
      <elevations>
        <elevation site="eis" units="&#176;">3.5,4.5</elevation>
      </elevations>
      <mean_dbz units="DBZ">37.74</mean_dbz>
      <max_dbz units="DBZ">52.71</max_dbz>
      <mesocyclone_velocity_max units="m/s">30.623039</mesocyclone_velocity_max>
      <mesocyclone_velocity_rotational_max units="m/s">10.207680</mesocyclone_velocity_rotational_max>
      <mesocyclone_velocity_rotational_mean units="m/s">8.143085</mesocyclone_velocity_rotational_mean>
      <mesocyclone_velocity_rotational_max_closest_to_ground units="m/s">9.703596</mesocyclone_velocity_rotational_max_closest_to_ground>
      <meso_intensity>1</meso_intensity>
    </nowcast-parameters>
  </event>
  <event ID="64">
    <time time-coordinate="UTC">2021-07-08T11:45:00</time>
    <location>
      <area>
        <ellipse>
          <moving-point>
            <latitude>47.988912</latitude>
            <longitude>14.267860</longitude>
            <polar_motion>
              <speed units="km/h">0.0</speed>
            </polar_motion>
          </moving-point>
          <major_axis units="km">4.85</major_axis>
          <minor_axis units="km">4.85</minor_axis>
          <orientation units="degrees true">0</orientation>
        </ellipse>
      </area>
    </location>
    <nowcast-parameters>
      <mesocyclone_shear_mean units="m/s/km">4.651371</mesocyclone_shear_mean>
      <mesocyclone_shear_max units="m/s/km">7.068884</mesocyclone_shear_max>
      <mesocyclone_momentum_mean units="m/s/km">51.544042</mesocyclone_momentum_mean>
      <mesocyclone_momentum_max units="m/s/km">156.180660</mesocyclone_momentum_max>
      <mesocyclone_diameter units="km">4.848671</mesocyclone_diameter>
      <mesocyclone_diameter_equivalent units="km">3.446391</mesocyclone_diameter_equivalent>
      <mesocyclone_top units="km">10.335959</mesocyclone_top>
      <mesocyclone_base units="km">1.799848</mesocyclone_base>
      <mesocyclone_echotop units="km">9.125585</mesocyclone_echotop>
      <mesocyclone_vil units="kg/m*m">11.888639</mesocyclone_vil>
      <mesocyclone_shear_vectors>10</mesocyclone_shear_vectors>
      <mesocyclone_shear_features>2</mesocyclone_shear_features>
      <elevations>
        <elevation site="isn" units="&#176;">0.5,2.5</elevation>
      </elevations>
      <mean_dbz units="DBZ">40.13</mean_dbz>
      <max_dbz units="DBZ">52.63</max_dbz>
      <mesocyclone_velocity_max units="m/s">26.408573</mesocyclone_velocity_max>
      <mesocyclone_velocity_rotational_max units="m/s">10.108543</mesocyclone_velocity_rotational_max>
      <mesocyclone_velocity_rotational_mean units="m/s">7.305003</mesocyclone_velocity_rotational_mean>
      <mesocyclone_velocity_rotational_max_closest_to_ground units="m/s">7.834122</mesocyclone_velocity_rotational_max_closest_to_ground>
      <meso_intensity>2</meso_intensity>
    </nowcast-parameters>
  </event>
  <event ID="95">
    <time time-coordinate="UTC">2021-07-08T11:45:00</time>
    <location>
      <area>
        <ellipse>
          <moving-point>
            <latitude>47.821842</latitude>
            <longitude>10.590162</longitude>
            <polar_motion>
              <speed units="km/h">0.0</speed>
            </polar_motion>
          </moving-point>
          <major_axis units="km">3.42</major_axis>
          <minor_axis units="km">3.42</minor_axis>
          <orientation units="degrees true">0</orientation>
        </ellipse>
      </area>
    </location>
    <nowcast-parameters>
      <mesocyclone_shear_mean units="m/s/km">4.257472</mesocyclone_shear_mean>
      <mesocyclone_shear_max units="m/s/km">5.498511</mesocyclone_shear_max>
      <mesocyclone_momentum_mean units="m/s/km">42.558494</mesocyclone_momentum_mean>
      <mesocyclone_momentum_max units="m/s/km">60.211369</mesocyclone_momentum_max>
      <mesocyclone_diameter units="km">3.419576</mesocyclone_diameter>
      <mesocyclone_diameter_equivalent units="km">3.418944</mesocyclone_diameter_equivalent>
      <mesocyclone_top units="km">1.955952</mesocyclone_top>
      <mesocyclone_base units="km">0.726827</mesocyclone_base>
      <mesocyclone_echotop units="km">7.098010</mesocyclone_echotop>
      <mesocyclone_vil units="kg/m*m">9.058443</mesocyclone_vil>
      <mesocyclone_shear_vectors>11</mesocyclone_shear_vectors>
      <mesocyclone_shear_features>2</mesocyclone_shear_features>
      <elevations>
        <elevation site="mem" units="&#176;">1.5,2.5</elevation>
      </elevations>
      <mean_dbz units="DBZ">43.56</mean_dbz>
      <max_dbz units="DBZ">53.32</max_dbz>
      <mesocyclone_velocity_max units="m/s">16.538040</mesocyclone_velocity_max>
      <mesocyclone_velocity_rotational_max units="m/s">7.700920</mesocyclone_velocity_rotational_max>
      <mesocyclone_velocity_rotational_mean units="m/s">6.653832</mesocyclone_velocity_rotational_mean>
      <mesocyclone_velocity_rotational_max_closest_to_ground units="m/s">7.700920</mesocyclone_velocity_rotational_max_closest_to_ground>
      <meso_intensity>1</meso_intensity>
    </nowcast-parameters>
  </event>
  <event ID="54">
    <time time-coordinate="UTC">2021-07-08T11:45:00</time>
    <location>
      <area>
        <ellipse>
          <moving-point>
            <latitude>47.815340</latitude>
            <longitude>11.153188</longitude>
            <polar_motion>
              <speed units="km/h">0.0</speed>
            </polar_motion>
          </moving-point>
          <major_axis units="km">19.25</major_axis>
          <minor_axis units="km">19.25</minor_axis>
          <orientation units="degrees true">0</orientation>
        </ellipse>
      </area>
    </location>
    <nowcast-parameters>
      <mesocyclone_shear_mean units="m/s/km">2.996174</mesocyclone_shear_mean>
      <mesocyclone_shear_max units="m/s/km">6.845410</mesocyclone_shear_max>
      <mesocyclone_momentum_mean units="m/s/km">112.917320</mesocyclone_momentum_mean>
      <mesocyclone_momentum_max units="m/s/km">328.563925</mesocyclone_momentum_max>
      <mesocyclone_diameter units="km">19.250000</mesocyclone_diameter>
      <mesocyclone_diameter_equivalent units="km">7.971083</mesocyclone_diameter_equivalent>
      <mesocyclone_top units="km">9.795491</mesocyclone_top>
      <mesocyclone_base units="km">3.182770</mesocyclone_base>
      <mesocyclone_echotop units="km">9.410561</mesocyclone_echotop>
      <mesocyclone_vil units="kg/m*m">19.138015</mesocyclone_vil>
      <mesocyclone_shear_vectors>30</mesocyclone_shear_vectors>
      <mesocyclone_shear_features>5</mesocyclone_shear_features>
      <elevations>
        <elevation site="tur" units="&#176;">1.5</elevation>
        <elevation site="isn" units="&#176;">3.5,4.5,5.5</elevation>
        <elevation site="mem" units="&#176;">2.5</elevation>
      </elevations>
      <mean_dbz units="DBZ">40.47</mean_dbz>
      <max_dbz units="DBZ">58.66</max_dbz>
      <mesocyclone_velocity_max units="m/s">29.188421</mesocyclone_velocity_max>
      <mesocyclone_velocity_rotational_max units="m/s">12.003897</mesocyclone_velocity_rotational_max>
      <mesocyclone_velocity_rotational_mean units="m/s">8.104140</mesocyclone_velocity_rotational_mean>
      <mesocyclone_velocity_rotational_max_closest_to_ground units="m/s">10.983279</mesocyclone_velocity_rotational_max_closest_to_ground>
      <meso_intensity>2</meso_intensity>
    </nowcast-parameters>
  </event>
  <event ID="70">
    <time time-coordinate="UTC">2021-07-08T11:45:00</time>
    <location>
      <area>
        <ellipse>
          <moving-point>
            <latitude>47.533683</latitude>
            <longitude>11.041605</longitude>
            <polar_motion>
              <speed units="km/h">0.0</speed>
            </polar_motion>
          </moving-point>
          <major_axis units="km">9.00</major_axis>
          <minor_axis units="km">9.00</minor_axis>
          <orientation units="degrees true">0</orientation>
        </ellipse>
      </area>
    </location>
    <nowcast-parameters>
      <mesocyclone_shear_mean units="m/s/km">5.421240</mesocyclone_shear_mean>
      <mesocyclone_shear_max units="m/s/km">12.868809</mesocyclone_shear_max>
      <mesocyclone_momentum_mean units="m/s/km">77.886780</mesocyclone_momentum_mean>
      <mesocyclone_momentum_max units="m/s/km">281.745753</mesocyclone_momentum_max>
      <mesocyclone_diameter units="km">9.000000</mesocyclone_diameter>
      <mesocyclone_diameter_equivalent units="km">6.169446</mesocyclone_diameter_equivalent>
      <mesocyclone_top units="km">8.112579</mesocyclone_top>
      <mesocyclone_base units="km">1.992895</mesocyclone_base>
      <mesocyclone_echotop units="km">9.503454</mesocyclone_echotop>
      <mesocyclone_vil units="kg/m*m">14.993001</mesocyclone_vil>
      <mesocyclone_shear_vectors>24</mesocyclone_shear_vectors>
      <mesocyclone_shear_features>3</mesocyclone_shear_features>
      <elevations>
        <elevation site="isn" units="&#176;">1.5,2.5,3.5</elevation>
      </elevations>
      <mean_dbz units="DBZ">38.46</mean_dbz>
      <max_dbz units="DBZ">54.36</max_dbz>
      <mesocyclone_velocity_max units="m/s">31.210133</mesocyclone_velocity_max>
      <mesocyclone_velocity_rotational_max units="m/s">18.700806</mesocyclone_velocity_rotational_max>
      <mesocyclone_velocity_rotational_mean units="m/s">9.107666</mesocyclone_velocity_rotational_mean>
      <mesocyclone_velocity_rotational_max_closest_to_ground units="m/s">14.783746</mesocyclone_velocity_rotational_max_closest_to_ground>
      <meso_intensity>3</meso_intensity>
    </nowcast-parameters>
  </event>
  <event ID="56">
    <time time-coordinate="UTC">2021-07-08T11:45:00</time>
    <location>
      <area>
        <ellipse>
          <moving-point>
            <latitude>47.141831</latitude>
            <longitude>10.384182</longitude>
            <polar_motion>
              <speed units="km/h">0.0</speed>
            </polar_motion>
          </moving-point>
          <major_axis units="km">16.50</major_axis>
          <minor_axis units="km">16.50</minor_axis>
          <orientation units="degrees true">0</orientation>
        </ellipse>
      </area>
    </location>
    <nowcast-parameters>
      <mesocyclone_shear_mean units="m/s/km">4.368821</mesocyclone_shear_mean>
      <mesocyclone_shear_max units="m/s/km">11.861694</mesocyclone_shear_max>
      <mesocyclone_momentum_mean units="m/s/km">96.981435</mesocyclone_momentum_mean>
      <mesocyclone_momentum_max units="m/s/km">769.374408</mesocyclone_momentum_max>
      <mesocyclone_diameter units="km">16.500000</mesocyclone_diameter>
      <mesocyclone_diameter_equivalent units="km">5.755094</mesocyclone_diameter_equivalent>
      <mesocyclone_top units="km">6.493474</mesocyclone_top>
      <mesocyclone_base units="km">-0.992582</mesocyclone_base>
      <mesocyclone_echotop units="km">7.511547</mesocyclone_echotop>
      <mesocyclone_vil units="kg/m*m">6.204038</mesocyclone_vil>
      <mesocyclone_shear_vectors>25</mesocyclone_shear_vectors>
      <mesocyclone_shear_features>7</mesocyclone_shear_features>
      <elevations>
        <elevation site="tur" units="&#176;">1.5</elevation>
        <elevation site="isn" units="&#176;">0.5,1.5</elevation>
        <elevation site="mem" units="&#176;">0.5,1.5,2.5,3.5</elevation>
      </elevations>
      <mean_dbz units="DBZ">31.48</mean_dbz>
      <max_dbz units="DBZ">49.41</max_dbz>
      <mesocyclone_velocity_max units="m/s">31.687389</mesocyclone_velocity_max>
      <mesocyclone_velocity_rotational_max units="m/s">33.231840</mesocyclone_velocity_rotational_max>
      <mesocyclone_velocity_rotational_mean units="m/s">9.147411</mesocyclone_velocity_rotational_mean>
      <mesocyclone_velocity_rotational_max_closest_to_ground units="m/s">14.644372</mesocyclone_velocity_rotational_max_closest_to_ground>
      <meso_intensity>4</meso_intensity>
    </nowcast-parameters>
  </event>
  <event ID="66">
    <time time-coordinate="UTC">2021-07-08T11:45:00</time>
    <location>
      <area>
        <ellipse>
          <moving-point>
            <latitude>46.987052</latitude>
            <longitude>10.542684</longitude>
            <polar_motion>
              <speed units="km/h">0.0</speed>
            </polar_motion>
          </moving-point>
          <major_axis units="km">7.42</major_axis>
          <minor_axis units="km">7.42</minor_axis>
          <orientation units="degrees true">0</orientation>
        </ellipse>
      </area>
    </location>
    <nowcast-parameters>
      <mesocyclone_shear_mean units="m/s/km">5.097290</mesocyclone_shear_mean>
      <mesocyclone_shear_max units="m/s/km">14.836270</mesocyclone_shear_max>
      <mesocyclone_momentum_mean units="m/s/km">85.936858</mesocyclone_momentum_mean>
      <mesocyclone_momentum_max units="m/s/km">382.093753</mesocyclone_momentum_max>
      <mesocyclone_diameter units="km">7.421261</mesocyclone_diameter>
      <mesocyclone_diameter_equivalent units="km">4.199152</mesocyclone_diameter_equivalent>
      <mesocyclone_top units="km">7.366174</mesocyclone_top>
      <mesocyclone_base units="km">1.363175</mesocyclone_base>
      <mesocyclone_echotop units="km">9.005781</mesocyclone_echotop>
      <mesocyclone_vil units="kg/m*m">17.464273</mesocyclone_vil>
      <mesocyclone_shear_vectors>11</mesocyclone_shear_vectors>
      <mesocyclone_shear_features>3</mesocyclone_shear_features>
      <elevations>
        <elevation site="isn" units="&#176;">0.5,1.5</elevation>
        <elevation site="mem" units="&#176;">1.5</elevation>
      </elevations>
      <mean_dbz units="DBZ">42.37</mean_dbz>
      <max_dbz units="DBZ">57.68</max_dbz>
      <mesocyclone_velocity_max units="m/s">31.182415</mesocyclone_velocity_max>
      <mesocyclone_velocity_rotational_max units="m/s">20.596158</mesocyclone_velocity_rotational_max>
      <mesocyclone_velocity_rotational_mean units="m/s">9.211500</mesocyclone_velocity_rotational_mean>
      <mesocyclone_velocity_rotational_max_closest_to_ground units="m/s">8.592263</mesocyclone_velocity_rotational_max_closest_to_ground>
      <meso_intensity>2</meso_intensity>
    </nowcast-parameters>
  </event>
</nowcast-data>
