<?xml version="1.0" encoding="UTF-8"?>
<nowcast-data>
  <radar-stations>ASB,BOO,ROS,HNR,UMD,PRO,ESS,FLD,DRS,NEU,NHB,OFT,EIS,TUR,ISN,FBG,MEM</radar-stations>
  <event ID="21">
    <time time-coordinate="UTC">2021-07-06T23:10:00</time>
    <location>
      <area>
        <ellipse>
          <moving-point>
            <latitude>50.814537</latitude>
            <longitude>13.477043</longitude>
            <polar_motion>
              <speed units="km/h">0.0</speed>
            </polar_motion>
          </moving-point>
          <major_axis units="km">8.40</major_axis>
          <minor_axis units="km">8.40</minor_axis>
          <orientation units="degrees true">0</orientation>
        </ellipse>
      </area>
    </location>
    <nowcast-parameters>
      <mesocyclone_shear_mean units="m/s/km">4.408219</mesocyclone_shear_mean>
      <mesocyclone_shear_max units="m/s/km">9.204729</mesocyclone_shear_max>
      <mesocyclone_momentum_mean units="m/s/km">86.854656</mesocyclone_momentum_mean>
      <mesocyclone_momentum_max units="m/s/km">496.775745</mesocyclone_momentum_max>
      <mesocyclone_diameter units="km">8.404128</mesocyclone_diameter>
      <mesocyclone_diameter_equivalent units="km">5.275246</mesocyclone_diameter_equivalent>
      <mesocyclone_top units="km">4.506118</mesocyclone_top>
      <mesocyclone_base units="km">1.761242</mesocyclone_base>
      <mesocyclone_echotop units="km">6.207289</mesocyclone_echotop>
      <mesocyclone_vil units="kg/m*m">5.867502</mesocyclone_vil>
      <mesocyclone_shear_vectors>18</mesocyclone_shear_vectors>
      <mesocyclone_shear_features>3</mesocyclone_shear_features>
      <elevations>
        <elevation site="drs" units="&#176;">3.5,4.5</elevation>
        <elevation site="eis" units="&#176;">0.5</elevation>
      </elevations>
      <mean_dbz units="DBZ">34.86</mean_dbz>
      <max_dbz units="DBZ">47.33</max_dbz>
      <mesocyclone_velocity_max units="m/s">31.631208</mesocyclone_velocity_max>
      <mesocyclone_velocity_rotational_max units="m/s">15.248513</mesocyclone_velocity_rotational_max>
      <mesocyclone_velocity_rotational_mean units="m/s">8.582676</mesocyclone_velocity_rotational_mean>
      <mesocyclone_velocity_rotational_max_closest_to_ground units="m/s">15.248513</mesocyclone_velocity_rotational_max_closest_to_ground>
      <meso_intensity>2</meso_intensity>
    </nowcast-parameters>
  </event>
</nowcast-data>
