<?xml version="1.0" encoding="UTF-8"?>
<nowcast-data>
  <radar-stations>ASB,BOO,ROS,HNR,UMD,PRO,ESS,FLD,DRS,NEU,NHB,OFT,EIS,TUR,ISN,FBG,MEM</radar-stations>
  <event ID="20">
    <time time-coordinate="UTC">2021-07-06T22:20:00</time>
    <location>
      <area>
        <ellipse>
          <moving-point>
            <latitude>50.445747</latitude>
            <longitude>13.353253</longitude>
            <polar_motion>
              <speed units="km/h">0.0</speed>
            </polar_motion>
          </moving-point>
          <major_axis units="km">6.23</major_axis>
          <minor_axis units="km">6.23</minor_axis>
          <orientation units="degrees true">0</orientation>
        </ellipse>
      </area>
    </location>
    <nowcast-parameters>
      <mesocyclone_shear_mean units="m/s/km">4.095444</mesocyclone_shear_mean>
      <mesocyclone_shear_max units="m/s/km">5.145413</mesocyclone_shear_max>
      <mesocyclone_momentum_mean units="m/s/km">56.372116</mesocyclone_momentum_mean>
      <mesocyclone_momentum_max units="m/s/km">153.068988</mesocyclone_momentum_max>
      <mesocyclone_diameter units="km">6.228834</mesocyclone_diameter>
      <mesocyclone_diameter_equivalent units="km">3.497082</mesocyclone_diameter_equivalent>
      <mesocyclone_top units="km">4.719469</mesocyclone_top>
      <mesocyclone_base units="km">1.677649</mesocyclone_base>
      <mesocyclone_echotop units="km">5.192348</mesocyclone_echotop>
      <mesocyclone_vil units="kg/m*m">2.937290</mesocyclone_vil>
      <mesocyclone_shear_vectors>8</mesocyclone_shear_vectors>
      <mesocyclone_shear_features>2</mesocyclone_shear_features>
      <elevations>
        <elevation site="drs" units="&#176;">1.5</elevation>
        <elevation site="neu" units="&#176;">0.5</elevation>
      </elevations>
      <mean_dbz units="DBZ">33.63</mean_dbz>
      <max_dbz units="DBZ">45.85</max_dbz>
      <mesocyclone_velocity_max units="m/s">22.053633</mesocyclone_velocity_max>
      <mesocyclone_velocity_rotational_max units="m/s">8.821452</mesocyclone_velocity_rotational_max>
      <mesocyclone_velocity_rotational_mean units="m/s">6.955942</mesocyclone_velocity_rotational_mean>
      <mesocyclone_velocity_rotational_max_closest_to_ground units="m/s">8.821452</mesocyclone_velocity_rotational_max_closest_to_ground>
      <meso_intensity>1</meso_intensity>
    </nowcast-parameters>
  </event>
</nowcast-data>
