<?xml version="1.0" encoding="UTF-8"?>
<nowcast-data>
  <radar-stations>ASB,BOO,ROS,HNR,UMD,PRO,ESS,FLD,DRS,NEU,NHB,OFT,EIS,TUR,ISN,FBG,MEM</radar-stations>
  <event ID="8">
    <time time-coordinate="UTC">2021-07-08T09:30:00</time>
    <location>
      <area>
        <ellipse>
          <moving-point>
            <latitude>49.216674</latitude>
            <longitude>11.699110</longitude>
            <polar_motion>
              <speed units="km/h">0.0</speed>
            </polar_motion>
          </moving-point>
          <major_axis units="km">10.67</major_axis>
          <minor_axis units="km">10.67</minor_axis>
          <orientation units="degrees true">0</orientation>
        </ellipse>
      </area>
    </location>
    <nowcast-parameters>
      <mesocyclone_shear_mean units="m/s/km">2.695140</mesocyclone_shear_mean>
      <mesocyclone_shear_max units="m/s/km">6.315660</mesocyclone_shear_max>
      <mesocyclone_momentum_mean units="m/s/km">143.768289</mesocyclone_momentum_mean>
      <mesocyclone_momentum_max units="m/s/km">300.875048</mesocyclone_momentum_max>
      <mesocyclone_diameter units="km">10.669291</mesocyclone_diameter>
      <mesocyclone_diameter_equivalent units="km">5.934390</mesocyclone_diameter_equivalent>
      <mesocyclone_top units="km">7.690562</mesocyclone_top>
      <mesocyclone_base units="km">1.667666</mesocyclone_base>
      <mesocyclone_echotop units="km">9.517866</mesocyclone_echotop>
      <mesocyclone_vil units="kg/m*m">21.718817</mesocyclone_vil>
      <mesocyclone_shear_vectors>11</mesocyclone_shear_vectors>
      <mesocyclone_shear_features>3</mesocyclone_shear_features>
      <elevations>
        <elevation site="neu" units="&#176;">0.5</elevation>
        <elevation site="eis" units="&#176;">5.5</elevation>
        <elevation site="isn" units="&#176;">2.5</elevation>
      </elevations>
      <mean_dbz units="DBZ">43.33</mean_dbz>
      <max_dbz units="DBZ">59.55</max_dbz>
      <mesocyclone_velocity_max units="m/s">29.946564</mesocyclone_velocity_max>
      <mesocyclone_velocity_rotational_max units="m/s">12.130251</mesocyclone_velocity_rotational_max>
      <mesocyclone_velocity_rotational_mean units="m/s">8.816531</mesocyclone_velocity_rotational_mean>
      <mesocyclone_velocity_rotational_max_closest_to_ground units="m/s">12.130251</mesocyclone_velocity_rotational_max_closest_to_ground>
      <meso_intensity>2</meso_intensity>
    </nowcast-parameters>
  </event>
  <event ID="23">
    <time time-coordinate="UTC">2021-07-08T09:30:00</time>
    <location>
      <area>
        <ellipse>
          <moving-point>
            <latitude>48.348775</latitude>
            <longitude>8.545245</longitude>
            <polar_motion>
              <speed units="km/h">0.0</speed>
            </polar_motion>
          </moving-point>
          <major_axis units="km">8.25</major_axis>
          <minor_axis units="km">8.25</minor_axis>
          <orientation units="degrees true">0</orientation>
        </ellipse>
      </area>
    </location>
    <nowcast-parameters>
      <mesocyclone_shear_mean units="m/s/km">3.540453</mesocyclone_shear_mean>
      <mesocyclone_shear_max units="m/s/km">6.749505</mesocyclone_shear_max>
      <mesocyclone_momentum_mean units="m/s/km">73.984963</mesocyclone_momentum_mean>
      <mesocyclone_momentum_max units="m/s/km">182.234574</mesocyclone_momentum_max>
      <mesocyclone_diameter units="km">8.250000</mesocyclone_diameter>
      <mesocyclone_diameter_equivalent units="km">5.975670</mesocyclone_diameter_equivalent>
      <mesocyclone_top units="km">7.302512</mesocyclone_top>
      <mesocyclone_base units="km">3.319105</mesocyclone_base>
      <mesocyclone_echotop units="km">7.071286</mesocyclone_echotop>
      <mesocyclone_vil units="kg/m*m">7.771966</mesocyclone_vil>
      <mesocyclone_shear_vectors>28</mesocyclone_shear_vectors>
      <mesocyclone_shear_features>2</mesocyclone_shear_features>
      <elevations>
        <elevation site="fbg" units="&#176;">2.5,4.5</elevation>
      </elevations>
      <mean_dbz units="DBZ">36.16</mean_dbz>
      <max_dbz units="DBZ">54.01</max_dbz>
      <mesocyclone_velocity_max units="m/s">26.700397</mesocyclone_velocity_max>
      <mesocyclone_velocity_rotational_max units="m/s">11.156504</mesocyclone_velocity_rotational_max>
      <mesocyclone_velocity_rotational_mean units="m/s">7.587049</mesocyclone_velocity_rotational_mean>
      <mesocyclone_velocity_rotational_max_closest_to_ground units="m/s">11.156504</mesocyclone_velocity_rotational_max_closest_to_ground>
      <meso_intensity>1</meso_intensity>
    </nowcast-parameters>
  </event>
  <event ID="25">
    <time time-coordinate="UTC">2021-07-08T09:30:00</time>
    <location>
      <area>
        <ellipse>
          <moving-point>
            <latitude>47.343566</latitude>
            <longitude>9.742883</longitude>
            <polar_motion>
              <speed units="km/h">0.0</speed>
            </polar_motion>
          </moving-point>
          <major_axis units="km">8.19</major_axis>
          <minor_axis units="km">8.19</minor_axis>
          <orientation units="degrees true">0</orientation>
        </ellipse>
      </area>
    </location>
    <nowcast-parameters>
      <mesocyclone_shear_mean units="m/s/km">4.296847</mesocyclone_shear_mean>
      <mesocyclone_shear_max units="m/s/km">9.654064</mesocyclone_shear_max>
      <mesocyclone_momentum_mean units="m/s/km">103.611254</mesocyclone_momentum_mean>
      <mesocyclone_momentum_max units="m/s/km">225.957917</mesocyclone_momentum_max>
      <mesocyclone_diameter units="km">8.185707</mesocyclone_diameter>
      <mesocyclone_diameter_equivalent units="km">4.770754</mesocyclone_diameter_equivalent>
      <mesocyclone_top units="km">5.911622</mesocyclone_top>
      <mesocyclone_base units="km">2.936227</mesocyclone_base>
      <mesocyclone_echotop units="km">7.761603</mesocyclone_echotop>
      <mesocyclone_vil units="kg/m*m">5.394423</mesocyclone_vil>
      <mesocyclone_shear_vectors>10</mesocyclone_shear_vectors>
      <mesocyclone_shear_features>2</mesocyclone_shear_features>
      <elevations>
        <elevation site="tur" units="&#176;">1.5</elevation>
        <elevation site="mem" units="&#176;">3.5</elevation>
      </elevations>
      <mean_dbz units="DBZ">31.12</mean_dbz>
      <max_dbz units="DBZ">48.55</max_dbz>
      <mesocyclone_velocity_max units="m/s">31.687393</mesocyclone_velocity_max>
      <mesocyclone_velocity_rotational_max units="m/s">15.484351</mesocyclone_velocity_rotational_max>
      <mesocyclone_velocity_rotational_mean units="m/s">9.060184</mesocyclone_velocity_rotational_mean>
      <mesocyclone_velocity_rotational_max_closest_to_ground units="m/s">15.484351</mesocyclone_velocity_rotational_max_closest_to_ground>
      <meso_intensity>2</meso_intensity>
    </nowcast-parameters>
  </event>
</nowcast-data>
