<?xml version="1.0" encoding="UTF-8"?>
<nowcast-data>
  <radar-stations>ASB,BOO,ROS,HNR,UMD,PRO,ESS,FLD,DRS,NEU,NHB,OFT,EIS,TUR,ISN,FBG,MEM</radar-stations>
  <event ID="54">
    <time time-coordinate="UTC">2021-07-08T11:15:00</time>
    <location>
      <area>
        <ellipse>
          <moving-point>
            <latitude>47.520537</latitude>
            <longitude>10.485599</longitude>
            <polar_motion>
              <speed units="km/h">0.0</speed>
            </polar_motion>
          </moving-point>
          <major_axis units="km">17.50</major_axis>
          <minor_axis units="km">17.50</minor_axis>
          <orientation units="degrees true">0</orientation>
        </ellipse>
      </area>
    </location>
    <nowcast-parameters>
      <mesocyclone_shear_mean units="m/s/km">4.402319</mesocyclone_shear_mean>
      <mesocyclone_shear_max units="m/s/km">25.704048</mesocyclone_shear_max>
      <mesocyclone_momentum_mean units="m/s/km">146.657345</mesocyclone_momentum_mean>
      <mesocyclone_momentum_max units="m/s/km">1526.704861</mesocyclone_momentum_max>
      <mesocyclone_diameter units="km">17.500000</mesocyclone_diameter>
      <mesocyclone_diameter_equivalent units="km">8.989282</mesocyclone_diameter_equivalent>
      <mesocyclone_top units="km">7.523255</mesocyclone_top>
      <mesocyclone_base units="km">1.619269</mesocyclone_base>
      <mesocyclone_echotop units="km">7.223509</mesocyclone_echotop>
      <mesocyclone_vil units="kg/m*m">9.915512</mesocyclone_vil>
      <mesocyclone_shear_vectors>35</mesocyclone_shear_vectors>
      <mesocyclone_shear_features>5</mesocyclone_shear_features>
      <elevations>
        <elevation site="tur" units="&#176;">1.5,2.5</elevation>
        <elevation site="mem" units="&#176;">2.5,3.5,4.5</elevation>
      </elevations>
      <mean_dbz units="DBZ">38.38</mean_dbz>
      <max_dbz units="DBZ">50.93</max_dbz>
      <mesocyclone_velocity_max units="m/s">31.434902</mesocyclone_velocity_max>
      <mesocyclone_velocity_rotational_max units="m/s">39.514556</mesocyclone_velocity_rotational_max>
      <mesocyclone_velocity_rotational_mean units="m/s">10.534822</mesocyclone_velocity_rotational_mean>
      <mesocyclone_velocity_rotational_max_closest_to_ground units="m/s">13.508171</mesocyclone_velocity_rotational_max_closest_to_ground>
      <meso_intensity>3</meso_intensity>
    </nowcast-parameters>
  </event>
  <event ID="56">
    <time time-coordinate="UTC">2021-07-08T11:15:00</time>
    <location>
      <area>
        <ellipse>
          <moving-point>
            <latitude>47.485439</latitude>
            <longitude>10.899191</longitude>
            <polar_motion>
              <speed units="km/h">0.0</speed>
            </polar_motion>
          </moving-point>
          <major_axis units="km">13.75</major_axis>
          <minor_axis units="km">13.75</minor_axis>
          <orientation units="degrees true">0</orientation>
        </ellipse>
      </area>
    </location>
    <nowcast-parameters>
      <mesocyclone_shear_mean units="m/s/km">4.952669</mesocyclone_shear_mean>
      <mesocyclone_shear_max units="m/s/km">11.212615</mesocyclone_shear_max>
      <mesocyclone_momentum_mean units="m/s/km">182.472344</mesocyclone_momentum_mean>
      <mesocyclone_momentum_max units="m/s/km">967.054742</mesocyclone_momentum_max>
      <mesocyclone_diameter units="km">13.750000</mesocyclone_diameter>
      <mesocyclone_diameter_equivalent units="km">7.749469</mesocyclone_diameter_equivalent>
      <mesocyclone_top units="km">6.164088</mesocyclone_top>
      <mesocyclone_base units="km">2.189469</mesocyclone_base>
      <mesocyclone_echotop units="km">6.680344</mesocyclone_echotop>
      <mesocyclone_vil units="kg/m*m">6.800541</mesocyclone_vil>
      <mesocyclone_shear_vectors>25</mesocyclone_shear_vectors>
      <mesocyclone_shear_features>2</mesocyclone_shear_features>
      <elevations>
        <elevation site="tur" units="&#176;">1.5</elevation>
        <elevation site="isn" units="&#176;">1.5</elevation>
      </elevations>
      <mean_dbz units="DBZ">37.40</mean_dbz>
      <max_dbz units="DBZ">51.56</max_dbz>
      <mesocyclone_velocity_max units="m/s">31.968277</mesocyclone_velocity_max>
      <mesocyclone_velocity_rotational_max units="m/s">26.787644</mesocyclone_velocity_rotational_max>
      <mesocyclone_velocity_rotational_mean units="m/s">11.161922</mesocyclone_velocity_rotational_mean>
      <mesocyclone_velocity_rotational_max_closest_to_ground units="m/s">26.787644</mesocyclone_velocity_rotational_max_closest_to_ground>
      <meso_intensity>3</meso_intensity>
    </nowcast-parameters>
  </event>
  <event ID="55">
    <time time-coordinate="UTC">2021-07-08T11:15:00</time>
    <location>
      <area>
        <ellipse>
          <moving-point>
            <latitude>47.388121</latitude>
            <longitude>10.284528</longitude>
            <polar_motion>
              <speed units="km/h">0.0</speed>
            </polar_motion>
          </moving-point>
          <major_axis units="km">10.47</major_axis>
          <minor_axis units="km">10.47</minor_axis>
          <orientation units="degrees true">0</orientation>
        </ellipse>
      </area>
    </location>
    <nowcast-parameters>
      <mesocyclone_shear_mean units="m/s/km">5.265750</mesocyclone_shear_mean>
      <mesocyclone_shear_max units="m/s/km">13.426337</mesocyclone_shear_max>
      <mesocyclone_momentum_mean units="m/s/km">113.898197</mesocyclone_momentum_mean>
      <mesocyclone_momentum_max units="m/s/km">551.656057</mesocyclone_momentum_max>
      <mesocyclone_diameter units="km">10.473461</mesocyclone_diameter>
      <mesocyclone_diameter_equivalent units="km">5.743582</mesocyclone_diameter_equivalent>
      <mesocyclone_top units="km">6.844879</mesocyclone_top>
      <mesocyclone_base units="km">3.123273</mesocyclone_base>
      <mesocyclone_echotop units="km">6.697790</mesocyclone_echotop>
      <mesocyclone_vil units="kg/m*m">7.655171</mesocyclone_vil>
      <mesocyclone_shear_vectors>17</mesocyclone_shear_vectors>
      <mesocyclone_shear_features>3</mesocyclone_shear_features>
      <elevations>
        <elevation site="tur" units="&#176;">1.5</elevation>
        <elevation site="isn" units="&#176;">1.5</elevation>
        <elevation site="mem" units="&#176;">3.5</elevation>
      </elevations>
      <mean_dbz units="DBZ">36.73</mean_dbz>
      <max_dbz units="DBZ">52.57</max_dbz>
      <mesocyclone_velocity_max units="m/s">31.939882</mesocyclone_velocity_max>
      <mesocyclone_velocity_rotational_max units="m/s">19.694155</mesocyclone_velocity_rotational_max>
      <mesocyclone_velocity_rotational_mean units="m/s">10.435214</mesocyclone_velocity_rotational_mean>
      <mesocyclone_velocity_rotational_max_closest_to_ground units="m/s">19.694155</mesocyclone_velocity_rotational_max_closest_to_ground>
      <meso_intensity>3</meso_intensity>
    </nowcast-parameters>
  </event>
</nowcast-data>
