<?xml version="1.0" encoding="UTF-8"?>
<nowcast-data>
  <radar-stations>ASB,BOO,ROS,HNR,UMD,PRO,ESS,FLD,DRS,NEU,NHB,OFT,EIS,TUR,ISN,FBG,MEM</radar-stations>
  <event ID="29">
    <time time-coordinate="UTC">2021-07-08T06:20:00</time>
    <location>
      <area>
        <ellipse>
          <moving-point>
            <latitude>49.570576</latitude>
            <longitude>11.657143</longitude>
            <polar_motion>
              <speed units="km/h">0.0</speed>
            </polar_motion>
          </moving-point>
          <major_axis units="km">10.75</major_axis>
          <minor_axis units="km">10.75</minor_axis>
          <orientation units="degrees true">0</orientation>
        </ellipse>
      </area>
    </location>
    <nowcast-parameters>
      <mesocyclone_shear_mean units="m/s/km">4.528406</mesocyclone_shear_mean>
      <mesocyclone_shear_max units="m/s/km">10.058659</mesocyclone_shear_max>
      <mesocyclone_momentum_mean units="m/s/km">66.282783</mesocyclone_momentum_mean>
      <mesocyclone_momentum_max units="m/s/km">164.259449</mesocyclone_momentum_max>
      <mesocyclone_diameter units="km">10.750000</mesocyclone_diameter>
      <mesocyclone_diameter_equivalent units="km">4.501379</mesocyclone_diameter_equivalent>
      <mesocyclone_top units="km">8.168789</mesocyclone_top>
      <mesocyclone_base units="km">2.031948</mesocyclone_base>
      <mesocyclone_echotop units="km">6.636325</mesocyclone_echotop>
      <mesocyclone_vil units="kg/m*m">3.984108</mesocyclone_vil>
      <mesocyclone_shear_vectors>18</mesocyclone_shear_vectors>
      <mesocyclone_shear_features>2</mesocyclone_shear_features>
      <elevations>
        <elevation site="tur" units="&#176;">0.5,1.5</elevation>
      </elevations>
      <mean_dbz units="DBZ">30.40</mean_dbz>
      <max_dbz units="DBZ">46.57</max_dbz>
      <mesocyclone_velocity_max units="m/s">31.857147</mesocyclone_velocity_max>
      <mesocyclone_velocity_rotational_max units="m/s">15.611270</mesocyclone_velocity_rotational_max>
      <mesocyclone_velocity_rotational_mean units="m/s">8.005418</mesocyclone_velocity_rotational_mean>
      <mesocyclone_velocity_rotational_max_closest_to_ground units="m/s">15.611270</mesocyclone_velocity_rotational_max_closest_to_ground>
      <meso_intensity>2</meso_intensity>
    </nowcast-parameters>
  </event>
  <event ID="25">
    <time time-coordinate="UTC">2021-07-08T06:20:00</time>
    <location>
      <area>
        <ellipse>
          <moving-point>
            <latitude>49.366888</latitude>
            <longitude>11.605316</longitude>
            <polar_motion>
              <speed units="km/h">0.0</speed>
            </polar_motion>
          </moving-point>
          <major_axis units="km">10.69</major_axis>
          <minor_axis units="km">10.69</minor_axis>
          <orientation units="degrees true">0</orientation>
        </ellipse>
      </area>
    </location>
    <nowcast-parameters>
      <mesocyclone_shear_mean units="m/s/km">3.858853</mesocyclone_shear_mean>
      <mesocyclone_shear_max units="m/s/km">6.345863</mesocyclone_shear_max>
      <mesocyclone_momentum_mean units="m/s/km">176.757698</mesocyclone_momentum_mean>
      <mesocyclone_momentum_max units="m/s/km">729.947312</mesocyclone_momentum_max>
      <mesocyclone_diameter units="km">10.687282</mesocyclone_diameter>
      <mesocyclone_diameter_equivalent units="km">5.604249</mesocyclone_diameter_equivalent>
      <mesocyclone_top units="km">5.159741</mesocyclone_top>
      <mesocyclone_base units="km">1.723640</mesocyclone_base>
      <mesocyclone_echotop units="km">5.867387</mesocyclone_echotop>
      <mesocyclone_vil units="kg/m*m">2.971121</mesocyclone_vil>
      <mesocyclone_shear_vectors>12</mesocyclone_shear_vectors>
      <mesocyclone_shear_features>2</mesocyclone_shear_features>
      <elevations>
        <elevation site="tur" units="&#176;">0.5</elevation>
        <elevation site="mem" units="&#176;">0.5</elevation>
      </elevations>
      <mean_dbz units="DBZ">31.26</mean_dbz>
      <max_dbz units="DBZ">46.24</max_dbz>
      <mesocyclone_velocity_max units="m/s">31.857147</mesocyclone_velocity_max>
      <mesocyclone_velocity_rotational_max units="m/s">26.653387</mesocyclone_velocity_rotational_max>
      <mesocyclone_velocity_rotational_mean units="m/s">11.063558</mesocyclone_velocity_rotational_mean>
      <mesocyclone_velocity_rotational_max_closest_to_ground units="m/s">26.653387</mesocyclone_velocity_rotational_max_closest_to_ground>
      <meso_intensity>3</meso_intensity>
    </nowcast-parameters>
  </event>
  <event ID="46">
    <time time-coordinate="UTC">2021-07-08T06:20:00</time>
    <location>
      <area>
        <ellipse>
          <moving-point>
            <latitude>46.463012</latitude>
            <longitude>8.821389</longitude>
            <polar_motion>
              <speed units="km/h">0.0</speed>
            </polar_motion>
          </moving-point>
          <major_axis units="km">18.25</major_axis>
          <minor_axis units="km">18.25</minor_axis>
          <orientation units="degrees true">0</orientation>
        </ellipse>
      </area>
    </location>
    <nowcast-parameters>
      <mesocyclone_shear_mean units="m/s/km">4.233585</mesocyclone_shear_mean>
      <mesocyclone_shear_max units="m/s/km">7.128838</mesocyclone_shear_max>
      <mesocyclone_momentum_mean units="m/s/km">78.765528</mesocyclone_momentum_mean>
      <mesocyclone_momentum_max units="m/s/km">639.658317</mesocyclone_momentum_max>
      <mesocyclone_diameter units="km">18.250000</mesocyclone_diameter>
      <mesocyclone_diameter_equivalent units="km">7.459215</mesocyclone_diameter_equivalent>
      <mesocyclone_top units="km">9.073957</mesocyclone_top>
      <mesocyclone_base units="km">2.064674</mesocyclone_base>
      <mesocyclone_echotop units="km">8.130554</mesocyclone_echotop>
      <mesocyclone_vil units="kg/m*m">9.153590</mesocyclone_vil>
      <mesocyclone_shear_vectors>39</mesocyclone_shear_vectors>
      <mesocyclone_shear_features>2</mesocyclone_shear_features>
      <elevations>
        <elevation site="fbg" units="&#176;">0.5,2.5</elevation>
      </elevations>
      <mean_dbz units="DBZ">40.05</mean_dbz>
      <max_dbz units="DBZ">53.90</max_dbz>
      <mesocyclone_velocity_max units="m/s">31.213142</mesocyclone_velocity_max>
      <mesocyclone_velocity_rotational_max units="m/s">22.438361</mesocyclone_velocity_rotational_max>
      <mesocyclone_velocity_rotational_mean units="m/s">7.632918</mesocyclone_velocity_rotational_mean>
      <mesocyclone_velocity_rotational_max_closest_to_ground units="m/s">10.780443</mesocyclone_velocity_rotational_max_closest_to_ground>
      <meso_intensity>4</meso_intensity>
    </nowcast-parameters>
  </event>
</nowcast-data>
