<?xml version="1.0" encoding="UTF-8"?>
<nowcast-data>
  <radar-stations>ASB,BOO,ROS,HNR,UMD,PRO,ESS,FLD,DRS,NEU,NHB,OFT,EIS,TUR,ISN,FBG,MEM</radar-stations>
  <event ID="20">
    <time time-coordinate="UTC">2021-07-08T13:20:00</time>
    <location>
      <area>
        <ellipse>
          <moving-point>
            <latitude>49.685508</latitude>
            <longitude>13.041468</longitude>
            <polar_motion>
              <speed units="km/h">0.0</speed>
            </polar_motion>
          </moving-point>
          <major_axis units="km">13.25</major_axis>
          <minor_axis units="km">13.25</minor_axis>
          <orientation units="degrees true">0</orientation>
        </ellipse>
      </area>
    </location>
    <nowcast-parameters>
      <mesocyclone_shear_mean units="m/s/km">3.624571</mesocyclone_shear_mean>
      <mesocyclone_shear_max units="m/s/km">7.542186</mesocyclone_shear_max>
      <mesocyclone_momentum_mean units="m/s/km">116.460510</mesocyclone_momentum_mean>
      <mesocyclone_momentum_max units="m/s/km">342.835274</mesocyclone_momentum_max>
      <mesocyclone_diameter units="km">13.250000</mesocyclone_diameter>
      <mesocyclone_diameter_equivalent units="km">9.224720</mesocyclone_diameter_equivalent>
      <mesocyclone_top units="km">11.684456</mesocyclone_top>
      <mesocyclone_base units="km">1.585699</mesocyclone_base>
      <mesocyclone_echotop units="km">10.445264</mesocyclone_echotop>
      <mesocyclone_vil units="kg/m*m">9.238201</mesocyclone_vil>
      <mesocyclone_shear_vectors>29</mesocyclone_shear_vectors>
      <mesocyclone_shear_features>5</mesocyclone_shear_features>
      <elevations>
        <elevation site="drs" units="&#176;">0.5,1.5,2.5</elevation>
        <elevation site="neu" units="&#176;">3.5</elevation>
        <elevation site="eis" units="&#176;">8.0</elevation>
      </elevations>
      <mean_dbz units="DBZ">35.35</mean_dbz>
      <max_dbz units="DBZ">50.24</max_dbz>
      <mesocyclone_velocity_max units="m/s">31.883247</mesocyclone_velocity_max>
      <mesocyclone_velocity_rotational_max units="m/s">17.768926</mesocyclone_velocity_rotational_max>
      <mesocyclone_velocity_rotational_mean units="m/s">8.822468</mesocyclone_velocity_rotational_mean>
      <mesocyclone_velocity_rotational_max_closest_to_ground units="m/s">17.768926</mesocyclone_velocity_rotational_max_closest_to_ground>
      <meso_intensity>3</meso_intensity>
    </nowcast-parameters>
  </event>
  <event ID="39">
    <time time-coordinate="UTC">2021-07-08T13:20:00</time>
    <location>
      <area>
        <ellipse>
          <moving-point>
            <latitude>48.691495</latitude>
            <longitude>12.274581</longitude>
            <polar_motion>
              <speed units="km/h">0.0</speed>
            </polar_motion>
          </moving-point>
          <major_axis units="km">15.00</major_axis>
          <minor_axis units="km">15.00</minor_axis>
          <orientation units="degrees true">0</orientation>
        </ellipse>
      </area>
    </location>
    <nowcast-parameters>
      <mesocyclone_shear_mean units="m/s/km">4.133025</mesocyclone_shear_mean>
      <mesocyclone_shear_max units="m/s/km">11.337197</mesocyclone_shear_max>
      <mesocyclone_momentum_mean units="m/s/km">143.677938</mesocyclone_momentum_mean>
      <mesocyclone_momentum_max units="m/s/km">1043.189503</mesocyclone_momentum_max>
      <mesocyclone_diameter units="km">15.000000</mesocyclone_diameter>
      <mesocyclone_diameter_equivalent units="km">8.396705</mesocyclone_diameter_equivalent>
      <mesocyclone_top units="km">5.613930</mesocyclone_top>
      <mesocyclone_base units="km">2.474364</mesocyclone_base>
      <mesocyclone_echotop units="km">6.632051</mesocyclone_echotop>
      <mesocyclone_vil units="kg/m*m">17.124573</mesocyclone_vil>
      <mesocyclone_shear_vectors>36</mesocyclone_shear_vectors>
      <mesocyclone_shear_features>3</mesocyclone_shear_features>
      <elevations>
        <elevation site="eis" units="&#176;">1.5,2.5</elevation>
        <elevation site="isn" units="&#176;">3.5</elevation>
      </elevations>
      <mean_dbz units="DBZ">37.99</mean_dbz>
      <max_dbz units="DBZ">60.06</max_dbz>
      <mesocyclone_velocity_max units="m/s">31.631208</mesocyclone_velocity_max>
      <mesocyclone_velocity_rotational_max units="m/s">33.358197</mesocyclone_velocity_rotational_max>
      <mesocyclone_velocity_rotational_mean units="m/s">10.164061</mesocyclone_velocity_rotational_mean>
      <mesocyclone_velocity_rotational_max_closest_to_ground units="m/s">9.577576</mesocyclone_velocity_rotational_max_closest_to_ground>
      <meso_intensity>3</meso_intensity>
    </nowcast-parameters>
  </event>
  <event ID="74">
    <time time-coordinate="UTC">2021-07-08T13:20:00</time>
    <location>
      <area>
        <ellipse>
          <moving-point>
            <latitude>48.489763</latitude>
            <longitude>12.248328</longitude>
            <polar_motion>
              <speed units="km/h">0.0</speed>
            </polar_motion>
          </moving-point>
          <major_axis units="km">10.25</major_axis>
          <minor_axis units="km">10.25</minor_axis>
          <orientation units="degrees true">0</orientation>
        </ellipse>
      </area>
    </location>
    <nowcast-parameters>
      <mesocyclone_shear_mean units="m/s/km">3.951690</mesocyclone_shear_mean>
      <mesocyclone_shear_max units="m/s/km">7.379150</mesocyclone_shear_max>
      <mesocyclone_momentum_mean units="m/s/km">60.260156</mesocyclone_momentum_mean>
      <mesocyclone_momentum_max units="m/s/km">148.560976</mesocyclone_momentum_max>
      <mesocyclone_diameter units="km">10.250000</mesocyclone_diameter>
      <mesocyclone_diameter_equivalent units="km">5.161605</mesocyclone_diameter_equivalent>
      <mesocyclone_top units="km">5.376695</mesocyclone_top>
      <mesocyclone_base units="km">2.936986</mesocyclone_base>
      <mesocyclone_echotop units="km">5.919725</mesocyclone_echotop>
      <mesocyclone_vil units="kg/m*m">9.706060</mesocyclone_vil>
      <mesocyclone_shear_vectors>23</mesocyclone_shear_vectors>
      <mesocyclone_shear_features>3</mesocyclone_shear_features>
      <elevations>
        <elevation site="isn" units="&#176;">4.5,5.5,8.0</elevation>
      </elevations>
      <mean_dbz units="DBZ">37.25</mean_dbz>
      <max_dbz units="DBZ">52.34</max_dbz>
      <mesocyclone_velocity_max units="m/s">30.957420</mesocyclone_velocity_max>
      <mesocyclone_velocity_rotational_max units="m/s">10.234901</mesocyclone_velocity_rotational_max>
      <mesocyclone_velocity_rotational_mean units="m/s">7.231911</mesocyclone_velocity_rotational_mean>
      <mesocyclone_velocity_rotational_max_closest_to_ground units="m/s">7.834122</mesocyclone_velocity_rotational_max_closest_to_ground>
      <meso_intensity>2</meso_intensity>
    </nowcast-parameters>
  </event>
  <event ID="38">
    <time time-coordinate="UTC">2021-07-08T13:20:00</time>
    <location>
      <area>
        <ellipse>
          <moving-point>
            <latitude>47.870896</latitude>
            <longitude>12.310243</longitude>
            <polar_motion>
              <speed units="km/h">0.0</speed>
            </polar_motion>
          </moving-point>
          <major_axis units="km">14.75</major_axis>
          <minor_axis units="km">14.75</minor_axis>
          <orientation units="degrees true">0</orientation>
        </ellipse>
      </area>
    </location>
    <nowcast-parameters>
      <mesocyclone_shear_mean units="m/s/km">4.076956</mesocyclone_shear_mean>
      <mesocyclone_shear_max units="m/s/km">10.609032</mesocyclone_shear_max>
      <mesocyclone_momentum_mean units="m/s/km">90.966769</mesocyclone_momentum_mean>
      <mesocyclone_momentum_max units="m/s/km">327.353870</mesocyclone_momentum_max>
      <mesocyclone_diameter units="km">14.750000</mesocyclone_diameter>
      <mesocyclone_diameter_equivalent units="km">8.390368</mesocyclone_diameter_equivalent>
      <mesocyclone_top units="km">10.856134</mesocyclone_top>
      <mesocyclone_base units="km">2.154366</mesocyclone_base>
      <mesocyclone_echotop units="km">9.108549</mesocyclone_echotop>
      <mesocyclone_vil units="kg/m*m">32.495577</mesocyclone_vil>
      <mesocyclone_shear_vectors>39</mesocyclone_shear_vectors>
      <mesocyclone_shear_features>5</mesocyclone_shear_features>
      <elevations>
        <elevation site="eis" units="&#176;">0.5</elevation>
        <elevation site="isn" units="&#176;">3.5,12.0,25.0</elevation>
        <elevation site="mem" units="&#176;">1.5</elevation>
      </elevations>
      <mean_dbz units="DBZ">42.97</mean_dbz>
      <max_dbz units="DBZ">62.24</max_dbz>
      <mesocyclone_velocity_max units="m/s">29.563807</mesocyclone_velocity_max>
      <mesocyclone_velocity_rotational_max units="m/s">17.816311</mesocyclone_velocity_rotational_max>
      <mesocyclone_velocity_rotational_mean units="m/s">8.731362</mesocyclone_velocity_rotational_mean>
      <mesocyclone_velocity_rotational_max_closest_to_ground units="m/s">11.215845</mesocyclone_velocity_rotational_max_closest_to_ground>
      <meso_intensity>3</meso_intensity>
    </nowcast-parameters>
  </event>
  <event ID="77">
    <time time-coordinate="UTC">2021-07-08T13:20:00</time>
    <location>
      <area>
        <ellipse>
          <moving-point>
            <latitude>47.742409</latitude>
            <longitude>12.267004</longitude>
            <polar_motion>
              <speed units="km/h">0.0</speed>
            </polar_motion>
          </moving-point>
          <major_axis units="km">5.80</major_axis>
          <minor_axis units="km">5.80</minor_axis>
          <orientation units="degrees true">0</orientation>
        </ellipse>
      </area>
    </location>
    <nowcast-parameters>
      <mesocyclone_shear_mean units="m/s/km">6.791124</mesocyclone_shear_mean>
      <mesocyclone_shear_max units="m/s/km">13.856471</mesocyclone_shear_max>
      <mesocyclone_momentum_mean units="m/s/km">51.905789</mesocyclone_momentum_mean>
      <mesocyclone_momentum_max units="m/s/km">179.263206</mesocyclone_momentum_max>
      <mesocyclone_diameter units="km">5.798525</mesocyclone_diameter>
      <mesocyclone_diameter_equivalent units="km">3.070265</mesocyclone_diameter_equivalent>
      <mesocyclone_top units="km">6.202348</mesocyclone_top>
      <mesocyclone_base units="km">3.507322</mesocyclone_base>
      <mesocyclone_echotop units="km">7.737644</mesocyclone_echotop>
      <mesocyclone_vil units="kg/m*m">25.765737</mesocyclone_vil>
      <mesocyclone_shear_vectors>11</mesocyclone_shear_vectors>
      <mesocyclone_shear_features>2</mesocyclone_shear_features>
      <elevations>
        <elevation site="isn" units="&#176;">5.5</elevation>
        <elevation site="mem" units="&#176;">1.5</elevation>
      </elevations>
      <mean_dbz units="DBZ">45.33</mean_dbz>
      <max_dbz units="DBZ">66.56</max_dbz>
      <mesocyclone_velocity_max units="m/s">27.924854</mesocyclone_velocity_max>
      <mesocyclone_velocity_rotational_max units="m/s">11.877541</mesocyclone_velocity_rotational_max>
      <mesocyclone_velocity_rotational_mean units="m/s">8.682492</mesocyclone_velocity_rotational_mean>
      <mesocyclone_velocity_rotational_max_closest_to_ground units="m/s">8.584633</mesocyclone_velocity_rotational_max_closest_to_ground>
      <meso_intensity>2</meso_intensity>
    </nowcast-parameters>
  </event>
  <event ID="52">
    <time time-coordinate="UTC">2021-07-08T13:20:00</time>
    <location>
      <area>
        <ellipse>
          <moving-point>
            <latitude>47.728683</latitude>
            <longitude>11.467650</longitude>
            <polar_motion>
              <speed units="km/h">0.0</speed>
            </polar_motion>
          </moving-point>
          <major_axis units="km">13.00</major_axis>
          <minor_axis units="km">13.00</minor_axis>
          <orientation units="degrees true">0</orientation>
        </ellipse>
      </area>
    </location>
    <nowcast-parameters>
      <mesocyclone_shear_mean units="m/s/km">3.674940</mesocyclone_shear_mean>
      <mesocyclone_shear_max units="m/s/km">11.634578</mesocyclone_shear_max>
      <mesocyclone_momentum_mean units="m/s/km">134.170789</mesocyclone_momentum_mean>
      <mesocyclone_momentum_max units="m/s/km">580.312200</mesocyclone_momentum_max>
      <mesocyclone_diameter units="km">13.000000</mesocyclone_diameter>
      <mesocyclone_diameter_equivalent units="km">7.920452</mesocyclone_diameter_equivalent>
      <mesocyclone_top units="km">6.822461</mesocyclone_top>
      <mesocyclone_base units="km">2.013704</mesocyclone_base>
      <mesocyclone_echotop units="km">9.006547</mesocyclone_echotop>
      <mesocyclone_vil units="kg/m*m">13.692964</mesocyclone_vil>
      <mesocyclone_shear_vectors>26</mesocyclone_shear_vectors>
      <mesocyclone_shear_features>6</mesocyclone_shear_features>
      <elevations>
        <elevation site="tur" units="&#176;">1.5</elevation>
        <elevation site="isn" units="&#176;">2.5,3.5,4.5</elevation>
        <elevation site="mem" units="&#176;">1.5,2.5</elevation>
      </elevations>
      <mean_dbz units="DBZ">38.11</mean_dbz>
      <max_dbz units="DBZ">54.53</max_dbz>
      <mesocyclone_velocity_max units="m/s">31.715559</mesocyclone_velocity_max>
      <mesocyclone_velocity_rotational_max units="m/s">18.827165</mesocyclone_velocity_rotational_max>
      <mesocyclone_velocity_rotational_mean units="m/s">9.408426</mesocyclone_velocity_rotational_mean>
      <mesocyclone_velocity_rotational_max_closest_to_ground units="m/s">18.827165</mesocyclone_velocity_rotational_max_closest_to_ground>
      <meso_intensity>3</meso_intensity>
    </nowcast-parameters>
  </event>
</nowcast-data>
