<?xml version="1.0" encoding="UTF-8"?>
<nowcast-data>
  <radar-stations>ASB,BOO,ROS,HNR,UMD,PRO,ESS,FLD,DRS,NEU,NHB,OFT,EIS,TUR,ISN,FBG,MEM</radar-stations>
  <event ID="19">
    <time time-coordinate="UTC">2021-07-08T11:20:00</time>
    <location>
      <area>
        <ellipse>
          <moving-point>
            <latitude>50.035050</latitude>
            <longitude>12.415283</longitude>
            <polar_motion>
              <speed units="km/h">0.0</speed>
            </polar_motion>
          </moving-point>
          <major_axis units="km">10.50</major_axis>
          <minor_axis units="km">10.50</minor_axis>
          <orientation units="degrees true">0</orientation>
        </ellipse>
      </area>
    </location>
    <nowcast-parameters>
      <mesocyclone_shear_mean units="m/s/km">3.595116</mesocyclone_shear_mean>
      <mesocyclone_shear_max units="m/s/km">6.909694</mesocyclone_shear_max>
      <mesocyclone_momentum_mean units="m/s/km">82.524783</mesocyclone_momentum_mean>
      <mesocyclone_momentum_max units="m/s/km">167.041311</mesocyclone_momentum_max>
      <mesocyclone_diameter units="km">10.500000</mesocyclone_diameter>
      <mesocyclone_diameter_equivalent units="km">6.264296</mesocyclone_diameter_equivalent>
      <mesocyclone_top units="km">9.529078</mesocyclone_top>
      <mesocyclone_base units="km">4.308780</mesocyclone_base>
      <mesocyclone_echotop units="km">8.973481</mesocyclone_echotop>
      <mesocyclone_vil units="kg/m*m">13.772561</mesocyclone_vil>
      <mesocyclone_shear_vectors>22</mesocyclone_shear_vectors>
      <mesocyclone_shear_features>2</mesocyclone_shear_features>
      <elevations>
        <elevation site="drs" units="&#176;">2.5</elevation>
        <elevation site="eis" units="&#176;">4.5</elevation>
      </elevations>
      <mean_dbz units="DBZ">40.02</mean_dbz>
      <max_dbz units="DBZ">55.22</max_dbz>
      <mesocyclone_velocity_max units="m/s">31.631207</mesocyclone_velocity_max>
      <mesocyclone_velocity_rotational_max units="m/s">10.585743</mesocyclone_velocity_rotational_max>
      <mesocyclone_velocity_rotational_mean units="m/s">7.982762</mesocyclone_velocity_rotational_mean>
      <mesocyclone_velocity_rotational_max_closest_to_ground units="m/s">9.703598</mesocyclone_velocity_rotational_max_closest_to_ground>
      <meso_intensity>1</meso_intensity>
    </nowcast-parameters>
  </event>
  <event ID="43">
    <time time-coordinate="UTC">2021-07-08T11:20:00</time>
    <location>
      <area>
        <ellipse>
          <moving-point>
            <latitude>47.707470</latitude>
            <longitude>10.462481</longitude>
            <polar_motion>
              <speed units="km/h">0.0</speed>
            </polar_motion>
          </moving-point>
          <major_axis units="km">12.75</major_axis>
          <minor_axis units="km">12.75</minor_axis>
          <orientation units="degrees true">0</orientation>
        </ellipse>
      </area>
    </location>
    <nowcast-parameters>
      <mesocyclone_shear_mean units="m/s/km">3.066630</mesocyclone_shear_mean>
      <mesocyclone_shear_max units="m/s/km">7.370632</mesocyclone_shear_max>
      <mesocyclone_momentum_mean units="m/s/km">115.521669</mesocyclone_momentum_mean>
      <mesocyclone_momentum_max units="m/s/km">291.823928</mesocyclone_momentum_max>
      <mesocyclone_diameter units="km">12.750000</mesocyclone_diameter>
      <mesocyclone_diameter_equivalent units="km">9.173796</mesocyclone_diameter_equivalent>
      <mesocyclone_top units="km">4.874737</mesocyclone_top>
      <mesocyclone_base units="km">2.286350</mesocyclone_base>
      <mesocyclone_echotop units="km">7.787793</mesocyclone_echotop>
      <mesocyclone_vil units="kg/m*m">20.761566</mesocyclone_vil>
      <mesocyclone_shear_vectors>40</mesocyclone_shear_vectors>
      <mesocyclone_shear_features>5</mesocyclone_shear_features>
      <elevations>
        <elevation site="mem" units="&#176;">2.5,3.5,5.5,8.0,12.0</elevation>
      </elevations>
      <mean_dbz units="DBZ">38.68</mean_dbz>
      <max_dbz units="DBZ">59.14</max_dbz>
      <mesocyclone_velocity_max units="m/s">26.495056</mesocyclone_velocity_max>
      <mesocyclone_velocity_rotational_max units="m/s">13.255682</mesocyclone_velocity_rotational_max>
      <mesocyclone_velocity_rotational_mean units="m/s">8.595167</mesocyclone_velocity_rotational_mean>
      <mesocyclone_velocity_rotational_max_closest_to_ground units="m/s">13.255682</mesocyclone_velocity_rotational_max_closest_to_ground>
      <meso_intensity>2</meso_intensity>
    </nowcast-parameters>
  </event>
  <event ID="57">
    <time time-coordinate="UTC">2021-07-08T11:20:00</time>
    <location>
      <area>
        <ellipse>
          <moving-point>
            <latitude>47.383602</latitude>
            <longitude>10.452942</longitude>
            <polar_motion>
              <speed units="km/h">0.0</speed>
            </polar_motion>
          </moving-point>
          <major_axis units="km">8.29</major_axis>
          <minor_axis units="km">8.29</minor_axis>
          <orientation units="degrees true">0</orientation>
        </ellipse>
      </area>
    </location>
    <nowcast-parameters>
      <mesocyclone_shear_mean units="m/s/km">4.136889</mesocyclone_shear_mean>
      <mesocyclone_shear_max units="m/s/km">5.705700</mesocyclone_shear_max>
      <mesocyclone_momentum_mean units="m/s/km">84.490867</mesocyclone_momentum_mean>
      <mesocyclone_momentum_max units="m/s/km">266.262774</mesocyclone_momentum_max>
      <mesocyclone_diameter units="km">8.288666</mesocyclone_diameter>
      <mesocyclone_diameter_equivalent units="km">3.547861</mesocyclone_diameter_equivalent>
      <mesocyclone_top units="km">5.348142</mesocyclone_top>
      <mesocyclone_base units="km">1.759424</mesocyclone_base>
      <mesocyclone_echotop units="km">6.837962</mesocyclone_echotop>
      <mesocyclone_vil units="kg/m*m">4.418109</mesocyclone_vil>
      <mesocyclone_shear_vectors>8</mesocyclone_shear_vectors>
      <mesocyclone_shear_features>2</mesocyclone_shear_features>
      <elevations>
        <elevation site="isn" units="&#176;">1.5</elevation>
        <elevation site="mem" units="&#176;">2.5</elevation>
      </elevations>
      <mean_dbz units="DBZ">35.51</mean_dbz>
      <max_dbz units="DBZ">47.29</max_dbz>
      <mesocyclone_velocity_max units="m/s">22.112440</mesocyclone_velocity_max>
      <mesocyclone_velocity_rotational_max units="m/s">11.235769</mesocyclone_velocity_rotational_max>
      <mesocyclone_velocity_rotational_mean units="m/s">8.303815</mesocyclone_velocity_rotational_mean>
      <mesocyclone_velocity_rotational_max_closest_to_ground units="m/s">11.235769</mesocyclone_velocity_rotational_max_closest_to_ground>
      <meso_intensity>1</meso_intensity>
    </nowcast-parameters>
  </event>
  <event ID="85">
    <time time-coordinate="UTC">2021-07-08T11:20:00</time>
    <location>
      <area>
        <ellipse>
          <moving-point>
            <latitude>46.954084</latitude>
            <longitude>9.737239</longitude>
            <polar_motion>
              <speed units="km/h">0.0</speed>
            </polar_motion>
          </moving-point>
          <major_axis units="km">9.77</major_axis>
          <minor_axis units="km">9.77</minor_axis>
          <orientation units="degrees true">0</orientation>
        </ellipse>
      </area>
    </location>
    <nowcast-parameters>
      <mesocyclone_shear_mean units="m/s/km">4.211885</mesocyclone_shear_mean>
      <mesocyclone_shear_max units="m/s/km">7.991666</mesocyclone_shear_max>
      <mesocyclone_momentum_mean units="m/s/km">122.169543</mesocyclone_momentum_mean>
      <mesocyclone_momentum_max units="m/s/km">334.091775</mesocyclone_momentum_max>
      <mesocyclone_diameter units="km">9.773167</mesocyclone_diameter>
      <mesocyclone_diameter_equivalent units="km">5.241293</mesocyclone_diameter_equivalent>
      <mesocyclone_top units="km">6.820685</mesocyclone_top>
      <mesocyclone_base units="km">2.491598</mesocyclone_base>
      <mesocyclone_echotop units="km">6.255704</mesocyclone_echotop>
      <mesocyclone_vil units="kg/m*m">5.867723</mesocyclone_vil>
      <mesocyclone_shear_vectors>13</mesocyclone_shear_vectors>
      <mesocyclone_shear_features>2</mesocyclone_shear_features>
      <elevations>
        <elevation site="mem" units="&#176;">1.5,2.5</elevation>
      </elevations>
      <mean_dbz units="DBZ">32.72</mean_dbz>
      <max_dbz units="DBZ">44.66</max_dbz>
      <mesocyclone_velocity_max units="m/s">31.182415</mesocyclone_velocity_max>
      <mesocyclone_velocity_rotational_max units="m/s">13.381926</mesocyclone_velocity_rotational_max>
      <mesocyclone_velocity_rotational_mean units="m/s">8.880821</mesocyclone_velocity_rotational_mean>
      <mesocyclone_velocity_rotational_max_closest_to_ground units="m/s">13.381926</mesocyclone_velocity_rotational_max_closest_to_ground>
      <meso_intensity>2</meso_intensity>
    </nowcast-parameters>
  </event>
</nowcast-data>
