<?xml version="1.0" encoding="UTF-8"?>
<nowcast-data>
  <radar-stations>ASB,BOO,ROS,HNR,UMD,PRO,ESS,FLD,DRS,NEU,NHB,OFT,EIS,TUR,ISN,FBG,MEM</radar-stations>
  <event ID="43">
    <time time-coordinate="UTC">2021-07-08T07:25:00</time>
    <location>
      <area>
        <ellipse>
          <moving-point>
            <latitude>46.421581</latitude>
            <longitude>8.721414</longitude>
            <polar_motion>
              <speed units="km/h">0.0</speed>
            </polar_motion>
          </moving-point>
          <major_axis units="km">11.25</major_axis>
          <minor_axis units="km">11.25</minor_axis>
          <orientation units="degrees true">0</orientation>
        </ellipse>
      </area>
    </location>
    <nowcast-parameters>
      <mesocyclone_shear_mean units="m/s/km">4.936515</mesocyclone_shear_mean>
      <mesocyclone_shear_max units="m/s/km">10.282085</mesocyclone_shear_max>
      <mesocyclone_momentum_mean units="m/s/km">134.440677</mesocyclone_momentum_mean>
      <mesocyclone_momentum_max units="m/s/km">939.617220</mesocyclone_momentum_max>
      <mesocyclone_diameter units="km">11.250000</mesocyclone_diameter>
      <mesocyclone_diameter_equivalent units="km">6.194282</mesocyclone_diameter_equivalent>
      <mesocyclone_top units="km">6.451426</mesocyclone_top>
      <mesocyclone_base units="km">0.683163</mesocyclone_base>
      <mesocyclone_echotop units="km">8.224905</mesocyclone_echotop>
      <mesocyclone_vil units="kg/m*m">24.502261</mesocyclone_vil>
      <mesocyclone_shear_vectors>23</mesocyclone_shear_vectors>
      <mesocyclone_shear_features>2</mesocyclone_shear_features>
      <elevations>
        <elevation site="fbg" units="&#176;">0.5,1.5</elevation>
      </elevations>
      <mean_dbz units="DBZ">44.58</mean_dbz>
      <max_dbz units="DBZ">56.73</max_dbz>
      <mesocyclone_velocity_max units="m/s">31.463848</mesocyclone_velocity_max>
      <mesocyclone_velocity_rotational_max units="m/s">34.723051</mesocyclone_velocity_rotational_max>
      <mesocyclone_velocity_rotational_mean units="m/s">10.872164</mesocyclone_velocity_rotational_mean>
      <mesocyclone_velocity_rotational_max_closest_to_ground units="m/s">34.723051</mesocyclone_velocity_rotational_max_closest_to_ground>
      <meso_intensity>3</meso_intensity>
    </nowcast-parameters>
  </event>
</nowcast-data>
