<?xml version="1.0" encoding="UTF-8"?>
<nowcast-data>
  <radar-stations>ASB,BOO,ROS,HNR,UMD,PRO,ESS,FLD,DRS,NEU,NHB,OFT,EIS,TUR,ISN,FBG,MEM</radar-stations>
  <event ID="49">
    <time time-coordinate="UTC">2021-07-08T07:30:00</time>
    <location>
      <area>
        <ellipse>
          <moving-point>
            <latitude>46.467376</latitude>
            <longitude>8.701106</longitude>
            <polar_motion>
              <speed units="km/h">0.0</speed>
            </polar_motion>
          </moving-point>
          <major_axis units="km">7.25</major_axis>
          <minor_axis units="km">7.25</minor_axis>
          <orientation units="degrees true">0</orientation>
        </ellipse>
      </area>
    </location>
    <nowcast-parameters>
      <mesocyclone_shear_mean units="m/s/km">4.137177</mesocyclone_shear_mean>
      <mesocyclone_shear_max units="m/s/km">6.669704</mesocyclone_shear_max>
      <mesocyclone_momentum_mean units="m/s/km">43.283000</mesocyclone_momentum_mean>
      <mesocyclone_momentum_max units="m/s/km">154.646849</mesocyclone_momentum_max>
      <mesocyclone_diameter units="km">7.250000</mesocyclone_diameter>
      <mesocyclone_diameter_equivalent units="km">4.457548</mesocyclone_diameter_equivalent>
      <mesocyclone_top units="km">9.805855</mesocyclone_top>
      <mesocyclone_base units="km">4.430982</mesocyclone_base>
      <mesocyclone_echotop units="km">8.520906</mesocyclone_echotop>
      <mesocyclone_vil units="kg/m*m">4.653660</mesocyclone_vil>
      <mesocyclone_shear_vectors>18</mesocyclone_shear_vectors>
      <mesocyclone_shear_features>2</mesocyclone_shear_features>
      <elevations>
        <elevation site="fbg" units="&#176;">1.5,2.5</elevation>
      </elevations>
      <mean_dbz units="DBZ">36.65</mean_dbz>
      <max_dbz units="DBZ">44.98</max_dbz>
      <mesocyclone_velocity_max units="m/s">31.463848</mesocyclone_velocity_max>
      <mesocyclone_velocity_rotational_max units="m/s">9.652256</mesocyclone_velocity_rotational_max>
      <mesocyclone_velocity_rotational_mean units="m/s">6.340018</mesocyclone_velocity_rotational_mean>
      <mesocyclone_velocity_rotational_max_closest_to_ground units="m/s">9.150838</mesocyclone_velocity_rotational_max_closest_to_ground>
      <meso_intensity>1</meso_intensity>
    </nowcast-parameters>
  </event>
  <event ID="40">
    <time time-coordinate="UTC">2021-07-08T07:30:00</time>
    <location>
      <area>
        <ellipse>
          <moving-point>
            <latitude>46.385575</latitude>
            <longitude>8.596557</longitude>
            <polar_motion>
              <speed units="km/h">0.0</speed>
            </polar_motion>
          </moving-point>
          <major_axis units="km">9.50</major_axis>
          <minor_axis units="km">9.50</minor_axis>
          <orientation units="degrees true">0</orientation>
        </ellipse>
      </area>
    </location>
    <nowcast-parameters>
      <mesocyclone_shear_mean units="m/s/km">4.809407</mesocyclone_shear_mean>
      <mesocyclone_shear_max units="m/s/km">10.366365</mesocyclone_shear_max>
      <mesocyclone_momentum_mean units="m/s/km">61.890972</mesocyclone_momentum_mean>
      <mesocyclone_momentum_max units="m/s/km">277.667496</mesocyclone_momentum_max>
      <mesocyclone_diameter units="km">9.500000</mesocyclone_diameter>
      <mesocyclone_diameter_equivalent units="km">6.236754</mesocyclone_diameter_equivalent>
      <mesocyclone_top units="km">11.305086</mesocyclone_top>
      <mesocyclone_base units="km">1.136309</mesocyclone_base>
      <mesocyclone_echotop units="km">9.881828</mesocyclone_echotop>
      <mesocyclone_vil units="kg/m*m">15.338864</mesocyclone_vil>
      <mesocyclone_shear_vectors>32</mesocyclone_shear_vectors>
      <mesocyclone_shear_features>2</mesocyclone_shear_features>
      <elevations>
        <elevation site="fbg" units="&#176;">0.5,2.5</elevation>
      </elevations>
      <mean_dbz units="DBZ">41.39</mean_dbz>
      <max_dbz units="DBZ">54.62</max_dbz>
      <mesocyclone_velocity_max units="m/s">30.711723</mesocyclone_velocity_max>
      <mesocyclone_velocity_rotational_max units="m/s">15.418539</mesocyclone_velocity_rotational_max>
      <mesocyclone_velocity_rotational_mean units="m/s">7.959978</mesocyclone_velocity_rotational_mean>
      <mesocyclone_velocity_rotational_max_closest_to_ground units="m/s">15.418539</mesocyclone_velocity_rotational_max_closest_to_ground>
      <meso_intensity>3</meso_intensity>
    </nowcast-parameters>
  </event>
</nowcast-data>
