<?xml version="1.0" encoding="UTF-8"?>
<nowcast-data>
  <radar-stations>ASB,BOO,ROS,HNR,UMD,PRO,ESS,FLD,DRS,NEU,NHB,OFT,EIS,TUR,ISN,FBG,MEM</radar-stations>
  <event ID="36">
    <time time-coordinate="UTC">2021-07-08T03:20:00</time>
    <location>
      <area>
        <ellipse>
          <moving-point>
            <latitude>48.078480</latitude>
            <longitude>9.854090</longitude>
            <polar_motion>
              <speed units="km/h">0.0</speed>
            </polar_motion>
          </moving-point>
          <major_axis units="km">6.55</major_axis>
          <minor_axis units="km">6.55</minor_axis>
          <orientation units="degrees true">0</orientation>
        </ellipse>
      </area>
    </location>
    <nowcast-parameters>
      <mesocyclone_shear_mean units="m/s/km">3.421388</mesocyclone_shear_mean>
      <mesocyclone_shear_max units="m/s/km">6.226707</mesocyclone_shear_max>
      <mesocyclone_momentum_mean units="m/s/km">66.613787</mesocyclone_momentum_mean>
      <mesocyclone_momentum_max units="m/s/km">197.389075</mesocyclone_momentum_max>
      <mesocyclone_diameter units="km">6.553448</mesocyclone_diameter>
      <mesocyclone_diameter_equivalent units="km">5.382635</mesocyclone_diameter_equivalent>
      <mesocyclone_top units="km">4.575442</mesocyclone_top>
      <mesocyclone_base units="km">1.610715</mesocyclone_base>
      <mesocyclone_echotop units="km">8.299958</mesocyclone_echotop>
      <mesocyclone_vil units="kg/m*m">10.594824</mesocyclone_vil>
      <mesocyclone_shear_vectors>20</mesocyclone_shear_vectors>
      <mesocyclone_shear_features>5</mesocyclone_shear_features>
      <elevations>
        <elevation site="isn" units="&#176;">0.5</elevation>
        <elevation site="mem" units="&#176;">3.5,4.5,5.5,8.0</elevation>
      </elevations>
      <mean_dbz units="DBZ">37.87</mean_dbz>
      <max_dbz units="DBZ">53.86</max_dbz>
      <mesocyclone_velocity_max units="m/s">21.354300</mesocyclone_velocity_max>
      <mesocyclone_velocity_rotational_max units="m/s">9.594588</mesocyclone_velocity_rotational_max>
      <mesocyclone_velocity_rotational_mean units="m/s">6.948176</mesocyclone_velocity_rotational_mean>
      <mesocyclone_velocity_rotational_max_closest_to_ground units="m/s">7.700919</mesocyclone_velocity_rotational_max_closest_to_ground>
      <meso_intensity>1</meso_intensity>
    </nowcast-parameters>
  </event>
  <event ID="53">
    <time time-coordinate="UTC">2021-07-08T03:20:00</time>
    <location>
      <area>
        <ellipse>
          <moving-point>
            <latitude>47.945372</latitude>
            <longitude>9.851480</longitude>
            <polar_motion>
              <speed units="km/h">0.0</speed>
            </polar_motion>
          </moving-point>
          <major_axis units="km">5.50</major_axis>
          <minor_axis units="km">5.50</minor_axis>
          <orientation units="degrees true">0</orientation>
        </ellipse>
      </area>
    </location>
    <nowcast-parameters>
      <mesocyclone_shear_mean units="m/s/km">3.799378</mesocyclone_shear_mean>
      <mesocyclone_shear_max units="m/s/km">5.612347</mesocyclone_shear_max>
      <mesocyclone_momentum_mean units="m/s/km">37.540614</mesocyclone_momentum_mean>
      <mesocyclone_momentum_max units="m/s/km">52.931846</mesocyclone_momentum_max>
      <mesocyclone_diameter units="km">5.500000</mesocyclone_diameter>
      <mesocyclone_diameter_equivalent units="km">3.349585</mesocyclone_diameter_equivalent>
      <mesocyclone_top units="km">3.247085</mesocyclone_top>
      <mesocyclone_base units="km">2.227837</mesocyclone_base>
      <mesocyclone_echotop units="km">6.256015</mesocyclone_echotop>
      <mesocyclone_vil units="kg/m*m">3.925630</mesocyclone_vil>
      <mesocyclone_shear_vectors>11</mesocyclone_shear_vectors>
      <mesocyclone_shear_features>2</mesocyclone_shear_features>
      <elevations>
        <elevation site="mem" units="&#176;">4.5,5.5</elevation>
      </elevations>
      <mean_dbz units="DBZ">36.32</mean_dbz>
      <max_dbz units="DBZ">50.04</max_dbz>
      <mesocyclone_velocity_max units="m/s">18.052979</mesocyclone_velocity_max>
      <mesocyclone_velocity_rotational_max units="m/s">7.322186</mesocyclone_velocity_rotational_max>
      <mesocyclone_velocity_rotational_mean units="m/s">5.919469</mesocyclone_velocity_rotational_mean>
      <mesocyclone_velocity_rotational_max_closest_to_ground units="m/s">6.943452</mesocyclone_velocity_rotational_max_closest_to_ground>
      <meso_intensity>1</meso_intensity>
    </nowcast-parameters>
  </event>
</nowcast-data>
