<?xml version="1.0" encoding="UTF-8"?>
<nowcast-data>
  <radar-stations>ASB,BOO,ROS,HNR,UMD,PRO,ESS,FLD,DRS,NEU,NHB,OFT,EIS,TUR,ISN,FBG,MEM</radar-stations>
  <event ID="37">
    <time time-coordinate="UTC">2021-07-08T03:15:00</time>
    <location>
      <area>
        <ellipse>
          <moving-point>
            <latitude>48.075103</latitude>
            <longitude>9.849931</longitude>
            <polar_motion>
              <speed units="km/h">0.0</speed>
            </polar_motion>
          </moving-point>
          <major_axis units="km">6.25</major_axis>
          <minor_axis units="km">6.25</minor_axis>
          <orientation units="degrees true">0</orientation>
        </ellipse>
      </area>
    </location>
    <nowcast-parameters>
      <mesocyclone_shear_mean units="m/s/km">3.594643</mesocyclone_shear_mean>
      <mesocyclone_shear_max units="m/s/km">5.387020</mesocyclone_shear_max>
      <mesocyclone_momentum_mean units="m/s/km">61.003945</mesocyclone_momentum_mean>
      <mesocyclone_momentum_max units="m/s/km">143.240062</mesocyclone_momentum_max>
      <mesocyclone_diameter units="km">6.250000</mesocyclone_diameter>
      <mesocyclone_diameter_equivalent units="km">5.020360</mesocyclone_diameter_equivalent>
      <mesocyclone_top units="km">4.714970</mesocyclone_top>
      <mesocyclone_base units="km">1.761152</mesocyclone_base>
      <mesocyclone_echotop units="km">8.265230</mesocyclone_echotop>
      <mesocyclone_vil units="kg/m*m">16.912528</mesocyclone_vil>
      <mesocyclone_shear_vectors>17</mesocyclone_shear_vectors>
      <mesocyclone_shear_features>2</mesocyclone_shear_features>
      <elevations>
        <elevation site="isn" units="&#176;">0.5</elevation>
        <elevation site="mem" units="&#176;">8.0</elevation>
      </elevations>
      <mean_dbz units="DBZ">41.93</mean_dbz>
      <max_dbz units="DBZ">56.40</max_dbz>
      <mesocyclone_velocity_max units="m/s">19.585304</mesocyclone_velocity_max>
      <mesocyclone_velocity_rotational_max units="m/s">8.710876</mesocyclone_velocity_rotational_max>
      <mesocyclone_velocity_rotational_mean units="m/s">6.884655</mesocyclone_velocity_rotational_mean>
      <mesocyclone_velocity_rotational_max_closest_to_ground units="m/s">7.960479</mesocyclone_velocity_rotational_max_closest_to_ground>
      <meso_intensity>1</meso_intensity>
    </nowcast-parameters>
  </event>
</nowcast-data>
