<?xml version="1.0" encoding="UTF-8"?>
<nowcast-data>
  <radar-stations>ASB,BOO,ROS,HNR,UMD,PRO,ESS,FLD,DRS,NEU,NHB,OFT,EIS,TUR,ISN,FBG,MEM</radar-stations>
  <event ID="38">
    <time time-coordinate="UTC">2021-07-08T06:15:00</time>
    <location>
      <area>
        <ellipse>
          <moving-point>
            <latitude>47.831394</latitude>
            <longitude>10.094376</longitude>
            <polar_motion>
              <speed units="km/h">0.0</speed>
            </polar_motion>
          </moving-point>
          <major_axis units="km">6.62</major_axis>
          <minor_axis units="km">6.62</minor_axis>
          <orientation units="degrees true">0</orientation>
        </ellipse>
      </area>
    </location>
    <nowcast-parameters>
      <mesocyclone_shear_mean units="m/s/km">4.487533</mesocyclone_shear_mean>
      <mesocyclone_shear_max units="m/s/km">14.060624</mesocyclone_shear_max>
      <mesocyclone_momentum_mean units="m/s/km">63.656935</mesocyclone_momentum_mean>
      <mesocyclone_momentum_max units="m/s/km">139.691754</mesocyclone_momentum_max>
      <mesocyclone_diameter units="km">6.624820</mesocyclone_diameter>
      <mesocyclone_diameter_equivalent units="km">4.255309</mesocyclone_diameter_equivalent>
      <mesocyclone_top units="km">4.189231</mesocyclone_top>
      <mesocyclone_base units="km">1.451052</mesocyclone_base>
      <mesocyclone_echotop units="km">6.392076</mesocyclone_echotop>
      <mesocyclone_vil units="kg/m*m">4.540634</mesocyclone_vil>
      <mesocyclone_shear_vectors>11</mesocyclone_shear_vectors>
      <mesocyclone_shear_features>2</mesocyclone_shear_features>
      <elevations>
        <elevation site="tur" units="&#176;">1.5</elevation>
        <elevation site="isn" units="&#176;">0.5</elevation>
      </elevations>
      <mean_dbz units="DBZ">31.49</mean_dbz>
      <max_dbz units="DBZ">49.64</max_dbz>
      <mesocyclone_velocity_max units="m/s">28.557198</mesocyclone_velocity_max>
      <mesocyclone_velocity_rotational_max units="m/s">13.072853</mesocyclone_velocity_rotational_max>
      <mesocyclone_velocity_rotational_mean units="m/s">7.097812</mesocyclone_velocity_rotational_mean>
      <mesocyclone_velocity_rotational_max_closest_to_ground units="m/s">7.202338</mesocyclone_velocity_rotational_max_closest_to_ground>
      <meso_intensity>2</meso_intensity>
    </nowcast-parameters>
  </event>
</nowcast-data>
