<?xml version="1.0" encoding="UTF-8"?>
<nowcast-data>
  <radar-stations>ASB,BOO,ROS,HNR,UMD,PRO,ESS,FLD,DRS,NEU,NHB,OFT,EIS,TUR,ISN,FBG,MEM</radar-stations>
  <event ID="42">
    <time time-coordinate="UTC">2021-07-08T05:50:00</time>
    <location>
      <area>
        <ellipse>
          <moving-point>
            <latitude>46.419468</latitude>
            <longitude>8.762222</longitude>
            <polar_motion>
              <speed units="km/h">0.0</speed>
            </polar_motion>
          </moving-point>
          <major_axis units="km">6.54</major_axis>
          <minor_axis units="km">6.54</minor_axis>
          <orientation units="degrees true">0</orientation>
        </ellipse>
      </area>
    </location>
    <nowcast-parameters>
      <mesocyclone_shear_mean units="m/s/km">4.892232</mesocyclone_shear_mean>
      <mesocyclone_shear_max units="m/s/km">8.409262</mesocyclone_shear_max>
      <mesocyclone_momentum_mean units="m/s/km">66.215295</mesocyclone_momentum_mean>
      <mesocyclone_momentum_max units="m/s/km">357.356211</mesocyclone_momentum_max>
      <mesocyclone_diameter units="km">6.537393</mesocyclone_diameter>
      <mesocyclone_diameter_equivalent units="km">3.816602</mesocyclone_diameter_equivalent>
      <mesocyclone_top units="km">7.218620</mesocyclone_top>
      <mesocyclone_base units="km">1.287644</mesocyclone_base>
      <mesocyclone_echotop units="km">8.896063</mesocyclone_echotop>
      <mesocyclone_vil units="kg/m*m">8.393752</mesocyclone_vil>
      <mesocyclone_shear_vectors>15</mesocyclone_shear_vectors>
      <mesocyclone_shear_features>2</mesocyclone_shear_features>
      <elevations>
        <elevation site="fbg" units="&#176;">0.5,1.5</elevation>
      </elevations>
      <mean_dbz units="DBZ">43.38</mean_dbz>
      <max_dbz units="DBZ">51.60</max_dbz>
      <mesocyclone_velocity_max units="m/s">31.213142</mesocyclone_velocity_max>
      <mesocyclone_velocity_rotational_max units="m/s">20.056637</mesocyclone_velocity_rotational_max>
      <mesocyclone_velocity_rotational_mean units="m/s">8.398716</mesocyclone_velocity_rotational_mean>
      <mesocyclone_velocity_rotational_max_closest_to_ground units="m/s">8.148008</mesocyclone_velocity_rotational_max_closest_to_ground>
      <meso_intensity>2</meso_intensity>
    </nowcast-parameters>
  </event>
</nowcast-data>
