<?xml version="1.0" encoding="UTF-8"?>
<nowcast-data>
  <radar-stations>ASB,BOO,ROS,HNR,UMD,PRO,ESS,FLD,DRS,NEU,NHB,OFT,EIS,TUR,ISN,FBG,MEM</radar-stations>
  <event ID="25">
    <time time-coordinate="UTC">2021-07-08T10:30:00</time>
    <location>
      <area>
        <ellipse>
          <moving-point>
            <latitude>49.633941</latitude>
            <longitude>12.025495</longitude>
            <polar_motion>
              <speed units="km/h">0.0</speed>
            </polar_motion>
          </moving-point>
          <major_axis units="km">8.75</major_axis>
          <minor_axis units="km">8.75</minor_axis>
          <orientation units="degrees true">0</orientation>
        </ellipse>
      </area>
    </location>
    <nowcast-parameters>
      <mesocyclone_shear_mean units="m/s/km">2.854828</mesocyclone_shear_mean>
      <mesocyclone_shear_max units="m/s/km">3.996582</mesocyclone_shear_max>
      <mesocyclone_momentum_mean units="m/s/km">102.492516</mesocyclone_momentum_mean>
      <mesocyclone_momentum_max units="m/s/km">283.097659</mesocyclone_momentum_max>
      <mesocyclone_diameter units="km">8.750000</mesocyclone_diameter>
      <mesocyclone_diameter_equivalent units="km">7.986050</mesocyclone_diameter_equivalent>
      <mesocyclone_top units="km">8.294669</mesocyclone_top>
      <mesocyclone_base units="km">1.494886</mesocyclone_base>
      <mesocyclone_echotop units="km">10.229709</mesocyclone_echotop>
      <mesocyclone_vil units="kg/m*m">24.326040</mesocyclone_vil>
      <mesocyclone_shear_vectors>29</mesocyclone_shear_vectors>
      <mesocyclone_shear_features>3</mesocyclone_shear_features>
      <elevations>
        <elevation site="eis" units="&#176;">2.5,3.5,17.0</elevation>
      </elevations>
      <mean_dbz units="DBZ">42.92</mean_dbz>
      <max_dbz units="DBZ">57.16</max_dbz>
      <mesocyclone_velocity_max units="m/s">20.120785</mesocyclone_velocity_max>
      <mesocyclone_velocity_rotational_max units="m/s">11.515671</mesocyclone_velocity_rotational_max>
      <mesocyclone_velocity_rotational_mean units="m/s">7.876958</mesocyclone_velocity_rotational_mean>
      <mesocyclone_velocity_rotational_max_closest_to_ground units="m/s">7.309202</mesocyclone_velocity_rotational_max_closest_to_ground>
      <meso_intensity>1</meso_intensity>
    </nowcast-parameters>
  </event>
  <event ID="23">
    <time time-coordinate="UTC">2021-07-08T10:30:00</time>
    <location>
      <area>
        <ellipse>
          <moving-point>
            <latitude>47.966321</latitude>
            <longitude>11.896344</longitude>
            <polar_motion>
              <speed units="km/h">0.0</speed>
            </polar_motion>
          </moving-point>
          <major_axis units="km">13.50</major_axis>
          <minor_axis units="km">13.50</minor_axis>
          <orientation units="degrees true">0</orientation>
        </ellipse>
      </area>
    </location>
    <nowcast-parameters>
      <mesocyclone_shear_mean units="m/s/km">4.230636</mesocyclone_shear_mean>
      <mesocyclone_shear_max units="m/s/km">8.203206</mesocyclone_shear_max>
      <mesocyclone_momentum_mean units="m/s/km">79.603164</mesocyclone_momentum_mean>
      <mesocyclone_momentum_max units="m/s/km">808.385735</mesocyclone_momentum_max>
      <mesocyclone_diameter units="km">13.500000</mesocyclone_diameter>
      <mesocyclone_diameter_equivalent units="km">7.664808</mesocyclone_diameter_equivalent>
      <mesocyclone_top units="km">8.140394</mesocyclone_top>
      <mesocyclone_base units="km">2.021456</mesocyclone_base>
      <mesocyclone_echotop units="km">8.066901</mesocyclone_echotop>
      <mesocyclone_vil units="kg/m*m">5.093234</mesocyclone_vil>
      <mesocyclone_shear_vectors>38</mesocyclone_shear_vectors>
      <mesocyclone_shear_features>8</mesocyclone_shear_features>
      <elevations>
        <elevation site="eis" units="&#176;">0.5,1.5</elevation>
        <elevation site="tur" units="&#176;">0.5</elevation>
        <elevation site="isn" units="&#176;">5.5,8.0,12.0,17.0</elevation>
        <elevation site="mem" units="&#176;">1.5</elevation>
      </elevations>
      <mean_dbz units="DBZ">31.75</mean_dbz>
      <max_dbz units="DBZ">49.24</max_dbz>
      <mesocyclone_velocity_max units="m/s">31.847706</mesocyclone_velocity_max>
      <mesocyclone_velocity_rotational_max units="m/s">32.513353</mesocyclone_velocity_rotational_max>
      <mesocyclone_velocity_rotational_mean units="m/s">8.393156</mesocyclone_velocity_rotational_mean>
      <mesocyclone_velocity_rotational_max_closest_to_ground units="m/s">8.630622</mesocyclone_velocity_rotational_max_closest_to_ground>
      <meso_intensity>4</meso_intensity>
    </nowcast-parameters>
  </event>
  <event ID="78">
    <time time-coordinate="UTC">2021-07-08T10:30:00</time>
    <location>
      <area>
        <ellipse>
          <moving-point>
            <latitude>47.694076</latitude>
            <longitude>10.480329</longitude>
            <polar_motion>
              <speed units="km/h">0.0</speed>
            </polar_motion>
          </moving-point>
          <major_axis units="km">7.00</major_axis>
          <minor_axis units="km">7.00</minor_axis>
          <orientation units="degrees true">0</orientation>
        </ellipse>
      </area>
    </location>
    <nowcast-parameters>
      <mesocyclone_shear_mean units="m/s/km">3.784433</mesocyclone_shear_mean>
      <mesocyclone_shear_max units="m/s/km">6.849267</mesocyclone_shear_max>
      <mesocyclone_momentum_mean units="m/s/km">69.347525</mesocyclone_momentum_mean>
      <mesocyclone_momentum_max units="m/s/km">187.095955</mesocyclone_momentum_max>
      <mesocyclone_diameter units="km">7.000000</mesocyclone_diameter>
      <mesocyclone_diameter_equivalent units="km">4.349501</mesocyclone_diameter_equivalent>
      <mesocyclone_top units="km">3.704642</mesocyclone_top>
      <mesocyclone_base units="km">2.256457</mesocyclone_base>
      <mesocyclone_echotop units="km">7.407957</mesocyclone_echotop>
      <mesocyclone_vil units="kg/m*m">4.657065</mesocyclone_vil>
      <mesocyclone_shear_vectors>13</mesocyclone_shear_vectors>
      <mesocyclone_shear_features>2</mesocyclone_shear_features>
      <elevations>
        <elevation site="mem" units="&#176;">3.5,4.5</elevation>
      </elevations>
      <mean_dbz units="DBZ">32.45</mean_dbz>
      <max_dbz units="DBZ">46.65</max_dbz>
      <mesocyclone_velocity_max units="m/s">24.617695</mesocyclone_velocity_max>
      <mesocyclone_velocity_rotational_max units="m/s">10.983279</mesocyclone_velocity_rotational_max>
      <mesocyclone_velocity_rotational_mean units="m/s">7.411609</mesocyclone_velocity_rotational_mean>
      <mesocyclone_velocity_rotational_max_closest_to_ground units="m/s">10.983279</mesocyclone_velocity_rotational_max_closest_to_ground>
      <meso_intensity>1</meso_intensity>
    </nowcast-parameters>
  </event>
  <event ID="57">
    <time time-coordinate="UTC">2021-07-08T10:30:00</time>
    <location>
      <area>
        <ellipse>
          <moving-point>
            <latitude>47.578894</latitude>
            <longitude>10.191611</longitude>
            <polar_motion>
              <speed units="km/h">0.0</speed>
            </polar_motion>
          </moving-point>
          <major_axis units="km">4.59</major_axis>
          <minor_axis units="km">4.59</minor_axis>
          <orientation units="degrees true">0</orientation>
        </ellipse>
      </area>
    </location>
    <nowcast-parameters>
      <mesocyclone_shear_mean units="m/s/km">4.361673</mesocyclone_shear_mean>
      <mesocyclone_shear_max units="m/s/km">7.168664</mesocyclone_shear_max>
      <mesocyclone_momentum_mean units="m/s/km">68.043406</mesocyclone_momentum_mean>
      <mesocyclone_momentum_max units="m/s/km">139.145480</mesocyclone_momentum_max>
      <mesocyclone_diameter units="km">4.587477</mesocyclone_diameter>
      <mesocyclone_diameter_equivalent units="km">3.383213</mesocyclone_diameter_equivalent>
      <mesocyclone_top units="km">6.689733</mesocyclone_top>
      <mesocyclone_base units="km">4.019145</mesocyclone_base>
      <mesocyclone_echotop units="km">8.221786</mesocyclone_echotop>
      <mesocyclone_vil units="kg/m*m">6.251189</mesocyclone_vil>
      <mesocyclone_shear_vectors>9</mesocyclone_shear_vectors>
      <mesocyclone_shear_features>2</mesocyclone_shear_features>
      <elevations>
        <elevation site="isn" units="&#176;">1.5</elevation>
        <elevation site="mem" units="&#176;">5.5</elevation>
      </elevations>
      <mean_dbz units="DBZ">35.32</mean_dbz>
      <max_dbz units="DBZ">48.88</max_dbz>
      <mesocyclone_velocity_max units="m/s">31.210131</mesocyclone_velocity_max>
      <mesocyclone_velocity_rotational_max units="m/s">13.141107</mesocyclone_velocity_rotational_max>
      <mesocyclone_velocity_rotational_mean units="m/s">8.189246</mesocyclone_velocity_rotational_mean>
      <mesocyclone_velocity_rotational_max_closest_to_ground units="m/s">13.141107</mesocyclone_velocity_rotational_max_closest_to_ground>
      <meso_intensity>2</meso_intensity>
    </nowcast-parameters>
  </event>
  <event ID="66">
    <time time-coordinate="UTC">2021-07-08T10:30:00</time>
    <location>
      <area>
        <ellipse>
          <moving-point>
            <latitude>47.512347</latitude>
            <longitude>10.248557</longitude>
            <polar_motion>
              <speed units="km/h">0.0</speed>
            </polar_motion>
          </moving-point>
          <major_axis units="km">8.50</major_axis>
          <minor_axis units="km">8.50</minor_axis>
          <orientation units="degrees true">0</orientation>
        </ellipse>
      </area>
    </location>
    <nowcast-parameters>
      <mesocyclone_shear_mean units="m/s/km">4.679545</mesocyclone_shear_mean>
      <mesocyclone_shear_max units="m/s/km">9.345597</mesocyclone_shear_max>
      <mesocyclone_momentum_mean units="m/s/km">78.012171</mesocyclone_momentum_mean>
      <mesocyclone_momentum_max units="m/s/km">305.453219</mesocyclone_momentum_max>
      <mesocyclone_diameter units="km">8.500000</mesocyclone_diameter>
      <mesocyclone_diameter_equivalent units="km">4.593415</mesocyclone_diameter_equivalent>
      <mesocyclone_top units="km">5.434888</mesocyclone_top>
      <mesocyclone_base units="km">2.433086</mesocyclone_base>
      <mesocyclone_echotop units="km">8.213801</mesocyclone_echotop>
      <mesocyclone_vil units="kg/m*m">11.211809</mesocyclone_vil>
      <mesocyclone_shear_vectors>14</mesocyclone_shear_vectors>
      <mesocyclone_shear_features>2</mesocyclone_shear_features>
      <elevations>
        <elevation site="fbg" units="&#176;">0.5</elevation>
        <elevation site="mem" units="&#176;">3.5</elevation>
      </elevations>
      <mean_dbz units="DBZ">38.91</mean_dbz>
      <max_dbz units="DBZ">54.54</max_dbz>
      <mesocyclone_velocity_max units="m/s">29.919970</mesocyclone_velocity_max>
      <mesocyclone_velocity_rotational_max units="m/s">16.538040</mesocyclone_velocity_rotational_max>
      <mesocyclone_velocity_rotational_mean units="m/s">8.761905</mesocyclone_velocity_rotational_mean>
      <mesocyclone_velocity_rotational_max_closest_to_ground units="m/s">9.777610</mesocyclone_velocity_rotational_max_closest_to_ground>
      <meso_intensity>2</meso_intensity>
    </nowcast-parameters>
  </event>
  <event ID="35">
    <time time-coordinate="UTC">2021-07-08T10:30:00</time>
    <location>
      <area>
        <ellipse>
          <moving-point>
            <latitude>47.388875</latitude>
            <longitude>9.921914</longitude>
            <polar_motion>
              <speed units="km/h">0.0</speed>
            </polar_motion>
          </moving-point>
          <major_axis units="km">15.00</major_axis>
          <minor_axis units="km">15.00</minor_axis>
          <orientation units="degrees true">0</orientation>
        </ellipse>
      </area>
    </location>
    <nowcast-parameters>
      <mesocyclone_shear_mean units="m/s/km">2.480917</mesocyclone_shear_mean>
      <mesocyclone_shear_max units="m/s/km">7.393416</mesocyclone_shear_max>
      <mesocyclone_momentum_mean units="m/s/km">158.029923</mesocyclone_momentum_mean>
      <mesocyclone_momentum_max units="m/s/km">407.166936</mesocyclone_momentum_max>
      <mesocyclone_diameter units="km">15.000000</mesocyclone_diameter>
      <mesocyclone_diameter_equivalent units="km">9.858545</mesocyclone_diameter_equivalent>
      <mesocyclone_top units="km">7.388434</mesocyclone_top>
      <mesocyclone_base units="km">1.630365</mesocyclone_base>
      <mesocyclone_echotop units="km">8.164129</mesocyclone_echotop>
      <mesocyclone_vil units="kg/m*m">5.978888</mesocyclone_vil>
      <mesocyclone_shear_vectors>35</mesocyclone_shear_vectors>
      <mesocyclone_shear_features>3</mesocyclone_shear_features>
      <elevations>
        <elevation site="tur" units="&#176;">2.5</elevation>
        <elevation site="fbg" units="&#176;">0.5</elevation>
        <elevation site="mem" units="&#176;">4.5</elevation>
      </elevations>
      <mean_dbz units="DBZ">33.28</mean_dbz>
      <max_dbz units="DBZ">47.88</max_dbz>
      <mesocyclone_velocity_max units="m/s">31.095615</mesocyclone_velocity_max>
      <mesocyclone_velocity_rotational_max units="m/s">18.301682</mesocyclone_velocity_rotational_max>
      <mesocyclone_velocity_rotational_mean units="m/s">9.226764</mesocyclone_velocity_rotational_mean>
      <mesocyclone_velocity_rotational_max_closest_to_ground units="m/s">18.301682</mesocyclone_velocity_rotational_max_closest_to_ground>
      <meso_intensity>3</meso_intensity>
    </nowcast-parameters>
  </event>
  <event ID="63">
    <time time-coordinate="UTC">2021-07-08T10:30:00</time>
    <location>
      <area>
        <ellipse>
          <moving-point>
            <latitude>46.650298</latitude>
            <longitude>9.174151</longitude>
            <polar_motion>
              <speed units="km/h">0.0</speed>
            </polar_motion>
          </moving-point>
          <major_axis units="km">17.09</major_axis>
          <minor_axis units="km">17.09</minor_axis>
          <orientation units="degrees true">0</orientation>
        </ellipse>
      </area>
    </location>
    <nowcast-parameters>
      <mesocyclone_shear_mean units="m/s/km">4.515589</mesocyclone_shear_mean>
      <mesocyclone_shear_max units="m/s/km">9.374697</mesocyclone_shear_max>
      <mesocyclone_momentum_mean units="m/s/km">176.898925</mesocyclone_momentum_mean>
      <mesocyclone_momentum_max units="m/s/km">1853.541894</mesocyclone_momentum_max>
      <mesocyclone_diameter units="km">17.088605</mesocyclone_diameter>
      <mesocyclone_diameter_equivalent units="km">6.112964</mesocyclone_diameter_equivalent>
      <mesocyclone_top units="km">10.489988</mesocyclone_top>
      <mesocyclone_base units="km">0.536413</mesocyclone_base>
      <mesocyclone_echotop units="km">9.093528</mesocyclone_echotop>
      <mesocyclone_vil units="kg/m*m">8.703393</mesocyclone_vil>
      <mesocyclone_shear_vectors>16</mesocyclone_shear_vectors>
      <mesocyclone_shear_features>5</mesocyclone_shear_features>
      <elevations>
        <elevation site="fbg" units="&#176;">0.5,1.5,2.5</elevation>
        <elevation site="mem" units="&#176;">0.5,2.5</elevation>
      </elevations>
      <mean_dbz units="DBZ">36.46</mean_dbz>
      <max_dbz units="DBZ">48.39</max_dbz>
      <mesocyclone_velocity_max units="m/s">31.714558</mesocyclone_velocity_max>
      <mesocyclone_velocity_rotational_max units="m/s">42.871058</mesocyclone_velocity_rotational_max>
      <mesocyclone_velocity_rotational_mean units="m/s">10.988408</mesocyclone_velocity_rotational_mean>
      <mesocyclone_velocity_rotational_max_closest_to_ground units="m/s">16.411796</mesocyclone_velocity_rotational_max_closest_to_ground>
      <meso_intensity>5</meso_intensity>
    </nowcast-parameters>
  </event>
</nowcast-data>
