<?xml version="1.0" encoding="UTF-8"?>
<nowcast-data>
  <radar-stations>ASB,BOO,ROS,HNR,UMD,PRO,ESS,FLD,DRS,NEU,NHB,OFT,EIS,TUR,ISN,FBG,MEM</radar-stations>
  <event ID="31">
    <time time-coordinate="UTC">2021-07-06T23:00:00</time>
    <location>
      <area>
        <ellipse>
          <moving-point>
            <latitude>50.698684</latitude>
            <longitude>13.407282</longitude>
            <polar_motion>
              <speed units="km/h">0.0</speed>
            </polar_motion>
          </moving-point>
          <major_axis units="km">3.77</major_axis>
          <minor_axis units="km">3.77</minor_axis>
          <orientation units="degrees true">0</orientation>
        </ellipse>
      </area>
    </location>
    <nowcast-parameters>
      <mesocyclone_shear_mean units="m/s/km">5.340676</mesocyclone_shear_mean>
      <mesocyclone_shear_max units="m/s/km">8.569318</mesocyclone_shear_max>
      <mesocyclone_momentum_mean units="m/s/km">50.988274</mesocyclone_momentum_mean>
      <mesocyclone_momentum_max units="m/s/km">113.758814</mesocyclone_momentum_max>
      <mesocyclone_diameter units="km">3.765954</mesocyclone_diameter>
      <mesocyclone_diameter_equivalent units="km">3.521684</mesocyclone_diameter_equivalent>
      <mesocyclone_top units="km">4.618338</mesocyclone_top>
      <mesocyclone_base units="km">1.444852</mesocyclone_base>
      <mesocyclone_echotop units="km">6.105159</mesocyclone_echotop>
      <mesocyclone_vil units="kg/m*m">6.985986</mesocyclone_vil>
      <mesocyclone_shear_vectors>12</mesocyclone_shear_vectors>
      <mesocyclone_shear_features>2</mesocyclone_shear_features>
      <elevations>
        <elevation site="neu" units="&#176;">0.5</elevation>
        <elevation site="eis" units="&#176;">0.5</elevation>
      </elevations>
      <mean_dbz units="DBZ">35.87</mean_dbz>
      <max_dbz units="DBZ">50.01</max_dbz>
      <mesocyclone_velocity_max units="m/s">28.606709</mesocyclone_velocity_max>
      <mesocyclone_velocity_rotational_max units="m/s">11.341867</mesocyclone_velocity_rotational_max>
      <mesocyclone_velocity_rotational_mean units="m/s">7.971232</mesocyclone_velocity_rotational_mean>
      <mesocyclone_velocity_rotational_max_closest_to_ground units="m/s">11.341867</mesocyclone_velocity_rotational_max_closest_to_ground>
      <meso_intensity>2</meso_intensity>
    </nowcast-parameters>
  </event>
</nowcast-data>
