<?xml version="1.0" encoding="UTF-8"?>
<nowcast-data>
  <radar-stations>ASB,BOO,ROS,HNR,UMD,PRO,ESS,FLD,DRS,NEU,NHB,OFT,EIS,TUR,ISN,FBG,MEM</radar-stations>
  <event ID="26">
    <time time-coordinate="UTC">2021-07-08T15:45:00</time>
    <location>
      <area>
        <ellipse>
          <moving-point>
            <latitude>50.980012</latitude>
            <longitude>8.868951</longitude>
            <polar_motion>
              <speed units="km/h">0.0</speed>
            </polar_motion>
          </moving-point>
          <major_axis units="km">4.00</major_axis>
          <minor_axis units="km">4.00</minor_axis>
          <orientation units="degrees true">0</orientation>
        </ellipse>
      </area>
    </location>
    <nowcast-parameters>
      <mesocyclone_shear_mean units="m/s/km">4.189979</mesocyclone_shear_mean>
      <mesocyclone_shear_max units="m/s/km">6.353569</mesocyclone_shear_max>
      <mesocyclone_momentum_mean units="m/s/km">53.742967</mesocyclone_momentum_mean>
      <mesocyclone_momentum_max units="m/s/km">93.717730</mesocyclone_momentum_max>
      <mesocyclone_diameter units="km">4.000000</mesocyclone_diameter>
      <mesocyclone_diameter_equivalent units="km">4.068160</mesocyclone_diameter_equivalent>
      <mesocyclone_top units="km">5.812818</mesocyclone_top>
      <mesocyclone_base units="km">0.381733</mesocyclone_base>
      <mesocyclone_echotop units="km">7.214621</mesocyclone_echotop>
      <mesocyclone_vil units="kg/m*m">25.266015</mesocyclone_vil>
      <mesocyclone_shear_vectors>14</mesocyclone_shear_vectors>
      <mesocyclone_shear_features>2</mesocyclone_shear_features>
      <elevations>
        <elevation site="fld" units="&#176;">0.5,8.0</elevation>
      </elevations>
      <mean_dbz units="DBZ">43.14</mean_dbz>
      <max_dbz units="DBZ">59.86</max_dbz>
      <mesocyclone_velocity_max units="m/s">17.768929</mesocyclone_velocity_max>
      <mesocyclone_velocity_rotational_max units="m/s">10.333702</mesocyclone_velocity_rotational_max>
      <mesocyclone_velocity_rotational_mean units="m/s">7.360757</mesocyclone_velocity_rotational_mean>
      <mesocyclone_velocity_rotational_max_closest_to_ground units="m/s">6.048996</mesocyclone_velocity_rotational_max_closest_to_ground>
      <meso_intensity>1</meso_intensity>
    </nowcast-parameters>
  </event>
  <event ID="62">
    <time time-coordinate="UTC">2021-07-08T15:45:00</time>
    <location>
      <area>
        <ellipse>
          <moving-point>
            <latitude>49.185542</latitude>
            <longitude>13.806429</longitude>
            <polar_motion>
              <speed units="km/h">0.0</speed>
            </polar_motion>
          </moving-point>
          <major_axis units="km">6.00</major_axis>
          <minor_axis units="km">6.00</minor_axis>
          <orientation units="degrees true">0</orientation>
        </ellipse>
      </area>
    </location>
    <nowcast-parameters>
      <mesocyclone_shear_mean units="m/s/km">4.196211</mesocyclone_shear_mean>
      <mesocyclone_shear_max units="m/s/km">7.081774</mesocyclone_shear_max>
      <mesocyclone_momentum_mean units="m/s/km">63.152421</mesocyclone_momentum_mean>
      <mesocyclone_momentum_max units="m/s/km">126.850263</mesocyclone_momentum_max>
      <mesocyclone_diameter units="km">6.000000</mesocyclone_diameter>
      <mesocyclone_diameter_equivalent units="km">3.745109</mesocyclone_diameter_equivalent>
      <mesocyclone_top units="km">10.580773</mesocyclone_top>
      <mesocyclone_base units="km">4.695801</mesocyclone_base>
      <mesocyclone_echotop units="km">9.535761</mesocyclone_echotop>
      <mesocyclone_vil units="kg/m*m">83.687126</mesocyclone_vil>
      <mesocyclone_shear_vectors>12</mesocyclone_shear_vectors>
      <mesocyclone_shear_features>2</mesocyclone_shear_features>
      <elevations>
        <elevation site="eis" units="&#176;">2.5</elevation>
        <elevation site="isn" units="&#176;">2.5</elevation>
      </elevations>
      <mean_dbz units="DBZ">54.01</mean_dbz>
      <max_dbz units="DBZ">64.85</max_dbz>
      <mesocyclone_velocity_max units="m/s">30.451992</mesocyclone_velocity_max>
      <mesocyclone_velocity_rotational_max units="m/s">10.361259</mesocyclone_velocity_rotational_max>
      <mesocyclone_velocity_rotational_mean units="m/s">7.595467</mesocyclone_velocity_rotational_mean>
      <mesocyclone_velocity_rotational_max_closest_to_ground units="m/s">8.821453</mesocyclone_velocity_rotational_max_closest_to_ground>
      <meso_intensity>2</meso_intensity>
    </nowcast-parameters>
  </event>
  <event ID="49">
    <time time-coordinate="UTC">2021-07-08T15:45:00</time>
    <location>
      <area>
        <ellipse>
          <moving-point>
            <latitude>48.918481</latitude>
            <longitude>13.693557</longitude>
            <polar_motion>
              <speed units="km/h">0.0</speed>
            </polar_motion>
          </moving-point>
          <major_axis units="km">10.95</major_axis>
          <minor_axis units="km">10.95</minor_axis>
          <orientation units="degrees true">0</orientation>
        </ellipse>
      </area>
    </location>
    <nowcast-parameters>
      <mesocyclone_shear_mean units="m/s/km">4.219071</mesocyclone_shear_mean>
      <mesocyclone_shear_max units="m/s/km">13.937349</mesocyclone_shear_max>
      <mesocyclone_momentum_mean units="m/s/km">127.072326</mesocyclone_momentum_mean>
      <mesocyclone_momentum_max units="m/s/km">572.726064</mesocyclone_momentum_max>
      <mesocyclone_diameter units="km">10.948188</mesocyclone_diameter>
      <mesocyclone_diameter_equivalent units="km">5.433288</mesocyclone_diameter_equivalent>
      <mesocyclone_top units="km">9.027226</mesocyclone_top>
      <mesocyclone_base units="km">2.696486</mesocyclone_base>
      <mesocyclone_echotop units="km">12.473253</mesocyclone_echotop>
      <mesocyclone_vil units="kg/m*m">106.522741</mesocyclone_vil>
      <mesocyclone_shear_vectors>14</mesocyclone_shear_vectors>
      <mesocyclone_shear_features>4</mesocyclone_shear_features>
      <elevations>
        <elevation site="eis" units="&#176;">1.5,2.5,3.5</elevation>
        <elevation site="isn" units="&#176;">2.5</elevation>
      </elevations>
      <mean_dbz units="DBZ">52.55</mean_dbz>
      <max_dbz units="DBZ">67.58</max_dbz>
      <mesocyclone_velocity_max units="m/s">30.957420</mesocyclone_velocity_max>
      <mesocyclone_velocity_rotational_max units="m/s">17.138821</mesocyclone_velocity_rotational_max>
      <mesocyclone_velocity_rotational_mean units="m/s">9.442711</mesocyclone_velocity_rotational_mean>
      <mesocyclone_velocity_rotational_max_closest_to_ground units="m/s">13.988302</mesocyclone_velocity_rotational_max_closest_to_ground>
      <meso_intensity>3</meso_intensity>
    </nowcast-parameters>
  </event>
  <event ID="52">
    <time time-coordinate="UTC">2021-07-08T15:45:00</time>
    <location>
      <area>
        <ellipse>
          <moving-point>
            <latitude>48.782115</latitude>
            <longitude>14.139514</longitude>
            <polar_motion>
              <speed units="km/h">0.0</speed>
            </polar_motion>
          </moving-point>
          <major_axis units="km">5.50</major_axis>
          <minor_axis units="km">5.50</minor_axis>
          <orientation units="degrees true">0</orientation>
        </ellipse>
      </area>
    </location>
    <nowcast-parameters>
      <mesocyclone_shear_mean units="m/s/km">5.335908</mesocyclone_shear_mean>
      <mesocyclone_shear_max units="m/s/km">8.508914</mesocyclone_shear_max>
      <mesocyclone_momentum_mean units="m/s/km">55.482692</mesocyclone_momentum_mean>
      <mesocyclone_momentum_max units="m/s/km">141.344789</mesocyclone_momentum_max>
      <mesocyclone_diameter units="km">5.500000</mesocyclone_diameter>
      <mesocyclone_diameter_equivalent units="km">3.653698</mesocyclone_diameter_equivalent>
      <mesocyclone_top units="km">6.528658</mesocyclone_top>
      <mesocyclone_base units="km">1.368654</mesocyclone_base>
      <mesocyclone_echotop units="km">11.586620</mesocyclone_echotop>
      <mesocyclone_vil units="kg/m*m">60.395991</mesocyclone_vil>
      <mesocyclone_shear_vectors>13</mesocyclone_shear_vectors>
      <mesocyclone_shear_features>2</mesocyclone_shear_features>
      <elevations>
        <elevation site="eis" units="&#176;">0.5,1.5</elevation>
      </elevations>
      <mean_dbz units="DBZ">49.89</mean_dbz>
      <max_dbz units="DBZ">62.95</max_dbz>
      <mesocyclone_velocity_max units="m/s">23.565876</mesocyclone_velocity_max>
      <mesocyclone_velocity_rotational_max units="m/s">13.232178</mesocyclone_velocity_rotational_max>
      <mesocyclone_velocity_rotational_mean units="m/s">7.963311</mesocyclone_velocity_rotational_mean>
      <mesocyclone_velocity_rotational_max_closest_to_ground units="m/s">13.232178</mesocyclone_velocity_rotational_max_closest_to_ground>
      <meso_intensity>2</meso_intensity>
    </nowcast-parameters>
  </event>
  <event ID="59">
    <time time-coordinate="UTC">2021-07-08T15:45:00</time>
    <location>
      <area>
        <ellipse>
          <moving-point>
            <latitude>47.945961</latitude>
            <longitude>11.729111</longitude>
            <polar_motion>
              <speed units="km/h">0.0</speed>
            </polar_motion>
          </moving-point>
          <major_axis units="km">22.50</major_axis>
          <minor_axis units="km">22.50</minor_axis>
          <orientation units="degrees true">0</orientation>
        </ellipse>
      </area>
    </location>
    <nowcast-parameters>
      <mesocyclone_shear_mean units="m/s/km">3.076993</mesocyclone_shear_mean>
      <mesocyclone_shear_max units="m/s/km">6.943742</mesocyclone_shear_max>
      <mesocyclone_momentum_mean units="m/s/km">137.992300</mesocyclone_momentum_mean>
      <mesocyclone_momentum_max units="m/s/km">731.653736</mesocyclone_momentum_max>
      <mesocyclone_diameter units="km">22.500000</mesocyclone_diameter>
      <mesocyclone_diameter_equivalent units="km">14.138952</mesocyclone_diameter_equivalent>
      <mesocyclone_top units="km">10.641034</mesocyclone_top>
      <mesocyclone_base units="km">2.623291</mesocyclone_base>
      <mesocyclone_echotop units="km">10.371667</mesocyclone_echotop>
      <mesocyclone_vil units="kg/m*m">7.014190</mesocyclone_vil>
      <mesocyclone_shear_vectors>81</mesocyclone_shear_vectors>
      <mesocyclone_shear_features>8</mesocyclone_shear_features>
      <elevations>
        <elevation site="eis" units="&#176;">1.5,2.5</elevation>
        <elevation site="isn" units="&#176;">3.5,4.5,5.5,8.0,12.0,17.0</elevation>
      </elevations>
      <mean_dbz units="DBZ">29.32</mean_dbz>
      <max_dbz units="DBZ">51.99</max_dbz>
      <mesocyclone_velocity_max units="m/s">32.101479</mesocyclone_velocity_max>
      <mesocyclone_velocity_rotational_max units="m/s">18.651844</mesocyclone_velocity_rotational_max>
      <mesocyclone_velocity_rotational_mean units="m/s">8.977279</mesocyclone_velocity_rotational_mean>
      <mesocyclone_velocity_rotational_max_closest_to_ground units="m/s">9.729475</mesocyclone_velocity_rotational_max_closest_to_ground>
      <meso_intensity>3</meso_intensity>
    </nowcast-parameters>
  </event>
  <event ID="75">
    <time time-coordinate="UTC">2021-07-08T15:45:00</time>
    <location>
      <area>
        <ellipse>
          <moving-point>
            <latitude>47.726593</latitude>
            <longitude>12.363922</longitude>
            <polar_motion>
              <speed units="km/h">0.0</speed>
            </polar_motion>
          </moving-point>
          <major_axis units="km">12.50</major_axis>
          <minor_axis units="km">12.50</minor_axis>
          <orientation units="degrees true">0</orientation>
        </ellipse>
      </area>
    </location>
    <nowcast-parameters>
      <mesocyclone_shear_mean units="m/s/km">4.249609</mesocyclone_shear_mean>
      <mesocyclone_shear_max units="m/s/km">13.089745</mesocyclone_shear_max>
      <mesocyclone_momentum_mean units="m/s/km">88.743123</mesocyclone_momentum_mean>
      <mesocyclone_momentum_max units="m/s/km">301.261175</mesocyclone_momentum_max>
      <mesocyclone_diameter units="km">12.500000</mesocyclone_diameter>
      <mesocyclone_diameter_equivalent units="km">6.477448</mesocyclone_diameter_equivalent>
      <mesocyclone_top units="km">4.546498</mesocyclone_top>
      <mesocyclone_base units="km">1.045285</mesocyclone_base>
      <mesocyclone_echotop units="km">5.428459</mesocyclone_echotop>
      <mesocyclone_vil units="kg/m*m">25.590618</mesocyclone_vil>
      <mesocyclone_shear_vectors>24</mesocyclone_shear_vectors>
      <mesocyclone_shear_features>4</mesocyclone_shear_features>
      <elevations>
        <elevation site="isn" units="&#176;">2.5,3.5,4.5</elevation>
        <elevation site="mem" units="&#176;">0.5</elevation>
      </elevations>
      <mean_dbz units="DBZ">44.51</mean_dbz>
      <max_dbz units="DBZ">61.04</max_dbz>
      <mesocyclone_velocity_max units="m/s">29.188421</mesocyclone_velocity_max>
      <mesocyclone_velocity_rotational_max units="m/s">19.062933</mesocyclone_velocity_rotational_max>
      <mesocyclone_velocity_rotational_mean units="m/s">8.945792</mesocyclone_velocity_rotational_mean>
      <mesocyclone_velocity_rotational_max_closest_to_ground units="m/s">19.062933</mesocyclone_velocity_rotational_max_closest_to_ground>
      <meso_intensity>3</meso_intensity>
    </nowcast-parameters>
  </event>
  <event ID="67">
    <time time-coordinate="UTC">2021-07-08T15:45:00</time>
    <location>
      <area>
        <ellipse>
          <moving-point>
            <latitude>47.518487</latitude>
            <longitude>11.551572</longitude>
            <polar_motion>
              <speed units="km/h">0.0</speed>
            </polar_motion>
          </moving-point>
          <major_axis units="km">8.75</major_axis>
          <minor_axis units="km">8.75</minor_axis>
          <orientation units="degrees true">0</orientation>
        </ellipse>
      </area>
    </location>
    <nowcast-parameters>
      <mesocyclone_shear_mean units="m/s/km">3.819006</mesocyclone_shear_mean>
      <mesocyclone_shear_max units="m/s/km">15.675353</mesocyclone_shear_max>
      <mesocyclone_momentum_mean units="m/s/km">93.329902</mesocyclone_momentum_mean>
      <mesocyclone_momentum_max units="m/s/km">304.185755</mesocyclone_momentum_max>
      <mesocyclone_diameter units="km">8.750000</mesocyclone_diameter>
      <mesocyclone_diameter_equivalent units="km">7.612558</mesocyclone_diameter_equivalent>
      <mesocyclone_top units="km">8.661972</mesocyclone_top>
      <mesocyclone_base units="km">1.127063</mesocyclone_base>
      <mesocyclone_echotop units="km">8.899380</mesocyclone_echotop>
      <mesocyclone_vil units="kg/m*m">5.185009</mesocyclone_vil>
      <mesocyclone_shear_vectors>27</mesocyclone_shear_vectors>
      <mesocyclone_shear_features>5</mesocyclone_shear_features>
      <elevations>
        <elevation site="tur" units="&#176;">0.5</elevation>
        <elevation site="isn" units="&#176;">1.5,3.5,4.5,5.5</elevation>
      </elevations>
      <mean_dbz units="DBZ">30.83</mean_dbz>
      <max_dbz units="DBZ">47.91</max_dbz>
      <mesocyclone_velocity_max units="m/s">31.968271</mesocyclone_velocity_max>
      <mesocyclone_velocity_rotational_max units="m/s">14.910103</mesocyclone_velocity_rotational_max>
      <mesocyclone_velocity_rotational_mean units="m/s">8.058868</mesocyclone_velocity_rotational_mean>
      <mesocyclone_velocity_rotational_max_closest_to_ground units="m/s">13.141109</mesocyclone_velocity_rotational_max_closest_to_ground>
      <meso_intensity>3</meso_intensity>
    </nowcast-parameters>
  </event>
</nowcast-data>
