<?xml version="1.0" encoding="UTF-8"?>
<nowcast-data>
  <radar-stations>ASB,BOO,ROS,HNR,UMD,PRO,ESS,FLD,DRS,NEU,NHB,OFT,EIS,TUR,ISN,FBG,MEM</radar-stations>
  <event ID="20">
    <time time-coordinate="UTC">2021-07-07T23:20:00</time>
    <location>
      <area>
        <ellipse>
          <moving-point>
            <latitude>47.748300</latitude>
            <longitude>9.618921</longitude>
            <polar_motion>
              <speed units="km/h">0.0</speed>
            </polar_motion>
          </moving-point>
          <major_axis units="km">12.75</major_axis>
          <minor_axis units="km">12.75</minor_axis>
          <orientation units="degrees true">0</orientation>
        </ellipse>
      </area>
    </location>
    <nowcast-parameters>
      <mesocyclone_shear_mean units="m/s/km">2.355330</mesocyclone_shear_mean>
      <mesocyclone_shear_max units="m/s/km">5.257803</mesocyclone_shear_max>
      <mesocyclone_momentum_mean units="m/s/km">117.326267</mesocyclone_momentum_mean>
      <mesocyclone_momentum_max units="m/s/km">183.401354</mesocyclone_momentum_max>
      <mesocyclone_diameter units="km">12.750000</mesocyclone_diameter>
      <mesocyclone_diameter_equivalent units="km">8.065004</mesocyclone_diameter_equivalent>
      <mesocyclone_top units="km">4.110330</mesocyclone_top>
      <mesocyclone_base units="km">2.452142</mesocyclone_base>
      <mesocyclone_echotop units="km">5.181649</mesocyclone_echotop>
      <mesocyclone_vil units="kg/m*m">3.488512</mesocyclone_vil>
      <mesocyclone_shear_vectors>27</mesocyclone_shear_vectors>
      <mesocyclone_shear_features>2</mesocyclone_shear_features>
      <elevations>
        <elevation site="mem" units="&#176;">2.5,3.5</elevation>
      </elevations>
      <mean_dbz units="DBZ">31.69</mean_dbz>
      <max_dbz units="DBZ">47.83</max_dbz>
      <mesocyclone_velocity_max units="m/s">23.102760</mesocyclone_velocity_max>
      <mesocyclone_velocity_rotational_max units="m/s">14.896862</mesocyclone_velocity_rotational_max>
      <mesocyclone_velocity_rotational_mean units="m/s">8.089959</mesocyclone_velocity_rotational_mean>
      <mesocyclone_velocity_rotational_max_closest_to_ground units="m/s">14.896862</mesocyclone_velocity_rotational_max_closest_to_ground>
      <meso_intensity>1</meso_intensity>
    </nowcast-parameters>
  </event>
</nowcast-data>
