<?xml version="1.0" encoding="UTF-8"?>
<nowcast-data>
  <radar-stations>ASB,BOO,ROS,HNR,UMD,PRO,ESS,FLD,DRS,NEU,NHB,OFT,EIS,TUR,ISN,FBG,MEM</radar-stations>
  <event ID="9">
    <time time-coordinate="UTC">2021-07-08T01:35:00</time>
    <location>
      <area>
        <ellipse>
          <moving-point>
            <latitude>48.775286</latitude>
            <longitude>10.896512</longitude>
            <polar_motion>
              <speed units="km/h">0.0</speed>
            </polar_motion>
          </moving-point>
          <major_axis units="km">12.25</major_axis>
          <minor_axis units="km">12.25</minor_axis>
          <orientation units="degrees true">0</orientation>
        </ellipse>
      </area>
    </location>
    <nowcast-parameters>
      <mesocyclone_shear_mean units="m/s/km">4.156111</mesocyclone_shear_mean>
      <mesocyclone_shear_max units="m/s/km">9.383149</mesocyclone_shear_max>
      <mesocyclone_momentum_mean units="m/s/km">86.660414</mesocyclone_momentum_mean>
      <mesocyclone_momentum_max units="m/s/km">603.479294</mesocyclone_momentum_max>
      <mesocyclone_diameter units="km">12.250000</mesocyclone_diameter>
      <mesocyclone_diameter_equivalent units="km">7.100467</mesocyclone_diameter_equivalent>
      <mesocyclone_top units="km">6.365406</mesocyclone_top>
      <mesocyclone_base units="km">3.539421</mesocyclone_base>
      <mesocyclone_echotop units="km">6.510433</mesocyclone_echotop>
      <mesocyclone_vil units="kg/m*m">6.504551</mesocyclone_vil>
      <mesocyclone_shear_vectors>25</mesocyclone_shear_vectors>
      <mesocyclone_shear_features>4</mesocyclone_shear_features>
      <elevations>
        <elevation site="eis" units="&#176;">1.5</elevation>
        <elevation site="tur" units="&#176;">2.5,3.5</elevation>
        <elevation site="mem" units="&#176;">2.5</elevation>
      </elevations>
      <mean_dbz units="DBZ">38.32</mean_dbz>
      <max_dbz units="DBZ">53.49</max_dbz>
      <mesocyclone_velocity_max units="m/s">31.127127</mesocyclone_velocity_max>
      <mesocyclone_velocity_rotational_max units="m/s">18.273010</mesocyclone_velocity_rotational_max>
      <mesocyclone_velocity_rotational_mean units="m/s">8.256342</mesocyclone_velocity_rotational_mean>
      <mesocyclone_velocity_rotational_max_closest_to_ground units="m/s">8.122936</mesocyclone_velocity_rotational_max_closest_to_ground>
      <meso_intensity>2</meso_intensity>
    </nowcast-parameters>
  </event>
</nowcast-data>
