<?xml version="1.0" encoding="UTF-8"?>
<nowcast-data>
  <radar-stations>ASB,BOO,ROS,HNR,UMD,PRO,ESS,FLD,DRS,NEU,NHB,OFT,EIS,TUR,ISN,FBG,MEM</radar-stations>
  <event ID="55">
    <time time-coordinate="UTC">2021-07-06T22:55:00</time>
    <location>
      <area>
        <ellipse>
          <moving-point>
            <latitude>47.009346</latitude>
            <longitude>9.816460</longitude>
            <polar_motion>
              <speed units="km/h">0.0</speed>
            </polar_motion>
          </moving-point>
          <major_axis units="km">5.47</major_axis>
          <minor_axis units="km">5.47</minor_axis>
          <orientation units="degrees true">0</orientation>
        </ellipse>
      </area>
    </location>
    <nowcast-parameters>
      <mesocyclone_shear_mean units="m/s/km">4.783442</mesocyclone_shear_mean>
      <mesocyclone_shear_max units="m/s/km">8.449008</mesocyclone_shear_max>
      <mesocyclone_momentum_mean units="m/s/km">62.691787</mesocyclone_momentum_mean>
      <mesocyclone_momentum_max units="m/s/km">233.197992</mesocyclone_momentum_max>
      <mesocyclone_diameter units="km">5.467570</mesocyclone_diameter>
      <mesocyclone_diameter_equivalent units="km">3.263857</mesocyclone_diameter_equivalent>
      <mesocyclone_top units="km">3.957219</mesocyclone_top>
      <mesocyclone_base units="km">0.531280</mesocyclone_base>
      <mesocyclone_echotop units="km">5.012594</mesocyclone_echotop>
      <mesocyclone_vil units="kg/m*m">7.694061</mesocyclone_vil>
      <mesocyclone_shear_vectors>9</mesocyclone_shear_vectors>
      <mesocyclone_shear_features>2</mesocyclone_shear_features>
      <elevations>
        <elevation site="tur" units="&#176;">0.5</elevation>
        <elevation site="fbg" units="&#176;">0.5</elevation>
      </elevations>
      <mean_dbz units="DBZ">39.43</mean_dbz>
      <max_dbz units="DBZ">52.33</max_dbz>
      <mesocyclone_velocity_max units="m/s">31.857140</mesocyclone_velocity_max>
      <mesocyclone_velocity_rotational_max units="m/s">12.945934</mesocyclone_velocity_rotational_max>
      <mesocyclone_velocity_rotational_mean units="m/s">8.072065</mesocyclone_velocity_rotational_mean>
      <mesocyclone_velocity_rotational_max_closest_to_ground units="m/s">12.945934</mesocyclone_velocity_rotational_max_closest_to_ground>
      <meso_intensity>2</meso_intensity>
    </nowcast-parameters>
  </event>
</nowcast-data>
