<?xml version="1.0" encoding="UTF-8"?>
<nowcast-data>
  <radar-stations>ASB,BOO,ROS,HNR,UMD,PRO,ESS,FLD,DRS,NEU,NHB,OFT,EIS,TUR,ISN,FBG,MEM</radar-stations>
  <event ID="13">
    <time time-coordinate="UTC">2021-07-08T09:55:00</time>
    <location>
      <area>
        <ellipse>
          <moving-point>
            <latitude>49.417484</latitude>
            <longitude>11.782065</longitude>
            <polar_motion>
              <speed units="km/h">0.0</speed>
            </polar_motion>
          </moving-point>
          <major_axis units="km">10.10</major_axis>
          <minor_axis units="km">10.10</minor_axis>
          <orientation units="degrees true">0</orientation>
        </ellipse>
      </area>
    </location>
    <nowcast-parameters>
      <mesocyclone_shear_mean units="m/s/km">3.297263</mesocyclone_shear_mean>
      <mesocyclone_shear_max units="m/s/km">6.534894</mesocyclone_shear_max>
      <mesocyclone_momentum_mean units="m/s/km">91.711913</mesocyclone_momentum_mean>
      <mesocyclone_momentum_max units="m/s/km">324.637241</mesocyclone_momentum_max>
      <mesocyclone_diameter units="km">10.103700</mesocyclone_diameter>
      <mesocyclone_diameter_equivalent units="km">6.351026</mesocyclone_diameter_equivalent>
      <mesocyclone_top units="km">9.046703</mesocyclone_top>
      <mesocyclone_base units="km">2.100673</mesocyclone_base>
      <mesocyclone_echotop units="km">9.377009</mesocyclone_echotop>
      <mesocyclone_vil units="kg/m*m">43.660557</mesocyclone_vil>
      <mesocyclone_shear_vectors>15</mesocyclone_shear_vectors>
      <mesocyclone_shear_features>3</mesocyclone_shear_features>
      <elevations>
        <elevation site="eis" units="&#176;">2.5,3.5,12.0</elevation>
      </elevations>
      <mean_dbz units="DBZ">47.95</mean_dbz>
      <max_dbz units="DBZ">64.59</max_dbz>
      <mesocyclone_velocity_max units="m/s">32.016098</mesocyclone_velocity_max>
      <mesocyclone_velocity_rotational_max units="m/s">11.768763</mesocyclone_velocity_rotational_max>
      <mesocyclone_velocity_rotational_mean units="m/s">7.479393</mesocyclone_velocity_rotational_mean>
      <mesocyclone_velocity_rotational_max_closest_to_ground units="m/s">8.317369</mesocyclone_velocity_rotational_max_closest_to_ground>
      <meso_intensity>1</meso_intensity>
    </nowcast-parameters>
  </event>
  <event ID="15">
    <time time-coordinate="UTC">2021-07-08T09:55:00</time>
    <location>
      <area>
        <ellipse>
          <moving-point>
            <latitude>49.321645</latitude>
            <longitude>11.852856</longitude>
            <polar_motion>
              <speed units="km/h">0.0</speed>
            </polar_motion>
          </moving-point>
          <major_axis units="km">8.25</major_axis>
          <minor_axis units="km">8.25</minor_axis>
          <orientation units="degrees true">0</orientation>
        </ellipse>
      </area>
    </location>
    <nowcast-parameters>
      <mesocyclone_shear_mean units="m/s/km">3.673398</mesocyclone_shear_mean>
      <mesocyclone_shear_max units="m/s/km">7.584564</mesocyclone_shear_max>
      <mesocyclone_momentum_mean units="m/s/km">94.136661</mesocyclone_momentum_mean>
      <mesocyclone_momentum_max units="m/s/km">195.296653</mesocyclone_momentum_max>
      <mesocyclone_diameter units="km">8.250000</mesocyclone_diameter>
      <mesocyclone_diameter_equivalent units="km">5.965024</mesocyclone_diameter_equivalent>
      <mesocyclone_top units="km">8.059328</mesocyclone_top>
      <mesocyclone_base units="km">3.789591</mesocyclone_base>
      <mesocyclone_echotop units="km">6.696854</mesocyclone_echotop>
      <mesocyclone_vil units="kg/m*m">14.056866</mesocyclone_vil>
      <mesocyclone_shear_vectors>16</mesocyclone_shear_vectors>
      <mesocyclone_shear_features>3</mesocyclone_shear_features>
      <elevations>
        <elevation site="eis" units="&#176;">4.5,5.5</elevation>
        <elevation site="tur" units="&#176;">1.5</elevation>
      </elevations>
      <mean_dbz units="DBZ">39.72</mean_dbz>
      <max_dbz units="DBZ">57.94</max_dbz>
      <mesocyclone_velocity_max units="m/s">31.857140</mesocyclone_velocity_max>
      <mesocyclone_velocity_rotational_max units="m/s">12.819010</mesocyclone_velocity_rotational_max>
      <mesocyclone_velocity_rotational_mean units="m/s">8.599531</mesocyclone_velocity_rotational_mean>
      <mesocyclone_velocity_rotational_max_closest_to_ground units="m/s">8.443390</mesocyclone_velocity_rotational_max_closest_to_ground>
      <meso_intensity>2</meso_intensity>
    </nowcast-parameters>
  </event>
</nowcast-data>
